Godot Engine v4.7.2.stable.official.ed1daf0bf - https://godotengine.org

[   0% ] [90m[1mfirst_scan_filesystem[22m | Started Project initialization (5 steps)[39m[0m
[   0% ] [90m[1mfirst_scan_filesystem[22m | Scanning file structure...[39m[0m
[  16% ] [90m[1mfirst_scan_filesystem[22m | Loading global class names...[39m[0m
[  33% ] [90m[1mfirst_scan_filesystem[22m | Verifying GDExtensions...[39m[0m
[  50% ] [90m[1mfirst_scan_filesystem[22m | Creating autoload scripts...[39m[0m
[  66% ] [90m[1mfirst_scan_filesystem[22m | Initializing plugins...[39m[0m
[  83% ] [90m[1mfirst_scan_filesystem[22m | Starting file scan...[39m[0m
[92m[ DONE ][39m [1mfirst_scan_filesystem[22m
[0m
[   0% ] [90m[1mupdate_scripts_classes[22m | Started Registering global classes... (10 steps)[39m[0m
[   0% ] [90m[1mupdate_scripts_classes[22m | Breakthrough[39m[0m
[   9% ] [90m[1mupdate_scripts_classes[22m | BodyAdvancement[39m[0m
[  18% ] [90m[1mupdate_scripts_classes[22m | MindProvider[39m[0m
[  27% ] [90m[1mupdate_scripts_classes[22m | QiAdvancement[39m[0m
[  36% ] [90m[1mupdate_scripts_classes[22m | QiBreakthroughTransaction[39m[0m
[  45% ] [90m[1mupdate_scripts_classes[22m | [39m[0m
[  54% ] [90m[1mupdate_scripts_classes[22m | [39m[0m
[  63% ] [90m[1mupdate_scripts_classes[22m | [39m[0m
[  72% ] [90m[1mupdate_scripts_classes[22m | [39m[0m
[  81% ] [90m[1mupdate_scripts_classes[22m | [39m[0m
[92m[ DONE ][39m [1mupdate_scripts_classes[22m
[0m
[   0% ] [90m[1mloading_editor_layout[22m | Started Loading editor (5 steps)[39m[0m
[   0% ] [90m[1mloading_editor_layout[22m | Loading editor layout...[39m[0m
[  16% ] [90m[1mloading_editor_layout[22m | Loading docks...[39m[0m
[92m[ DONE ][39m [1mloading_editor_layout[22m
[0m
Godot Engine v4.7.2.stable.official.ed1daf0bf - https://godotengine.org

ERROR: res://tests/core/test_ascension_state.gd :: blocked with incomplete ascension: expected false, got true
   at: push_error (core/variant/variant_utility.cpp:1023)
   GDScript backtrace (most recent call first):
       [0] _initialize (res://tests/run_tests.gd:28)
ERROR: res://tests/core/test_ascension_state.gd :: unchanged: expected transcendent, got dao_ancestor
   at: push_error (core/variant/variant_utility.cpp:1023)
   GDScript backtrace (most recent call first):
       [0] _initialize (res://tests/run_tests.gd:28)
ERROR: res://tests/core/test_ascension_state.gd :: blocked without ascension: expected false, got true
   at: push_error (core/variant/variant_utility.cpp:1023)
   GDScript backtrace (most recent call first):
       [0] _initialize (res://tests/run_tests.gd:28)
ERROR: res://tests/core/test_ascension_state.gd :: unchanged: expected transcendent, got dao_ancestor
   at: push_error (core/variant/variant_utility.cpp:1023)
   GDScript backtrace (most recent call first):
       [0] _initialize (res://tests/run_tests.gd:28)
SCRIPT ERROR: Invalid call. Nonexistent function 'roll_affixes' in base 'RefCounted (OptionCatalog)'.
   at: test_roll_affixes_empty_spec (res://tests/modules/items/test_option_catalog.gd:68)
   GDScript backtrace (most recent call first):
       [0] test_roll_affixes_empty_spec (res://tests/modules/items/test_option_catalog.gd:68)
       [1] _initialize (res://tests/run_tests.gd:24)
SCRIPT ERROR: Invalid call. Nonexistent function 'roll_affixes' in base 'RefCounted (OptionCatalog)'.
   at: test_roll_affixes_produces_modifiers (res://tests/modules/items/test_option_catalog.gd:37)
   GDScript backtrace (most recent call first):
       [0] test_roll_affixes_produces_modifiers (res://tests/modules/items/test_option_catalog.gd:37)
       [1] _initialize (res://tests/run_tests.gd:24)
SCRIPT ERROR: Invalid call. Nonexistent function 'roll_affixes' in base 'RefCounted (OptionCatalog)'.
   at: test_roll_affixes_seeded_reproducible (res://tests/modules/items/test_option_catalog.gd:51)
   GDScript backtrace (most recent call first):
       [0] test_roll_affixes_seeded_reproducible (res://tests/modules/items/test_option_catalog.gd:51)
       [1] _initialize (res://tests/run_tests.gd:24)
SCRIPT ERROR: Parse Error: Could not parse global class "MindProvider" from "res://src/modules/mind_cultivation/provider.gd".
   at: GDScript::reload (res://src/modules/mind_cultivation/api.gd:21)
   GDScript backtrace (most recent call first):
       [0] _initialize (res://tests/run_tests.gd:13)
SCRIPT ERROR: Parse Error: Could not resolve class "MindProvider", because of a parser error.
   at: GDScript::reload (res://src/modules/mind_cultivation/api.gd:17)
   GDScript backtrace (most recent call first):
       [0] _initialize (res://tests/run_tests.gd:13)
SCRIPT ERROR: Parse Error: Could not resolve class "MindProvider", because of a parser error.
   at: GDScript::reload (res://src/modules/mind_cultivation/api.gd:18)
   GDScript backtrace (most recent call first):
       [0] _initialize (res://tests/run_tests.gd:13)
SCRIPT ERROR: Parse Error: Could not parse global class "MindProvider" from "res://src/modules/mind_cultivation/provider.gd".
   at: GDScript::reload (res://src/modules/mind_cultivation/api.gd:23)
   GDScript backtrace (most recent call first):
       [0] _initialize (res://tests/run_tests.gd:13)
SCRIPT ERROR: Parse Error: Could not parse global class "MindProvider" from "res://src/modules/mind_cultivation/provider.gd".
   at: GDScript::reload (res://src/modules/mind_cultivation/api.gd:24)
   GDScript backtrace (most recent call first):
       [0] _initialize (res://tests/run_tests.gd:13)
SCRIPT ERROR: Parse Error: Could not resolve class "MindProvider", because of a parser error.
   at: GDScript::reload (res://src/modules/mind_cultivation/api.gd:25)
   GDScript backtrace (most recent call first):
       [0] _initialize (res://tests/run_tests.gd:13)
SCRIPT ERROR: Compile Error: Failed to compile depended scripts.
   at: GDScript::reload (res://tests/modules/mind_cultivation/test_breakthrough_attempt.gd:0)
   GDScript backtrace (most recent call first):
       [0] _initialize (res://tests/run_tests.gd:13)
ERROR: Failed to load script "res://tests/modules/mind_cultivation/test_breakthrough_attempt.gd" with error "Compilation failed".
   at: load (modules/gdscript/gdscript_resource_format.cpp:46)
   GDScript backtrace (most recent call first):
       [0] _initialize (res://tests/run_tests.gd:13)
SCRIPT ERROR: Invalid call. Nonexistent function 'attach' in base 'GDScript'.
   at: _actor (res://tests/modules/mind_cultivation/test_breakthrough_attempt.gd:17)
   GDScript backtrace (most recent call first):
       [0] _actor (res://tests/modules/mind_cultivation/test_breakthrough_attempt.gd:17)
       [1] test_a_pending_attempt_survives_save_and_load (res://tests/modules/mind_cultivation/test_breakthrough_attempt.gd:342)
       [2] _initialize (res://tests/run_tests.gd:24)
SCRIPT ERROR: Invalid call. Nonexistent function 'path' in base 'Nil'.
   at: _prepare (res://tests/modules/mind_cultivation/test_breakthrough_attempt.gd:36)
   GDScript backtrace (most recent call first):
       [0] _prepare (res://tests/modules/mind_cultivation/test_breakthrough_attempt.gd:36)
       [1] test_a_pending_attempt_survives_save_and_load (res://tests/modules/mind_cultivation/test_breakthrough_attempt.gd:343)
       [2] _initialize (res://tests/run_tests.gd:24)
SCRIPT ERROR: Invalid call. Nonexistent function 'get_module_data' in base 'Nil'.
   at: attempt (res://src/modules/mind_cultivation/advancement.gd:108)
   GDScript backtrace (most recent call first):
       [0] attempt (res://src/modules/mind_cultivation/advancement.gd:108)
       [1] active_attempt (res://src/modules/mind_cultivation/advancement.gd:116)
       [2] start (res://src/modules/mind_cultivation/advancement.gd:137)
       [3] test_a_pending_attempt_survives_save_and_load (res://tests/modules/mind_cultivation/test_breakthrough_attempt.gd:344)
       [4] _initialize (res://tests/run_tests.gd:24)
SCRIPT ERROR: Invalid call. Nonexistent function 'path' in base 'Nil'.
   at: start (res://src/modules/mind_cultivation/advancement.gd:139)
   GDScript backtrace (most recent call first):
       [0] start (res://src/modules/mind_cultivation/advancement.gd:139)
       [1] test_a_pending_attempt_survives_save_and_load (res://tests/modules/mind_cultivation/test_breakthrough_attempt.gd:344)
       [2] _initialize (res://tests/run_tests.gd:24)
SCRIPT ERROR: Invalid call. Nonexistent function 'to_dict' in base 'Nil'.
   at: test_a_pending_attempt_survives_save_and_load (res://tests/modules/mind_cultivation/test_breakthrough_attempt.gd:346)
   GDScript backtrace (most recent call first):
       [0] test_a_pending_attempt_survives_save_and_load (res://tests/modules/mind_cultivation/test_breakthrough_attempt.gd:346)
       [1] _initialize (res://tests/run_tests.gd:24)
SCRIPT ERROR: Invalid call. Nonexistent function 'attach' in base 'GDScript'.
   at: _actor (res://tests/modules/mind_cultivation/test_breakthrough_attempt.gd:17)
   GDScript backtrace (most recent call first):
       [0] _actor (res://tests/modules/mind_cultivation/test_breakthrough_attempt.gd:17)
       [1] test_a_second_start_while_active_is_refused (res://tests/modules/mind_cultivation/test_breakthrough_attempt.gd:183)
       [2] _initialize (res://tests/run_tests.gd:24)
SCRIPT ERROR: Invalid call. Nonexistent function 'path' in base 'Nil'.
   at: _prepare (res://tests/modules/mind_cultivation/test_breakthrough_attempt.gd:36)
   GDScript backtrace (most recent call first):
       [0] _prepare (res://tests/modules/mind_cultivation/test_breakthrough_attempt.gd:36)
       [1] test_a_second_start_while_active_is_refused (res://tests/modules/mind_cultivation/test_breakthrough_attempt.gd:184)
       [2] _initialize (res://tests/run_tests.gd:24)
SCRIPT ERROR: Invalid call. Nonexistent function 'get_module_data' in base 'Nil'.
   at: attempt (res://src/modules/mind_cultivation/advancement.gd:108)
   GDScript backtrace (most recent call first):
       [0] attempt (res://src/modules/mind_cultivation/advancement.gd:108)
       [1] active_attempt (res://src/modules/mind_cultivation/advancement.gd:116)
       [2] start (res://src/modules/mind_cultivation/advancement.gd:137)
       [3] test_a_second_start_while_active_is_refused (res://tests/modules/mind_cultivation/test_breakthrough_attempt.gd:185)
       [4] _initialize (res://tests/run_tests.gd:24)
SCRIPT ERROR: Invalid call. Nonexistent function 'path' in base 'Nil'.
   at: start (res://src/modules/mind_cultivation/advancement.gd:139)
   GDScript backtrace (most recent call first):
       [0] start (res://src/modules/mind_cultivation/advancement.gd:139)
       [1] test_a_second_start_while_active_is_refused (res://tests/modules/mind_cultivation/test_breakthrough_attempt.gd:185)
       [2] _initialize (res://tests/run_tests.gd:24)
SCRIPT ERROR: Invalid access to property or key 'breakthrough_item' on a base object of type 'Nil'.
   at: test_a_second_start_while_active_is_refused (res://tests/modules/mind_cultivation/test_breakthrough_attempt.gd:186)
   GDScript backtrace (most recent call first):
       [0] test_a_second_start_while_active_is_refused (res://tests/modules/mind_cultivation/test_breakthrough_attempt.gd:186)
       [1] _initialize (res://tests/run_tests.gd:24)
SCRIPT ERROR: Invalid call. Nonexistent function 'attach' in base 'GDScript'.
   at: _actor (res://tests/modules/mind_cultivation/test_breakthrough_attempt.gd:17)
   GDScript backtrace (most recent call first):
       [0] _actor (res://tests/modules/mind_cultivation/test_breakthrough_attempt.gd:17)
       [1] test_a_stale_attempt_is_cancelled_without_firing (res://tests/modules/mind_cultivation/test_breakthrough_attempt.gd:313)
       [2] _initialize (res://tests/run_tests.gd:24)
SCRIPT ERROR: Invalid call. Nonexistent function 'path' in base 'Nil'.
   at: _prepare (res://tests/modules/mind_cultivation/test_breakthrough_attempt.gd:36)
   GDScript backtrace (most recent call first):
       [0] _prepare (res://tests/modules/mind_cultivation/test_breakthrough_attempt.gd:36)
       [1] test_a_stale_attempt_is_cancelled_without_firing (res://tests/modules/mind_cultivation/test_breakthrough_attempt.gd:314)
       [2] _initialize (res://tests/run_tests.gd:24)
SCRIPT ERROR: Invalid call. Nonexistent function 'get_module_data' in base 'Nil'.
   at: attempt (res://src/modules/mind_cultivation/advancement.gd:108)
   GDScript backtrace (most recent call first):
       [0] attempt (res://src/modules/mind_cultivation/advancement.gd:108)
       [1] active_attempt (res://src/modules/mind_cultivation/advancement.gd:116)
       [2] start (res://src/modules/mind_cultivation/advancement.gd:137)
       [3] test_a_stale_attempt_is_cancelled_without_firing (res://tests/modules/mind_cultivation/test_breakthrough_attempt.gd:315)
       [4] _initialize (res://tests/run_tests.gd:24)
SCRIPT ERROR: Invalid call. Nonexistent function 'path' in base 'Nil'.
   at: start (res://src/modules/mind_cultivation/advancement.gd:139)
   GDScript backtrace (most recent call first):
       [0] start (res://src/modules/mind_cultivation/advancement.gd:139)
       [1] test_a_stale_attempt_is_cancelled_without_firing (res://tests/modules/mind_cultivation/test_breakthrough_attempt.gd:315)
       [2] _initialize (res://tests/run_tests.gd:24)
SCRIPT ERROR: Invalid call. Nonexistent function 'path' in base 'Nil'.
   at: test_a_stale_attempt_is_cancelled_without_firing (res://tests/modules/mind_cultivation/test_breakthrough_attempt.gd:318)
   GDScript backtrace (most recent call first):
       [0] test_a_stale_attempt_is_cancelled_without_firing (res://tests/modules/mind_cultivation/test_breakthrough_attempt.gd:318)
       [1] _initialize (res://tests/run_tests.gd:24)
SCRIPT ERROR: Invalid call. Nonexistent function 'attach' in base 'GDScript'.
   at: _actor (res://tests/modules/mind_cultivation/test_breakthrough_attempt.gd:17)
   GDScript backtrace (most recent call first):
       [0] _actor (res://tests/modules/mind_cultivation/test_breakthrough_attempt.gd:17)
       [1] test_a_terminal_attempt_survives_save_and_load (res://tests/modules/mind_cultivation/test_breakthrough_attempt.gd:369)
       [2] _initialize (res://tests/run_tests.gd:24)
SCRIPT ERROR: Invalid call. Nonexistent function 'path' in base 'Nil'.
   at: _prepare (res://tests/modules/mind_cultivation/test_breakthrough_attempt.gd:36)
   GDScript backtrace (most recent call first):
       [0] _prepare (res://tests/modules/mind_cultivation/test_breakthrough_attempt.gd:36)
       [1] test_a_terminal_attempt_survives_save_and_load (res://tests/modules/mind_cultivation/test_breakthrough_attempt.gd:370)
       [2] _initialize (res://tests/run_tests.gd:24)
SCRIPT ERROR: Invalid call. Nonexistent function 'attach' in base 'GDScript'.
   at: _actor (res://tests/modules/mind_cultivation/test_breakthrough_attempt.gd:17)
   GDScript backtrace (most recent call first):
       [0] _actor (res://tests/modules/mind_cultivation/test_breakthrough_attempt.gd:17)
       [1] _winning_seed (res://tests/modules/mind_cultivation/test_breakthrough_attempt.gd:77)
       [2] test_a_terminal_attempt_survives_save_and_load (res://tests/modules/mind_cultivation/test_breakthrough_attempt.gd:371)
       [3] _initialize (res://tests/run_tests.gd:24)
SCRIPT ERROR: Invalid call. Nonexistent function 'path' in base 'Nil'.
   at: _prepare (res://tests/modules/mind_cultivation/test_breakthrough_attempt.gd:36)
   GDScript backtrace (most recent call first):
       [0] _prepare (res://tests/modules/mind_cultivation/test_breakthrough_attempt.gd:36)
       [1] _winning_seed (res://tests/modules/mind_cultivation/test_breakthrough_attempt.gd:78)
       [2] test_a_terminal_attempt_survives_save_and_load (res://tests/modules/mind_cultivation/test_breakthrough_attempt.gd:371)
       [3] _initialize (res://tests/run_tests.gd:24)
SCRIPT ERROR: Invalid call. Nonexistent function 'attach' in base 'GDScript'.
   at: _actor (res://tests/modules/mind_cultivation/test_breakthrough_attempt.gd:17)
   GDScript backtrace (most recent call first):
       [0] _actor (res://tests/modules/mind_cultivation/test_breakthrough_attempt.gd:17)
       [1] _winning_seed (res://tests/modules/mind_cultivation/test_breakthrough_attempt.gd:77)
       [2] test_a_terminal_attempt_survives_save_and_load (res://tests/modules/mind_cultivation/test_breakthrough_attempt.gd:371)
       [3] _initialize (res://tests/run_tests.gd:24)
SCRIPT ERROR: Invalid call. Nonexistent function 'path' in base 'Nil'.
   at: _prepare (res://tests/modules/mind_cultivation/test_breakthrough_attempt.gd:36)
   GDScript backtrace (most recent call first):
       [0] _prepare (res://tests/modules/mind_cultivation/test_breakthrough_attempt.gd:36)
       [1] _winning_seed (res://tests/modules/mind_cultivation/test_breakthrough_attempt.gd:78)
       [2] test_a_terminal_attempt_survives_save_and_load (res://tests/modules/mind_cultivation/test_breakthrough_attempt.gd:371)
       [3] _initialize (res://tests/run_tests.gd:24)
SCRIPT ERROR: Invalid call. Nonexistent function 'attach' in base 'GDScript'.
   at: _actor (res://tests/modules/mind_cultivation/test_breakthrough_attempt.gd:17)
   GDScript backtrace (most recent call first):
       [0] _actor (res://tests/modules/mind_cultivation/test_breakthrough_attempt.gd:17)
       [1] _winning_seed (res://tests/modules/mind_cultivation/test_breakthrough_attempt.gd:77)
       [2] test_a_terminal_attempt_survives_save_and_load (res://tests/modules/mind_cultivation/test_breakthrough_attempt.gd:371)
       [3] _initialize (res://tests/run_tests.gd:24)
SCRIPT ERROR: Invalid call. Nonexistent function 'path' in base 'Nil'.
   at: _prepare (res://tests/modules/mind_cultivation/test_breakthrough_attempt.gd:36)
   GDScript backtrace (most recent call first):
       [0] _prepare (res://tests/modules/mind_cultivation/test_breakthrough_attempt.gd:36)
       [1] _winning_seed (res://tests/modules/mind_cultivation/test_breakthrough_attempt.gd:78)
       [2] test_a_terminal_attempt_survives_save_and_load (res://tests/modules/mind_cultivation/test_breakthrough_attempt.gd:371)
       [3] _initialize (res://tests/run_tests.gd:24)
SCRIPT ERROR: Invalid call. Nonexistent function 'attach' in base 'GDScript'.
   at: _actor (res://tests/modules/mind_cultivation/test_breakthrough_attempt.gd:17)
   GDScript backtrace (most recent call first):
       [0] _actor (res://tests/modules/mind_cultivation/test_breakthrough_attempt.gd:17)
       [1] _winning_seed (res://tests/modules/mind_cultivation/test_breakthrough_attempt.gd:77)
       [2] test_a_terminal_attempt_survives_save_and_load (res://tests/modules/mind_cultivation/test_breakthrough_attempt.gd:371)
       [3] _initialize (res://tests/run_tests.gd:24)
SCRIPT ERROR: Invalid call. Nonexistent function 'path' in base 'Nil'.
   at: _prepare (res://tests/modules/mind_cultivation/test_breakthrough_attempt.gd:36)
   GDScript backtrace (most recent call first):
       [0] _prepare (res://tests/modules/mind_cultivation/test_breakthrough_attempt.gd:36)
       [1] _winning_seed (res://tests/modules/mind_cultivation/test_breakthrough_attempt.gd:78)
       [2] test_a_terminal_attempt_survives_save_and_load (res://tests/modules/mind_cultivation/test_breakthrough_attempt.gd:371)
       [3] _initialize (res://tests/run_tests.gd:24)
SCRIPT ERROR: Invalid call. Nonexistent function 'attach' in base 'GDScript'.
   at: _actor (res://tests/modules/mind_cultivation/test_breakthrough_attempt.gd:17)
   GDScript backtrace (most recent call first):
       [0] _actor (res://tests/modules/mind_cultivation/test_breakthrough_attempt.gd:17)
       [1] _winning_seed (res://tests/modules/mind_cultivation/test_breakthrough_attempt.gd:77)
       [2] test_a_terminal_attempt_survives_save_and_load (res://tests/modules/mind_cultivation/test_breakthrough_attempt.gd:371)
       [3] _initialize (res://tests/run_tests.gd:24)
SCRIPT ERROR: Invalid call. Nonexistent function 'path' in base 'Nil'.
   at: _prepare (res://tests/modules/mind_cultivation/test_breakthrough_attempt.gd:36)
   GDScript backtrace (most recent call first):
       [0] _prepare (res://tests/modules/mind_cultivation/test_breakthrough_attempt.gd:36)
       [1] _winning_seed (res://tests/modules/mind_cultivation/test_breakthrough_attempt.gd:78)
       [2] test_a_terminal_attempt_survives_save_and_load (res://tests/modules/mind_cultivation/test_breakthrough_attempt.gd:371)
       [3] _initialize (res://tests/run_tests.gd:24)
SCRIPT ERROR: Invalid call. Nonexistent function 'attach' in base 'GDScript'.
   at: _actor (res://tests/modules/mind_cultivation/test_breakthrough_attempt.gd:17)
   GDScript backtrace (most recent call first):
       [0] _actor (res://tests/modules/mind_cultivation/test_breakthrough_attempt.gd:17)
       [1] _winning_seed (res://tests/modules/mind_cultivation/test_breakthrough_attempt.gd:77)
       [2] test_a_terminal_attempt_survives_save_and_load (res://tests/modules/mind_cultivation/test_breakthrough_attempt.gd:371)
       [3] _initialize (res://tests/run_tests.gd:24)
SCRIPT ERROR: Invalid call. Nonexistent function 'path' in base 'Nil'.
   at: _prepare (res://tests/modules/mind_cultivation/test_breakthrough_attempt.gd:36)
   GDScript backtrace (most recent call first):
       [0] _prepare (res://tests/modules/mind_cultivation/test_breakthrough_attempt.gd:36)
       [1] _winning_seed (res://tests/modules/mind_cultivation/test_breakthrough_attempt.gd:78)
       [2] test_a_terminal_attempt_survives_save_and_load (res://tests/modules/mind_cultivation/test_breakthrough_attempt.gd:371)
       [3] _initialize (res://tests/run_tests.gd:24)
SCRIPT ERROR: Invalid call. Nonexistent function 'attach' in base 'GDScript'.
   at: _actor (res://tests/modules/mind_cultivation/test_breakthrough_attempt.gd:17)
   GDScript backtrace (most recent call first):
       [0] _actor (res://tests/modules/mind_cultivation/test_breakthrough_attempt.gd:17)
       [1] _winning_seed (res://tests/modules/mind_cultivation/test_breakthrough_attempt.gd:77)
       [2] test_a_terminal_attempt_survives_save_and_load (res://tests/modules/mind_cultivation/test_breakthrough_attempt.gd:371)
       [3] _initialize (res://tests/run_tests.gd:24)
SCRIPT ERROR: Invalid call. Nonexistent function 'path' in base 'Nil'.
   at: _prepare (res://tests/modules/mind_cultivation/test_breakthrough_attempt.gd:36)
   GDScript backtrace (most recent call first):
       [0] _prepare (res://tests/modules/mind_cultivation/test_breakthrough_attempt.gd:36)
       [1] _winning_seed (res://tests/modules/mind_cultivation/test_breakthrough_attempt.gd:78)
       [2] test_a_terminal_attempt_survives_save_and_load (res://tests/modules/mind_cultivation/test_breakthrough_attempt.gd:371)
       [3] _initialize (res://tests/run_tests.gd:24)
SCRIPT ERROR: Invalid call. Nonexistent function 'attach' in base 'GDScript'.
   at: _actor (res://tests/modules/mind_cultivation/test_breakthrough_attempt.gd:17)
   GDScript backtrace (most recent call first):
       [0] _actor (res://tests/modules/mind_cultivation/test_breakthrough_attempt.gd:17)
       [1] _winning_seed (res://tests/modules/mind_cultivation/test_breakthrough_attempt.gd:77)
       [2] test_a_terminal_attempt_survives_save_and_load (res://tests/modules/mind_cultivation/test_breakthrough_attempt.gd:371)
       [3] _initialize (res://tests/run_tests.gd:24)
SCRIPT ERROR: Invalid call. Nonexistent function 'path' in base 'Nil'.
   at: _prepare (res://tests/modules/mind_cultivation/test_breakthrough_attempt.gd:36)
   GDScript backtrace (most recent call first):
       [0] _prepare (res://tests/modules/mind_cultivation/test_breakthrough_attempt.gd:36)
       [1] _winning_seed (res://tests/modules/mind_cultivation/test_breakthrough_attempt.gd:78)
       [2] test_a_terminal_attempt_survives_save_and_load (res://tests/modules/mind_cultivation/test_breakthrough_attempt.gd:371)
       [3] _initialize (res://tests/run_tests.gd:24)
SCRIPT ERROR: Invalid call. Nonexistent function 'attach' in base 'GDScript'.
   at: _actor (res://tests/modules/mind_cultivation/test_breakthrough_attempt.gd:17)
   GDScript backtrace (most recent call first):
       [0] _actor (res://tests/modules/mind_cultivation/test_breakthrough_attempt.gd:17)
       [1] _winning_seed (res://tests/modules/mind_cultivation/test_breakthrough_attempt.gd:77)
       [2] test_a_terminal_attempt_survives_save_and_load (res://tests/modules/mind_cultivation/test_breakthrough_attempt.gd:371)
       [3] _initialize (res://tests/run_tests.gd:24)
SCRIPT ERROR: Invalid call. Nonexistent function 'path' in base 'Nil'.
   at: _prepare (res://tests/modules/mind_cultivation/test_breakthrough_attempt.gd:36)
   GDScript backtrace (most recent call first):
       [0] _prepare (res://tests/modules/mind_cultivation/test_breakthrough_attempt.gd:36)
       [1] _winning_seed (res://tests/modules/mind_cultivation/test_breakthrough_attempt.gd:78)
       [2] test_a_terminal_attempt_survives_save_and_load (res://tests/modules/mind_cultivation/test_breakthrough_attempt.gd:371)
       [3] _initialize (res://tests/run_tests.gd:24)
SCRIPT ERROR: Invalid call. Nonexistent function 'attach' in base 'GDScript'.
   at: _actor (res://tests/modules/mind_cultivation/test_breakthrough_attempt.gd:17)
   GDScript backtrace (most recent call first):
       [0] _actor (res://tests/modules/mind_cultivation/test_breakthrough_attempt.gd:17)
       [1] _winning_seed (res://tests/modules/mind_cultivation/test_breakthrough_attempt.gd:77)
       [2] test_a_terminal_attempt_survives_save_and_load (res://tests/modules/mind_cultivation/test_breakthrough_attempt.gd:371)
       [3] _initialize (res://tests/run_tests.gd:24)
SCRIPT ERROR: Invalid call. Nonexistent function 'path' in base 'Nil'.
   at: _prepare (res://tests/modules/mind_cultivation/test_breakthrough_attempt.gd:36)
   GDScript backtrace (most recent call first):
       [0] _prepare (res://tests/modules/mind_cultivation/test_breakthrough_attempt.gd:36)
       [1] _winning_seed (res://tests/modules/mind_cultivation/test_breakthrough_attempt.gd:78)
       [2] test_a_terminal_attempt_survives_save_and_load (res://tests/modules/mind_cultivation/test_breakthrough_attempt.gd:371)
       [3] _initialize (res://tests/run_tests.gd:24)
SCRIPT ERROR: Invalid call. Nonexistent function 'attach' in base 'GDScript'.
   at: _actor (res://tests/modules/mind_cultivation/test_breakthrough_attempt.gd:17)
   GDScript backtrace (most recent call first):
       [0] _actor (res://tests/modules/mind_cultivation/test_breakthrough_attempt.gd:17)
       [1] _winning_seed (res://tests/modules/mind_cultivation/test_breakthrough_attempt.gd:77)
       [2] test_a_terminal_attempt_survives_save_and_load (res://tests/modules/mind_cultivation/test_breakthrough_attempt.gd:371)
       [3] _initialize (res://tests/run_tests.gd:24)
SCRIPT ERROR: Invalid call. Nonexistent function 'path' in base 'Nil'.
   at: _prepare (res://tests/modules/mind_cultivation/test_breakthrough_attempt.gd:36)
   GDScript backtrace (most recent call first):
       [0] _prepare (res://tests/modules/mind_cultivation/test_breakthrough_attempt.gd:36)
       [1] _winning_seed (res://tests/modules/mind_cultivation/test_breakthrough_attempt.gd:78)
       [2] test_a_terminal_attempt_survives_save_and_load (res://tests/modules/mind_cultivation/test_breakthrough_attempt.gd:371)
       [3] _initialize (res://tests/run_tests.gd:24)
SCRIPT ERROR: Invalid call. Nonexistent function 'attach' in base 'GDScript'.
   at: _actor (res://tests/modules/mind_cultivation/test_breakthrough_attempt.gd:17)
   GDScript backtrace (most recent call first):
       [0] _actor (res://tests/modules/mind_cultivation/test_breakthrough_attempt.gd:17)
       [1] _winning_seed (res://tests/modules/mind_cultivation/test_breakthrough_attempt.gd:77)
       [2] test_a_terminal_attempt_survives_save_and_load (res://tests/modules/mind_cultivation/test_breakthrough_attempt.gd:371)
       [3] _initialize (res://tests/run_tests.gd:24)
SCRIPT ERROR: Invalid call. Nonexistent function 'path' in base 'Nil'.
   at: _prepare (res://tests/modules/mind_cultivation/test_breakthrough_attempt.gd:36)
   GDScript backtrace (most recent call first):
       [0] _prepare (res://tests/modules/mind_cultivation/test_breakthrough_attempt.gd:36)
       [1] _winning_seed (res://tests/modules/mind_cultivation/test_breakthrough_attempt.gd:78)
       [2] test_a_terminal_attempt_survives_save_and_load (res://tests/modules/mind_cultivation/test_breakthrough_attempt.gd:371)
       [3] _initialize (res://tests/run_tests.gd:24)
SCRIPT ERROR: Invalid call. Nonexistent function 'attach' in base 'GDScript'.
   at: _actor (res://tests/modules/mind_cultivation/test_breakthrough_attempt.gd:17)
   GDScript backtrace (most recent call first):
       [0] _actor (res://tests/modules/mind_cultivation/test_breakthrough_attempt.gd:17)
       [1] _winning_seed (res://tests/modules/mind_cultivation/test_breakthrough_attempt.gd:77)
       [2] test_a_terminal_attempt_survives_save_and_load (res://tests/modules/mind_cultivation/test_breakthrough_attempt.gd:371)
       [3] _initialize (res://tests/run_tests.gd:24)
SCRIPT ERROR: Invalid call. Nonexistent function 'path' in base 'Nil'.
   at: _prepare (res://tests/modules/mind_cultivation/test_breakthrough_attempt.gd:36)
   GDScript backtrace (most recent call first):
       [0] _prepare (res://tests/modules/mind_cultivation/test_breakthrough_attempt.gd:36)
       [1] _winning_seed (res://tests/modules/mind_cultivation/test_breakthrough_attempt.gd:78)
       [2] test_a_terminal_attempt_survives_save_and_load (res://tests/modules/mind_cultivation/test_breakthrough_attempt.gd:371)
       [3] _initialize (res://tests/run_tests.gd:24)
SCRIPT ERROR: Invalid call. Nonexistent function 'attach' in base 'GDScript'.
   at: _actor (res://tests/modules/mind_cultivation/test_breakthrough_attempt.gd:17)
   GDScript backtrace (most recent call first):
       [0] _actor (res://tests/modules/mind_cultivation/test_breakthrough_attempt.gd:17)
       [1] _winning_seed (res://tests/modules/mind_cultivation/test_breakthrough_attempt.gd:77)
       [2] test_a_terminal_attempt_survives_save_and_load (res://tests/modules/mind_cultivation/test_breakthrough_attempt.gd:371)
       [3] _initialize (res://tests/run_tests.gd:24)
SCRIPT ERROR: Invalid call. Nonexistent function 'path' in base 'Nil'.
   at: _prepare (res://tests/modules/mind_cultivation/test_breakthrough_attempt.gd:36)
   GDScript backtrace (most recent call first):
       [0] _prepare (res://tests/modules/mind_cultivation/test_breakthrough_attempt.gd:36)
       [1] _winning_seed (res://tests/modules/mind_cultivation/test_breakthrough_attempt.gd:78)
       [2] test_a_terminal_attempt_survives_save_and_load (res://tests/modules/mind_cultivation/test_breakthrough_attempt.gd:371)
       [3] _initialize (res://tests/run_tests.gd:24)
SCRIPT ERROR: Invalid call. Nonexistent function 'attach' in base 'GDScript'.
   at: _actor (res://tests/modules/mind_cultivation/test_breakthrough_attempt.gd:17)
   GDScript backtrace (most recent call first):
       [0] _actor (res://tests/modules/mind_cultivation/test_breakthrough_attempt.gd:17)
       [1] _winning_seed (res://tests/modules/mind_cultivation/test_breakthrough_attempt.gd:77)
       [2] test_a_terminal_attempt_survives_save_and_load (res://tests/modules/mind_cultivation/test_breakthrough_attempt.gd:371)
       [3] _initialize (res://tests/run_tests.gd:24)
SCRIPT ERROR: Invalid call. Nonexistent function 'path' in base 'Nil'.
   at: _prepare (res://tests/modules/mind_cultivation/test_breakthrough_attempt.gd:36)
   GDScript backtrace (most recent call first):
       [0] _prepare (res://tests/modules/mind_cultivation/test_breakthrough_attempt.gd:36)
       [1] _winning_seed (res://tests/modules/mind_cultivation/test_breakthrough_attempt.gd:78)
       [2] test_a_terminal_attempt_survives_save_and_load (res://tests/modules/mind_cultivation/test_breakthrough_attempt.gd:371)
       [3] _initialize (res://tests/run_tests.gd:24)
SCRIPT ERROR: Invalid call. Nonexistent function 'attach' in base 'GDScript'.
   at: _actor (res://tests/modules/mind_cultivation/test_breakthrough_attempt.gd:17)
   GDScript backtrace (most recent call first):
       [0] _actor (res://tests/modules/mind_cultivation/test_breakthrough_attempt.gd:17)
       [1] _winning_seed (res://tests/modules/mind_cultivation/test_breakthrough_attempt.gd:77)
       [2] test_a_terminal_attempt_survives_save_and_load (res://tests/modules/mind_cultivation/test_breakthrough_attempt.gd:371)
       [3] _initialize (res://tests/run_tests.gd:24)
SCRIPT ERROR: Invalid call. Nonexistent function 'path' in base 'Nil'.
   at: _prepare (res://tests/modules/mind_cultivation/test_breakthrough_attempt.gd:36)
   GDScript backtrace (most recent call first):
       [0] _prepare (res://tests/modules/mind_cultivation/test_breakthrough_attempt.gd:36)
       [1] _winning_seed (res://tests/modules/mind_cultivation/test_breakthrough_attempt.gd:78)
       [2] test_a_terminal_attempt_survives_save_and_load (res://tests/modules/mind_cultivation/test_breakthrough_attempt.gd:371)
       [3] _initialize (res://tests/run_tests.gd:24)
SCRIPT ERROR: Invalid call. Nonexistent function 'attach' in base 'GDScript'.
   at: _actor (res://tests/modules/mind_cultivation/test_breakthrough_attempt.gd:17)
   GDScript backtrace (most recent call first):
       [0] _actor (res://tests/modules/mind_cultivation/test_breakthrough_attempt.gd:17)
       [1] _winning_seed (res://tests/modules/mind_cultivation/test_breakthrough_attempt.gd:77)
       [2] test_a_terminal_attempt_survives_save_and_load (res://tests/modules/mind_cultivation/test_breakthrough_attempt.gd:371)
       [3] _initialize (res://tests/run_tests.gd:24)
SCRIPT ERROR: Invalid call. Nonexistent function 'path' in base 'Nil'.
   at: _prepare (res://tests/modules/mind_cultivation/test_breakthrough_attempt.gd:36)
   GDScript backtrace (most recent call first):
       [0] _prepare (res://tests/modules/mind_cultivation/test_breakthrough_attempt.gd:36)
       [1] _winning_seed (res://tests/modules/mind_cultivation/test_breakthrough_attempt.gd:78)
       [2] test_a_terminal_attempt_survives_save_and_load (res://tests/modules/mind_cultivation/test_breakthrough_attempt.gd:371)
       [3] _initialize (res://tests/run_tests.gd:24)
SCRIPT ERROR: Invalid call. Nonexistent function 'attach' in base 'GDScript'.
   at: _actor (res://tests/modules/mind_cultivation/test_breakthrough_attempt.gd:17)
   GDScript backtrace (most recent call first):
       [0] _actor (res://tests/modules/mind_cultivation/test_breakthrough_attempt.gd:17)
       [1] _winning_seed (res://tests/modules/mind_cultivation/test_breakthrough_attempt.gd:77)
       [2] test_a_terminal_attempt_survives_save_and_load (res://tests/modules/mind_cultivation/test_breakthrough_attempt.gd:371)
       [3] _initialize (res://tests/run_tests.gd:24)
SCRIPT ERROR: Invalid call. Nonexistent function 'path' in base 'Nil'.
   at: _prepare (res://tests/modules/mind_cultivation/test_breakthrough_attempt.gd:36)
   GDScript backtrace (most recent call first):
       [0] _prepare (res://tests/modules/mind_cultivation/test_breakthrough_attempt.gd:36)
       [1] _winning_seed (res://tests/modules/mind_cultivation/test_breakthrough_attempt.gd:78)
       [2] test_a_terminal_attempt_survives_save_and_load (res://tests/modules/mind_cultivation/test_breakthrough_attempt.gd:371)
       [3] _initialize (res://tests/run_tests.gd:24)
SCRIPT ERROR: Invalid call. Nonexistent function 'attach' in base 'GDScript'.
   at: _actor (res://tests/modules/mind_cultivation/test_breakthrough_attempt.gd:17)
   GDScript backtrace (most recent call first):
       [0] _actor (res://tests/modules/mind_cultivation/test_breakthrough_attempt.gd:17)
       [1] _winning_seed (res://tests/modules/mind_cultivation/test_breakthrough_attempt.gd:77)
       [2] test_a_terminal_attempt_survives_save_and_load (res://tests/modules/mind_cultivation/test_breakthrough_attempt.gd:371)
       [3] _initialize (res://tests/run_tests.gd:24)
SCRIPT ERROR: Invalid call. Nonexistent function 'path' in base 'Nil'.
   at: _prepare (res://tests/modules/mind_cultivation/test_breakthrough_attempt.gd:36)
   GDScript backtrace (most recent call first):
       [0] _prepare (res://tests/modules/mind_cultivation/test_breakthrough_attempt.gd:36)
       [1] _winning_seed (res://tests/modules/mind_cultivation/test_breakthrough_attempt.gd:78)
       [2] test_a_terminal_attempt_survives_save_and_load (res://tests/modules/mind_cultivation/test_breakthrough_attempt.gd:371)
       [3] _initialize (res://tests/run_tests.gd:24)
SCRIPT ERROR: Invalid call. Nonexistent function 'attach' in base 'GDScript'.
   at: _actor (res://tests/modules/mind_cultivation/test_breakthrough_attempt.gd:17)
   GDScript backtrace (most recent call first):
       [0] _actor (res://tests/modules/mind_cultivation/test_breakthrough_attempt.gd:17)
       [1] _winning_seed (res://tests/modules/mind_cultivation/test_breakthrough_attempt.gd:77)
       [2] test_a_terminal_attempt_survives_save_and_load (res://tests/modules/mind_cultivation/test_breakthrough_attempt.gd:371)
       [3] _initialize (res://tests/run_tests.gd:24)
SCRIPT ERROR: Invalid call. Nonexistent function 'path' in base 'Nil'.
   at: _prepare (res://tests/modules/mind_cultivation/test_breakthrough_attempt.gd:36)
   GDScript backtrace (most recent call first):
       [0] _prepare (res://tests/modules/mind_cultivation/test_breakthrough_attempt.gd:36)
       [1] _winning_seed (res://tests/modules/mind_cultivation/test_breakthrough_attempt.gd:78)
       [2] test_a_terminal_attempt_survives_save_and_load (res://tests/modules/mind_cultivation/test_breakthrough_attempt.gd:371)
       [3] _initialize (res://tests/run_tests.gd:24)
SCRIPT ERROR: Invalid call. Nonexistent function 'attach' in base 'GDScript'.
   at: _actor (res://tests/modules/mind_cultivation/test_breakthrough_attempt.gd:17)
   GDScript backtrace (most recent call first):
       [0] _actor (res://tests/modules/mind_cultivation/test_breakthrough_attempt.gd:17)
       [1] _winning_seed (res://tests/modules/mind_cultivation/test_breakthrough_attempt.gd:77)
       [2] test_a_terminal_attempt_survives_save_and_load (res://tests/modules/mind_cultivation/test_breakthrough_attempt.gd:371)
       [3] _initialize (res://tests/run_tests.gd:24)
SCRIPT ERROR: Invalid call. Nonexistent function 'path' in base 'Nil'.
   at: _prepare (res://tests/modules/mind_cultivation/test_breakthrough_attempt.gd:36)
   GDScript backtrace (most recent call first):
       [0] _prepare (res://tests/modules/mind_cultivation/test_breakthrough_attempt.gd:36)
       [1] _winning_seed (res://tests/modules/mind_cultivation/test_breakthrough_attempt.gd:78)
       [2] test_a_terminal_attempt_survives_save_and_load (res://tests/modules/mind_cultivation/test_breakthrough_attempt.gd:371)
       [3] _initialize (res://tests/run_tests.gd:24)
SCRIPT ERROR: Invalid call. Nonexistent function 'attach' in base 'GDScript'.
   at: _actor (res://tests/modules/mind_cultivation/test_breakthrough_attempt.gd:17)
   GDScript backtrace (most recent call first):
       [0] _actor (res://tests/modules/mind_cultivation/test_breakthrough_attempt.gd:17)
       [1] _winning_seed (res://tests/modules/mind_cultivation/test_breakthrough_attempt.gd:77)
       [2] test_a_terminal_attempt_survives_save_and_load (res://tests/modules/mind_cultivation/test_breakthrough_attempt.gd:371)
       [3] _initialize (res://tests/run_tests.gd:24)
SCRIPT ERROR: Invalid call. Nonexistent function 'path' in base 'Nil'.
   at: _prepare (res://tests/modules/mind_cultivation/test_breakthrough_attempt.gd:36)
   GDScript backtrace (most recent call first):
       [0] _prepare (res://tests/modules/mind_cultivation/test_breakthrough_attempt.gd:36)
       [1] _winning_seed (res://tests/modules/mind_cultivation/test_breakthrough_attempt.gd:78)
       [2] test_a_terminal_attempt_survives_save_and_load (res://tests/modules/mind_cultivation/test_breakthrough_attempt.gd:371)
       [3] _initialize (res://tests/run_tests.gd:24)
SCRIPT ERROR: Invalid call. Nonexistent function 'attach' in base 'GDScript'.
   at: _actor (res://tests/modules/mind_cultivation/test_breakthrough_attempt.gd:17)
   GDScript backtrace (most recent call first):
       [0] _actor (res://tests/modules/mind_cultivation/test_breakthrough_attempt.gd:17)
       [1] _winning_seed (res://tests/modules/mind_cultivation/test_breakthrough_attempt.gd:77)
       [2] test_a_terminal_attempt_survives_save_and_load (res://tests/modules/mind_cultivation/test_breakthrough_attempt.gd:371)
       [3] _initialize (res://tests/run_tests.gd:24)
SCRIPT ERROR: Invalid call. Nonexistent function 'path' in base 'Nil'.
   at: _prepare (res://tests/modules/mind_cultivation/test_breakthrough_attempt.gd:36)
   GDScript backtrace (most recent call first):
       [0] _prepare (res://tests/modules/mind_cultivation/test_breakthrough_attempt.gd:36)
       [1] _winning_seed (res://tests/modules/mind_cultivation/test_breakthrough_attempt.gd:78)
       [2] test_a_terminal_attempt_survives_save_and_load (res://tests/modules/mind_cultivation/test_breakthrough_attempt.gd:371)
       [3] _initialize (res://tests/run_tests.gd:24)
SCRIPT ERROR: Invalid call. Nonexistent function 'attach' in base 'GDScript'.
   at: _actor (res://tests/modules/mind_cultivation/test_breakthrough_attempt.gd:17)
   GDScript backtrace (most recent call first):
       [0] _actor (res://tests/modules/mind_cultivation/test_breakthrough_attempt.gd:17)
       [1] _winning_seed (res://tests/modules/mind_cultivation/test_breakthrough_attempt.gd:77)
       [2] test_a_terminal_attempt_survives_save_and_load (res://tests/modules/mind_cultivation/test_breakthrough_attempt.gd:371)
       [3] _initialize (res://tests/run_tests.gd:24)
SCRIPT ERROR: Invalid call. Nonexistent function 'path' in base 'Nil'.
   at: _prepare (res://tests/modules/mind_cultivation/test_breakthrough_attempt.gd:36)
   GDScript backtrace (most recent call first):
       [0] _prepare (res://tests/modules/mind_cultivation/test_breakthrough_attempt.gd:36)
       [1] _winning_seed (res://tests/modules/mind_cultivation/test_breakthrough_attempt.gd:78)
       [2] test_a_terminal_attempt_survives_save_and_load (res://tests/modules/mind_cultivation/test_breakthrough_attempt.gd:371)
       [3] _initialize (res://tests/run_tests.gd:24)
SCRIPT ERROR: Invalid call. Nonexistent function 'attach' in base 'GDScript'.
   at: _actor (res://tests/modules/mind_cultivation/test_breakthrough_attempt.gd:17)
   GDScript backtrace (most recent call first):
       [0] _actor (res://tests/modules/mind_cultivation/test_breakthrough_attempt.gd:17)
       [1] _winning_seed (res://tests/modules/mind_cultivation/test_breakthrough_attempt.gd:77)
       [2] test_a_terminal_attempt_survives_save_and_load (res://tests/modules/mind_cultivation/test_breakthrough_attempt.gd:371)
       [3] _initialize (res://tests/run_tests.gd:24)
SCRIPT ERROR: Invalid call. Nonexistent function 'path' in base 'Nil'.
   at: _prepare (res://tests/modules/mind_cultivation/test_breakthrough_attempt.gd:36)
   GDScript backtrace (most recent call first):
       [0] _prepare (res://tests/modules/mind_cultivation/test_breakthrough_attempt.gd:36)
       [1] _winning_seed (res://tests/modules/mind_cultivation/test_breakthrough_attempt.gd:78)
       [2] test_a_terminal_attempt_survives_save_and_load (res://tests/modules/mind_cultivation/test_breakthrough_attempt.gd:371)
       [3] _initialize (res://tests/run_tests.gd:24)
SCRIPT ERROR: Invalid call. Nonexistent function 'attach' in base 'GDScript'.
   at: _actor (res://tests/modules/mind_cultivation/test_breakthrough_attempt.gd:17)
   GDScript backtrace (most recent call first):
       [0] _actor (res://tests/modules/mind_cultivation/test_breakthrough_attempt.gd:17)
       [1] _winning_seed (res://tests/modules/mind_cultivation/test_breakthrough_attempt.gd:77)
       [2] test_a_terminal_attempt_survives_save_and_load (res://tests/modules/mind_cultivation/test_breakthrough_attempt.gd:371)
       [3] _initialize (res://tests/run_tests.gd:24)
SCRIPT ERROR: Invalid call. Nonexistent function 'path' in base 'Nil'.
   at: _prepare (res://tests/modules/mind_cultivation/test_breakthrough_attempt.gd:36)
   GDScript backtrace (most recent call first):
       [0] _prepare (res://tests/modules/mind_cultivation/test_breakthrough_attempt.gd:36)
       [1] _winning_seed (res://tests/modules/mind_cultivation/test_breakthrough_attempt.gd:78)
       [2] test_a_terminal_attempt_survives_save_and_load (res://tests/modules/mind_cultivation/test_breakthrough_attempt.gd:371)
       [3] _initialize (res://tests/run_tests.gd:24)
SCRIPT ERROR: Invalid call. Nonexistent function 'attach' in base 'GDScript'.
   at: _actor (res://tests/modules/mind_cultivation/test_breakthrough_attempt.gd:17)
   GDScript backtrace (most recent call first):
       [0] _actor (res://tests/modules/mind_cultivation/test_breakthrough_attempt.gd:17)
       [1] _winning_seed (res://tests/modules/mind_cultivation/test_breakthrough_attempt.gd:77)
       [2] test_a_terminal_attempt_survives_save_and_load (res://tests/modules/mind_cultivation/test_breakthrough_attempt.gd:371)
       [3] _initialize (res://tests/run_tests.gd:24)
SCRIPT ERROR: Invalid call. Nonexistent function 'path' in base 'Nil'.
   at: _prepare (res://tests/modules/mind_cultivation/test_breakthrough_attempt.gd:36)
   GDScript backtrace (most recent call first):
       [0] _prepare (res://tests/modules/mind_cultivation/test_breakthrough_attempt.gd:36)
       [1] _winning_seed (res://tests/modules/mind_cultivation/test_breakthrough_attempt.gd:78)
       [2] test_a_terminal_attempt_survives_save_and_load (res://tests/modules/mind_cultivation/test_breakthrough_attempt.gd:371)
       [3] _initialize (res://tests/run_tests.gd:24)
SCRIPT ERROR: Invalid call. Nonexistent function 'attach' in base 'GDScript'.
   at: _actor (res://tests/modules/mind_cultivation/test_breakthrough_attempt.gd:17)
   GDScript backtrace (most recent call first):
       [0] _actor (res://tests/modules/mind_cultivation/test_breakthrough_attempt.gd:17)
       [1] _winning_seed (res://tests/modules/mind_cultivation/test_breakthrough_attempt.gd:77)
       [2] test_a_terminal_attempt_survives_save_and_load (res://tests/modules/mind_cultivation/test_breakthrough_attempt.gd:371)
       [3] _initialize (res://tests/run_tests.gd:24)
SCRIPT ERROR: Invalid call. Nonexistent function 'path' in base 'Nil'.
   at: _prepare (res://tests/modules/mind_cultivation/test_breakthrough_attempt.gd:36)
   GDScript backtrace (most recent call first):
       [0] _prepare (res://tests/modules/mind_cultivation/test_breakthrough_attempt.gd:36)
       [1] _winning_seed (res://tests/modules/mind_cultivation/test_breakthrough_attempt.gd:78)
       [2] test_a_terminal_attempt_survives_save_and_load (res://tests/modules/mind_cultivation/test_breakthrough_attempt.gd:371)
       [3] _initialize (res://tests/run_tests.gd:24)
SCRIPT ERROR: Invalid call. Nonexistent function 'attach' in base 'GDScript'.
   at: _actor (res://tests/modules/mind_cultivation/test_breakthrough_attempt.gd:17)
   GDScript backtrace (most recent call first):
       [0] _actor (res://tests/modules/mind_cultivation/test_breakthrough_attempt.gd:17)
       [1] _winning_seed (res://tests/modules/mind_cultivation/test_breakthrough_attempt.gd:77)
       [2] test_a_terminal_attempt_survives_save_and_load (res://tests/modules/mind_cultivation/test_breakthrough_attempt.gd:371)
       [3] _initialize (res://tests/run_tests.gd:24)
SCRIPT ERROR: Invalid call. Nonexistent function 'path' in base 'Nil'.
   at: _prepare (res://tests/modules/mind_cultivation/test_breakthrough_attempt.gd:36)
   GDScript backtrace (most recent call first):
       [0] _prepare (res://tests/modules/mind_cultivation/test_breakthrough_attempt.gd:36)
       [1] _winning_seed (res://tests/modules/mind_cultivation/test_breakthrough_attempt.gd:78)
       [2] test_a_terminal_attempt_survives_save_and_load (res://tests/modules/mind_cultivation/test_breakthrough_attempt.gd:371)
       [3] _initialize (res://tests/run_tests.gd:24)
SCRIPT ERROR: Invalid call. Nonexistent function 'attach' in base 'GDScript'.
   at: _actor (res://tests/modules/mind_cultivation/test_breakthrough_attempt.gd:17)
   GDScript backtrace (most recent call first):
       [0] _actor (res://tests/modules/mind_cultivation/test_breakthrough_attempt.gd:17)
       [1] _winning_seed (res://tests/modules/mind_cultivation/test_breakthrough_attempt.gd:77)
       [2] test_a_terminal_attempt_survives_save_and_load (res://tests/modules/mind_cultivation/test_breakthrough_attempt.gd:371)
       [3] _initialize (res://tests/run_tests.gd:24)
SCRIPT ERROR: Invalid call. Nonexistent function 'path' in base 'Nil'.
   at: _prepare (res://tests/modules/mind_cultivation/test_breakthrough_attempt.gd:36)
   GDScript backtrace (most recent call first):
       [0] _prepare (res://tests/modules/mind_cultivation/test_breakthrough_attempt.gd:36)
       [1] _winning_seed (res://tests/modules/mind_cultivation/test_breakthrough_attempt.gd:78)
       [2] test_a_terminal_attempt_survives_save_and_load (res://tests/modules/mind_cultivation/test_breakthrough_attempt.gd:371)
       [3] _initialize (res://tests/run_tests.gd:24)
SCRIPT ERROR: Invalid call. Nonexistent function 'attach' in base 'GDScript'.
   at: _actor (res://tests/modules/mind_cultivation/test_breakthrough_attempt.gd:17)
   GDScript backtrace (most recent call first):
       [0] _actor (res://tests/modules/mind_cultivation/test_breakthrough_attempt.gd:17)
       [1] _winning_seed (res://tests/modules/mind_cultivation/test_breakthrough_attempt.gd:77)
       [2] test_a_terminal_attempt_survives_save_and_load (res://tests/modules/mind_cultivation/test_breakthrough_attempt.gd:371)
       [3] _initialize (res://tests/run_tests.gd:24)
SCRIPT ERROR: Invalid call. Nonexistent function 'path' in base 'Nil'.
   at: _prepare (res://tests/modules/mind_cultivation/test_breakthrough_attempt.gd:36)
   GDScript backtrace (most recent call first):
       [0] _prepare (res://tests/modules/mind_cultivation/test_breakthrough_attempt.gd:36)
       [1] _winning_seed (res://tests/modules/mind_cultivation/test_breakthrough_attempt.gd:78)
       [2] test_a_terminal_attempt_survives_save_and_load (res://tests/modules/mind_cultivation/test_breakthrough_attempt.gd:371)
       [3] _initialize (res://tests/run_tests.gd:24)
SCRIPT ERROR: Invalid call. Nonexistent function 'attach' in base 'GDScript'.
   at: _actor (res://tests/modules/mind_cultivation/test_breakthrough_attempt.gd:17)
   GDScript backtrace (most recent call first):
       [0] _actor (res://tests/modules/mind_cultivation/test_breakthrough_attempt.gd:17)
       [1] _winning_seed (res://tests/modules/mind_cultivation/test_breakthrough_attempt.gd:77)
       [2] test_a_terminal_attempt_survives_save_and_load (res://tests/modules/mind_cultivation/test_breakthrough_attempt.gd:371)
       [3] _initialize (res://tests/run_tests.gd:24)
SCRIPT ERROR: Invalid call. Nonexistent function 'path' in base 'Nil'.
   at: _prepare (res://tests/modules/mind_cultivation/test_breakthrough_attempt.gd:36)
   GDScript backtrace (most recent call first):
       [0] _prepare (res://tests/modules/mind_cultivation/test_breakthrough_attempt.gd:36)
       [1] _winning_seed (res://tests/modules/mind_cultivation/test_breakthrough_attempt.gd:78)
       [2] test_a_terminal_attempt_survives_save_and_load (res://tests/modules/mind_cultivation/test_breakthrough_attempt.gd:371)
       [3] _initialize (res://tests/run_tests.gd:24)
SCRIPT ERROR: Invalid call. Nonexistent function 'attach' in base 'GDScript'.
   at: _actor (res://tests/modules/mind_cultivation/test_breakthrough_attempt.gd:17)
   GDScript backtrace (most recent call first):
       [0] _actor (res://tests/modules/mind_cultivation/test_breakthrough_attempt.gd:17)
       [1] _winning_seed (res://tests/modules/mind_cultivation/test_breakthrough_attempt.gd:77)
       [2] test_a_terminal_attempt_survives_save_and_load (res://tests/modules/mind_cultivation/test_breakthrough_attempt.gd:371)
       [3] _initialize (res://tests/run_tests.gd:24)
SCRIPT ERROR: Invalid call. Nonexistent function 'path' in base 'Nil'.
   at: _prepare (res://tests/modules/mind_cultivation/test_breakthrough_attempt.gd:36)
   GDScript backtrace (most recent call first):
       [0] _prepare (res://tests/modules/mind_cultivation/test_breakthrough_attempt.gd:36)
       [1] _winning_seed (res://tests/modules/mind_cultivation/test_breakthrough_attempt.gd:78)
       [2] test_a_terminal_attempt_survives_save_and_load (res://tests/modules/mind_cultivation/test_breakthrough_attempt.gd:371)
       [3] _initialize (res://tests/run_tests.gd:24)
SCRIPT ERROR: Invalid call. Nonexistent function 'attach' in base 'GDScript'.
   at: _actor (res://tests/modules/mind_cultivation/test_breakthrough_attempt.gd:17)
   GDScript backtrace (most recent call first):
       [0] _actor (res://tests/modules/mind_cultivation/test_breakthrough_attempt.gd:17)
       [1] _winning_seed (res://tests/modules/mind_cultivation/test_breakthrough_attempt.gd:77)
       [2] test_a_terminal_attempt_survives_save_and_load (res://tests/modules/mind_cultivation/test_breakthrough_attempt.gd:371)
       [3] _initialize (res://tests/run_tests.gd:24)
SCRIPT ERROR: Invalid call. Nonexistent function 'path' in base 'Nil'.
   at: _prepare (res://tests/modules/mind_cultivation/test_breakthrough_attempt.gd:36)
   GDScript backtrace (most recent call first):
       [0] _prepare (res://tests/modules/mind_cultivation/test_breakthrough_attempt.gd:36)
       [1] _winning_seed (res://tests/modules/mind_cultivation/test_breakthrough_attempt.gd:78)
       [2] test_a_terminal_attempt_survives_save_and_load (res://tests/modules/mind_cultivation/test_breakthrough_attempt.gd:371)
       [3] _initialize (res://tests/run_tests.gd:24)
SCRIPT ERROR: Invalid call. Nonexistent function 'attach' in base 'GDScript'.
   at: _actor (res://tests/modules/mind_cultivation/test_breakthrough_attempt.gd:17)
   GDScript backtrace (most recent call first):
       [0] _actor (res://tests/modules/mind_cultivation/test_breakthrough_attempt.gd:17)
       [1] _winning_seed (res://tests/modules/mind_cultivation/test_breakthrough_attempt.gd:77)
       [2] test_a_terminal_attempt_survives_save_and_load (res://tests/modules/mind_cultivation/test_breakthrough_attempt.gd:371)
       [3] _initialize (res://tests/run_tests.gd:24)
SCRIPT ERROR: Invalid call. Nonexistent function 'path' in base 'Nil'.
   at: _prepare (res://tests/modules/mind_cultivation/test_breakthrough_attempt.gd:36)
   GDScript backtrace (most recent call first):
       [0] _prepare (res://tests/modules/mind_cultivation/test_breakthrough_attempt.gd:36)
       [1] _winning_seed (res://tests/modules/mind_cultivation/test_breakthrough_attempt.gd:78)
       [2] test_a_terminal_attempt_survives_save_and_load (res://tests/modules/mind_cultivation/test_breakthrough_attempt.gd:371)
       [3] _initialize (res://tests/run_tests.gd:24)
SCRIPT ERROR: Invalid call. Nonexistent function 'attach' in base 'GDScript'.
   at: _actor (res://tests/modules/mind_cultivation/test_breakthrough_attempt.gd:17)
   GDScript backtrace (most recent call first):
       [0] _actor (res://tests/modules/mind_cultivation/test_breakthrough_attempt.gd:17)
       [1] _winning_seed (res://tests/modules/mind_cultivation/test_breakthrough_attempt.gd:77)
       [2] test_a_terminal_attempt_survives_save_and_load (res://tests/modules/mind_cultivation/test_breakthrough_attempt.gd:371)
       [3] _initialize (res://tests/run_tests.gd:24)
SCRIPT ERROR: Invalid call. Nonexistent function 'path' in base 'Nil'.
   at: _prepare (res://tests/modules/mind_cultivation/test_breakthrough_attempt.gd:36)
   GDScript backtrace (most recent call first):
       [0] _prepare (res://tests/modules/mind_cultivation/test_breakthrough_attempt.gd:36)
       [1] _winning_seed (res://tests/modules/mind_cultivation/test_breakthrough_attempt.gd:78)
       [2] test_a_terminal_attempt_survives_save_and_load (res://tests/modules/mind_cultivation/test_breakthrough_attempt.gd:371)
       [3] _initialize (res://tests/run_tests.gd:24)
SCRIPT ERROR: Invalid call. Nonexistent function 'attach' in base 'GDScript'.
   at: _actor (res://tests/modules/mind_cultivation/test_breakthrough_attempt.gd:17)
   GDScript backtrace (most recent call first):
       [0] _actor (res://tests/modules/mind_cultivation/test_breakthrough_attempt.gd:17)
       [1] _winning_seed (res://tests/modules/mind_cultivation/test_breakthrough_attempt.gd:77)
       [2] test_a_terminal_attempt_survives_save_and_load (res://tests/modules/mind_cultivation/test_breakthrough_attempt.gd:371)
       [3] _initialize (res://tests/run_tests.gd:24)
SCRIPT ERROR: Invalid call. Nonexistent function 'path' in base 'Nil'.
   at: _prepare (res://tests/modules/mind_cultivation/test_breakthrough_attempt.gd:36)
   GDScript backtrace (most recent call first):
       [0] _prepare (res://tests/modules/mind_cultivation/test_breakthrough_attempt.gd:36)
       [1] _winning_seed (res://tests/modules/mind_cultivation/test_breakthrough_attempt.gd:78)
       [2] test_a_terminal_attempt_survives_save_and_load (res://tests/modules/mind_cultivation/test_breakthrough_attempt.gd:371)
       [3] _initialize (res://tests/run_tests.gd:24)
SCRIPT ERROR: Invalid call. Nonexistent function 'attach' in base 'GDScript'.
   at: _actor (res://tests/modules/mind_cultivation/test_breakthrough_attempt.gd:17)
   GDScript backtrace (most recent call first):
       [0] _actor (res://tests/modules/mind_cultivation/test_breakthrough_attempt.gd:17)
       [1] _winning_seed (res://tests/modules/mind_cultivation/test_breakthrough_attempt.gd:77)
       [2] test_a_terminal_attempt_survives_save_and_load (res://tests/modules/mind_cultivation/test_breakthrough_attempt.gd:371)
       [3] _initialize (res://tests/run_tests.gd:24)
SCRIPT ERROR: Invalid call. Nonexistent function 'path' in base 'Nil'.
   at: _prepare (res://tests/modules/mind_cultivation/test_breakthrough_attempt.gd:36)
   GDScript backtrace (most recent call first):
       [0] _prepare (res://tests/modules/mind_cultivation/test_breakthrough_attempt.gd:36)
       [1] _winning_seed (res://tests/modules/mind_cultivation/test_breakthrough_attempt.gd:78)
       [2] test_a_terminal_attempt_survives_save_and_load (res://tests/modules/mind_cultivation/test_breakthrough_attempt.gd:371)
       [3] _initialize (res://tests/run_tests.gd:24)
SCRIPT ERROR: Invalid call. Nonexistent function 'attach' in base 'GDScript'.
   at: _actor (res://tests/modules/mind_cultivation/test_breakthrough_attempt.gd:17)
   GDScript backtrace (most recent call first):
       [0] _actor (res://tests/modules/mind_cultivation/test_breakthrough_attempt.gd:17)
       [1] _winning_seed (res://tests/modules/mind_cultivation/test_breakthrough_attempt.gd:77)
       [2] test_a_terminal_attempt_survives_save_and_load (res://tests/modules/mind_cultivation/test_breakthrough_attempt.gd:371)
       [3] _initialize (res://tests/run_tests.gd:24)
SCRIPT ERROR: Invalid call. Nonexistent function 'path' in base 'Nil'.
   at: _prepare (res://tests/modules/mind_cultivation/test_breakthrough_attempt.gd:36)
   GDScript backtrace (most recent call first):
       [0] _prepare (res://tests/modules/mind_cultivation/test_breakthrough_attempt.gd:36)
       [1] _winning_seed (res://tests/modules/mind_cultivation/test_breakthrough_attempt.gd:78)
       [2] test_a_terminal_attempt_survives_save_and_load (res://tests/modules/mind_cultivation/test_breakthrough_attempt.gd:371)
       [3] _initialize (res://tests/run_tests.gd:24)
SCRIPT ERROR: Invalid call. Nonexistent function 'attach' in base 'GDScript'.
   at: _actor (res://tests/modules/mind_cultivation/test_breakthrough_attempt.gd:17)
   GDScript backtrace (most recent call first):
       [0] _actor (res://tests/modules/mind_cultivation/test_breakthrough_attempt.gd:17)
       [1] _winning_seed (res://tests/modules/mind_cultivation/test_breakthrough_attempt.gd:77)
       [2] test_a_terminal_attempt_survives_save_and_load (res://tests/modules/mind_cultivation/test_breakthrough_attempt.gd:371)
       [3] _initialize (res://tests/run_tests.gd:24)
SCRIPT ERROR: Invalid call. Nonexistent function 'path' in base 'Nil'.
   at: _prepare (res://tests/modules/mind_cultivation/test_breakthrough_attempt.gd:36)
   GDScript backtrace (most recent call first):
       [0] _prepare (res://tests/modules/mind_cultivation/test_breakthrough_attempt.gd:36)
       [1] _winning_seed (res://tests/modules/mind_cultivation/test_breakthrough_attempt.gd:78)
       [2] test_a_terminal_attempt_survives_save_and_load (res://tests/modules/mind_cultivation/test_breakthrough_attempt.gd:371)
       [3] _initialize (res://tests/run_tests.gd:24)
SCRIPT ERROR: Invalid call. Nonexistent function 'attach' in base 'GDScript'.
   at: _actor (res://tests/modules/mind_cultivation/test_breakthrough_attempt.gd:17)
   GDScript backtrace (most recent call first):
       [0] _actor (res://tests/modules/mind_cultivation/test_breakthrough_attempt.gd:17)
       [1] _winning_seed (res://tests/modules/mind_cultivation/test_breakthrough_attempt.gd:77)
       [2] test_a_terminal_attempt_survives_save_and_load (res://tests/modules/mind_cultivation/test_breakthrough_attempt.gd:371)
       [3] _initialize (res://tests/run_tests.gd:24)
SCRIPT ERROR: Invalid call. Nonexistent function 'path' in base 'Nil'.
   at: _prepare (res://tests/modules/mind_cultivation/test_breakthrough_attempt.gd:36)
   GDScript backtrace (most recent call first):
       [0] _prepare (res://tests/modules/mind_cultivation/test_breakthrough_attempt.gd:36)
       [1] _winning_seed (res://tests/modules/mind_cultivation/test_breakthrough_attempt.gd:78)
       [2] test_a_terminal_attempt_survives_save_and_load (res://tests/modules/mind_cultivation/test_breakthrough_attempt.gd:371)
       [3] _initialize (res://tests/run_tests.gd:24)
SCRIPT ERROR: Invalid call. Nonexistent function 'attach' in base 'GDScript'.
   at: _actor (res://tests/modules/mind_cultivation/test_breakthrough_attempt.gd:17)
   GDScript backtrace (most recent call first):
       [0] _actor (res://tests/modules/mind_cultivation/test_breakthrough_attempt.gd:17)
       [1] _winning_seed (res://tests/modules/mind_cultivation/test_breakthrough_attempt.gd:77)
       [2] test_a_terminal_attempt_survives_save_and_load (res://tests/modules/mind_cultivation/test_breakthrough_attempt.gd:371)
       [3] _initialize (res://tests/run_tests.gd:24)
SCRIPT ERROR: Invalid call. Nonexistent function 'path' in base 'Nil'.
   at: _prepare (res://tests/modules/mind_cultivation/test_breakthrough_attempt.gd:36)
   GDScript backtrace (most recent call first):
       [0] _prepare (res://tests/modules/mind_cultivation/test_breakthrough_attempt.gd:36)
       [1] _winning_seed (res://tests/modules/mind_cultivation/test_breakthrough_attempt.gd:78)
       [2] test_a_terminal_attempt_survives_save_and_load (res://tests/modules/mind_cultivation/test_breakthrough_attempt.gd:371)
       [3] _initialize (res://tests/run_tests.gd:24)
SCRIPT ERROR: Invalid call. Nonexistent function 'attach' in base 'GDScript'.
   at: _actor (res://tests/modules/mind_cultivation/test_breakthrough_attempt.gd:17)
   GDScript backtrace (most recent call first):
       [0] _actor (res://tests/modules/mind_cultivation/test_breakthrough_attempt.gd:17)
       [1] _winning_seed (res://tests/modules/mind_cultivation/test_breakthrough_attempt.gd:77)
       [2] test_a_terminal_attempt_survives_save_and_load (res://tests/modules/mind_cultivation/test_breakthrough_attempt.gd:371)
       [3] _initialize (res://tests/run_tests.gd:24)
SCRIPT ERROR: Invalid call. Nonexistent function 'path' in base 'Nil'.
   at: _prepare (res://tests/modules/mind_cultivation/test_breakthrough_attempt.gd:36)
   GDScript backtrace (most recent call first):
       [0] _prepare (res://tests/modules/mind_cultivation/test_breakthrough_attempt.gd:36)
       [1] _winning_seed (res://tests/modules/mind_cultivation/test_breakthrough_attempt.gd:78)
       [2] test_a_terminal_attempt_survives_save_and_load (res://tests/modules/mind_cultivation/test_breakthrough_attempt.gd:371)
       [3] _initialize (res://tests/run_tests.gd:24)
SCRIPT ERROR: Invalid call. Nonexistent function 'attach' in base 'GDScript'.
   at: _actor (res://tests/modules/mind_cultivation/test_breakthrough_attempt.gd:17)
   GDScript backtrace (most recent call first):
       [0] _actor (res://tests/modules/mind_cultivation/test_breakthrough_attempt.gd:17)
       [1] _winning_seed (res://tests/modules/mind_cultivation/test_breakthrough_attempt.gd:77)
       [2] test_a_terminal_attempt_survives_save_and_load (res://tests/modules/mind_cultivation/test_breakthrough_attempt.gd:371)
       [3] _initialize (res://tests/run_tests.gd:24)
SCRIPT ERROR: Invalid call. Nonexistent function 'path' in base 'Nil'.
   at: _prepare (res://tests/modules/mind_cultivation/test_breakthrough_attempt.gd:36)
   GDScript backtrace (most recent call first):
       [0] _prepare (res://tests/modules/mind_cultivation/test_breakthrough_attempt.gd:36)
       [1] _winning_seed (res://tests/modules/mind_cultivation/test_breakthrough_attempt.gd:78)
       [2] test_a_terminal_attempt_survives_save_and_load (res://tests/modules/mind_cultivation/test_breakthrough_attempt.gd:371)
       [3] _initialize (res://tests/run_tests.gd:24)
SCRIPT ERROR: Invalid call. Nonexistent function 'attach' in base 'GDScript'.
   at: _actor (res://tests/modules/mind_cultivation/test_breakthrough_attempt.gd:17)
   GDScript backtrace (most recent call first):
       [0] _actor (res://tests/modules/mind_cultivation/test_breakthrough_attempt.gd:17)
       [1] _winning_seed (res://tests/modules/mind_cultivation/test_breakthrough_attempt.gd:77)
       [2] test_a_terminal_attempt_survives_save_and_load (res://tests/modules/mind_cultivation/test_breakthrough_attempt.gd:371)
       [3] _initialize (res://tests/run_tests.gd:24)
SCRIPT ERROR: Invalid call. Nonexistent function 'path' in base 'Nil'.
   at: _prepare (res://tests/modules/mind_cultivation/test_breakthrough_attempt.gd:36)
   GDScript backtrace (most recent call first):
       [0] _prepare (res://tests/modules/mind_cultivation/test_breakthrough_attempt.gd:36)
       [1] _winning_seed (res://tests/modules/mind_cultivation/test_breakthrough_attempt.gd:78)
       [2] test_a_terminal_attempt_survives_save_and_load (res://tests/modules/mind_cultivation/test_breakthrough_attempt.gd:371)
       [3] _initialize (res://tests/run_tests.gd:24)
SCRIPT ERROR: Invalid call. Nonexistent function 'attach' in base 'GDScript'.
   at: _actor (res://tests/modules/mind_cultivation/test_breakthrough_attempt.gd:17)
   GDScript backtrace (most recent call first):
       [0] _actor (res://tests/modules/mind_cultivation/test_breakthrough_attempt.gd:17)
       [1] _winning_seed (res://tests/modules/mind_cultivation/test_breakthrough_attempt.gd:77)
       [2] test_a_terminal_attempt_survives_save_and_load (res://tests/modules/mind_cultivation/test_breakthrough_attempt.gd:371)
       [3] _initialize (res://tests/run_tests.gd:24)
SCRIPT ERROR: Invalid call. Nonexistent function 'path' in base 'Nil'.
   at: _prepare (res://tests/modules/mind_cultivation/test_breakthrough_attempt.gd:36)
   GDScript backtrace (most recent call first):
       [0] _prepare (res://tests/modules/mind_cultivation/test_breakthrough_attempt.gd:36)
       [1] _winning_seed (res://tests/modules/mind_cultivation/test_breakthrough_attempt.gd:78)
       [2] test_a_terminal_attempt_survives_save_and_load (res://tests/modules/mind_cultivation/test_breakthrough_attempt.gd:371)
       [3] _initialize (res://tests/run_tests.gd:24)
SCRIPT ERROR: Invalid call. Nonexistent function 'attach' in base 'GDScript'.
   at: _actor (res://tests/modules/mind_cultivation/test_breakthrough_attempt.gd:17)
   GDScript backtrace (most recent call first):
       [0] _actor (res://tests/modules/mind_cultivation/test_breakthrough_attempt.gd:17)
       [1] _winning_seed (res://tests/modules/mind_cultivation/test_breakthrough_attempt.gd:77)
       [2] test_a_terminal_attempt_survives_save_and_load (res://tests/modules/mind_cultivation/test_breakthrough_attempt.gd:371)
       [3] _initialize (res://tests/run_tests.gd:24)
SCRIPT ERROR: Invalid call. Nonexistent function 'path' in base 'Nil'.
   at: _prepare (res://tests/modules/mind_cultivation/test_breakthrough_attempt.gd:36)
   GDScript backtrace (most recent call first):
       [0] _prepare (res://tests/modules/mind_cultivation/test_breakthrough_attempt.gd:36)
       [1] _winning_seed (res://tests/modules/mind_cultivation/test_breakthrough_attempt.gd:78)
       [2] test_a_terminal_attempt_survives_save_and_load (res://tests/modules/mind_cultivation/test_breakthrough_attempt.gd:371)
       [3] _initialize (res://tests/run_tests.gd:24)
SCRIPT ERROR: Invalid call. Nonexistent function 'attach' in base 'GDScript'.
   at: _actor (res://tests/modules/mind_cultivation/test_breakthrough_attempt.gd:17)
   GDScript backtrace (most recent call first):
       [0] _actor (res://tests/modules/mind_cultivation/test_breakthrough_attempt.gd:17)
       [1] _winning_seed (res://tests/modules/mind_cultivation/test_breakthrough_attempt.gd:77)
       [2] test_a_terminal_attempt_survives_save_and_load (res://tests/modules/mind_cultivation/test_breakthrough_attempt.gd:371)
       [3] _initialize (res://tests/run_tests.gd:24)
SCRIPT ERROR: Invalid call. Nonexistent function 'path' in base 'Nil'.
   at: _prepare (res://tests/modules/mind_cultivation/test_breakthrough_attempt.gd:36)
   GDScript backtrace (most recent call first):
       [0] _prepare (res://tests/modules/mind_cultivation/test_breakthrough_attempt.gd:36)
       [1] _winning_seed (res://tests/modules/mind_cultivation/test_breakthrough_attempt.gd:78)
       [2] test_a_terminal_attempt_survives_save_and_load (res://tests/modules/mind_cultivation/test_breakthrough_attempt.gd:371)
       [3] _initialize (res://tests/run_tests.gd:24)
SCRIPT ERROR: Invalid call. Nonexistent function 'attach' in base 'GDScript'.
   at: _actor (res://tests/modules/mind_cultivation/test_breakthrough_attempt.gd:17)
   GDScript backtrace (most recent call first):
       [0] _actor (res://tests/modules/mind_cultivation/test_breakthrough_attempt.gd:17)
       [1] _winning_seed (res://tests/modules/mind_cultivation/test_breakthrough_attempt.gd:77)
       [2] test_a_terminal_attempt_survives_save_and_load (res://tests/modules/mind_cultivation/test_breakthrough_attempt.gd:371)
       [3] _initialize (res://tests/run_tests.gd:24)
SCRIPT ERROR: Invalid call. Nonexistent function 'path' in base 'Nil'.
   at: _prepare (res://tests/modules/mind_cultivation/test_breakthrough_attempt.gd:36)
   GDScript backtrace (most recent call first):
       [0] _prepare (res://tests/modules/mind_cultivation/test_breakthrough_attempt.gd:36)
       [1] _winning_seed (res://tests/modules/mind_cultivation/test_breakthrough_attempt.gd:78)
       [2] test_a_terminal_attempt_survives_save_and_load (res://tests/modules/mind_cultivation/test_breakthrough_attempt.gd:371)
       [3] _initialize (res://tests/run_tests.gd:24)
SCRIPT ERROR: Invalid call. Nonexistent function 'attach' in base 'GDScript'.
   at: _actor (res://tests/modules/mind_cultivation/test_breakthrough_attempt.gd:17)
   GDScript backtrace (most recent call first):
       [0] _actor (res://tests/modules/mind_cultivation/test_breakthrough_attempt.gd:17)
       [1] _winning_seed (res://tests/modules/mind_cultivation/test_breakthrough_attempt.gd:77)
       [2] test_a_terminal_attempt_survives_save_and_load (res://tests/modules/mind_cultivation/test_breakthrough_attempt.gd:371)
       [3] _initialize (res://tests/run_tests.gd:24)
SCRIPT ERROR: Invalid call. Nonexistent function 'path' in base 'Nil'.
   at: _prepare (res://tests/modules/mind_cultivation/test_breakthrough_attempt.gd:36)
   GDScript backtrace (most recent call first):
       [0] _prepare (res://tests/modules/mind_cultivation/test_breakthrough_attempt.gd:36)
       [1] _winning_seed (res://tests/modules/mind_cultivation/test_breakthrough_attempt.gd:78)
       [2] test_a_terminal_attempt_survives_save_and_load (res://tests/modules/mind_cultivation/test_breakthrough_attempt.gd:371)
       [3] _initialize (res://tests/run_tests.gd:24)
SCRIPT ERROR: Invalid call. Nonexistent function 'attach' in base 'GDScript'.
   at: _actor (res://tests/modules/mind_cultivation/test_breakthrough_attempt.gd:17)
   GDScript backtrace (most recent call first):
       [0] _actor (res://tests/modules/mind_cultivation/test_breakthrough_attempt.gd:17)
       [1] _winning_seed (res://tests/modules/mind_cultivation/test_breakthrough_attempt.gd:77)
       [2] test_a_terminal_attempt_survives_save_and_load (res://tests/modules/mind_cultivation/test_breakthrough_attempt.gd:371)
       [3] _initialize (res://tests/run_tests.gd:24)
SCRIPT ERROR: Invalid call. Nonexistent function 'path' in base 'Nil'.
   at: _prepare (res://tests/modules/mind_cultivation/test_breakthrough_attempt.gd:36)
   GDScript backtrace (most recent call first):
       [0] _prepare (res://tests/modules/mind_cultivation/test_breakthrough_attempt.gd:36)
       [1] _winning_seed (res://tests/modules/mind_cultivation/test_breakthrough_attempt.gd:78)
       [2] test_a_terminal_attempt_survives_save_and_load (res://tests/modules/mind_cultivation/test_breakthrough_attempt.gd:371)
       [3] _initialize (res://tests/run_tests.gd:24)
SCRIPT ERROR: Invalid call. Nonexistent function 'attach' in base 'GDScript'.
   at: _actor (res://tests/modules/mind_cultivation/test_breakthrough_attempt.gd:17)
   GDScript backtrace (most recent call first):
       [0] _actor (res://tests/modules/mind_cultivation/test_breakthrough_attempt.gd:17)
       [1] _winning_seed (res://tests/modules/mind_cultivation/test_breakthrough_attempt.gd:77)
       [2] test_a_terminal_attempt_survives_save_and_load (res://tests/modules/mind_cultivation/test_breakthrough_attempt.gd:371)
       [3] _initialize (res://tests/run_tests.gd:24)
SCRIPT ERROR: Invalid call. Nonexistent function 'path' in base 'Nil'.
   at: _prepare (res://tests/modules/mind_cultivation/test_breakthrough_attempt.gd:36)
   GDScript backtrace (most recent call first):
       [0] _prepare (res://tests/modules/mind_cultivation/test_breakthrough_attempt.gd:36)
       [1] _winning_seed (res://tests/modules/mind_cultivation/test_breakthrough_attempt.gd:78)
       [2] test_a_terminal_attempt_survives_save_and_load (res://tests/modules/mind_cultivation/test_breakthrough_attempt.gd:371)
       [3] _initialize (res://tests/run_tests.gd:24)
SCRIPT ERROR: Invalid call. Nonexistent function 'attach' in base 'GDScript'.
   at: _actor (res://tests/modules/mind_cultivation/test_breakthrough_attempt.gd:17)
   GDScript backtrace (most recent call first):
       [0] _actor (res://tests/modules/mind_cultivation/test_breakthrough_attempt.gd:17)
       [1] _winning_seed (res://tests/modules/mind_cultivation/test_breakthrough_attempt.gd:77)
       [2] test_a_terminal_attempt_survives_save_and_load (res://tests/modules/mind_cultivation/test_breakthrough_attempt.gd:371)
       [3] _initialize (res://tests/run_tests.gd:24)
SCRIPT ERROR: Invalid call. Nonexistent function 'path' in base 'Nil'.
   at: _prepare (res://tests/modules/mind_cultivation/test_breakthrough_attempt.gd:36)
   GDScript backtrace (most recent call first):
       [0] _prepare (res://tests/modules/mind_cultivation/test_breakthrough_attempt.gd:36)
       [1] _winning_seed (res://tests/modules/mind_cultivation/test_breakthrough_attempt.gd:78)
       [2] test_a_terminal_attempt_survives_save_and_load (res://tests/modules/mind_cultivation/test_breakthrough_attempt.gd:371)
       [3] _initialize (res://tests/run_tests.gd:24)
SCRIPT ERROR: Invalid call. Nonexistent function 'attach' in base 'GDScript'.
   at: _actor (res://tests/modules/mind_cultivation/test_breakthrough_attempt.gd:17)
   GDScript backtrace (most recent call first):
       [0] _actor (res://tests/modules/mind_cultivation/test_breakthrough_attempt.gd:17)
       [1] _winning_seed (res://tests/modules/mind_cultivation/test_breakthrough_attempt.gd:77)
       [2] test_a_terminal_attempt_survives_save_and_load (res://tests/modules/mind_cultivation/test_breakthrough_attempt.gd:371)
       [3] _initialize (res://tests/run_tests.gd:24)
SCRIPT ERROR: Invalid call. Nonexistent function 'path' in base 'Nil'.
   at: _prepare (res://tests/modules/mind_cultivation/test_breakthrough_attempt.gd:36)
   GDScript backtrace (most recent call first):
       [0] _prepare (res://tests/modules/mind_cultivation/test_breakthrough_attempt.gd:36)
       [1] _winning_seed (res://tests/modules/mind_cultivation/test_breakthrough_attempt.gd:78)
       [2] test_a_terminal_attempt_survives_save_and_load (res://tests/modules/mind_cultivation/test_breakthrough_attempt.gd:371)
       [3] _initialize (res://tests/run_tests.gd:24)
SCRIPT ERROR: Invalid call. Nonexistent function 'attach' in base 'GDScript'.
   at: _actor (res://tests/modules/mind_cultivation/test_breakthrough_attempt.gd:17)
   GDScript backtrace (most recent call first):
       [0] _actor (res://tests/modules/mind_cultivation/test_breakthrough_attempt.gd:17)
       [1] _winning_seed (res://tests/modules/mind_cultivation/test_breakthrough_attempt.gd:77)
       [2] test_a_terminal_attempt_survives_save_and_load (res://tests/modules/mind_cultivation/test_breakthrough_attempt.gd:371)
       [3] _initialize (res://tests/run_tests.gd:24)
SCRIPT ERROR: Invalid call. Nonexistent function 'path' in base 'Nil'.
   at: _prepare (res://tests/modules/mind_cultivation/test_breakthrough_attempt.gd:36)
   GDScript backtrace (most recent call first):
       [0] _prepare (res://tests/modules/mind_cultivation/test_breakthrough_attempt.gd:36)
       [1] _winning_seed (res://tests/modules/mind_cultivation/test_breakthrough_attempt.gd:78)
       [2] test_a_terminal_attempt_survives_save_and_load (res://tests/modules/mind_cultivation/test_breakthrough_attempt.gd:371)
       [3] _initialize (res://tests/run_tests.gd:24)
SCRIPT ERROR: Invalid call. Nonexistent function 'attach' in base 'GDScript'.
   at: _actor (res://tests/modules/mind_cultivation/test_breakthrough_attempt.gd:17)
   GDScript backtrace (most recent call first):
       [0] _actor (res://tests/modules/mind_cultivation/test_breakthrough_attempt.gd:17)
       [1] _winning_seed (res://tests/modules/mind_cultivation/test_breakthrough_attempt.gd:77)
       [2] test_a_terminal_attempt_survives_save_and_load (res://tests/modules/mind_cultivation/test_breakthrough_attempt.gd:371)
       [3] _initialize (res://tests/run_tests.gd:24)
SCRIPT ERROR: Invalid call. Nonexistent function 'path' in base 'Nil'.
   at: _prepare (res://tests/modules/mind_cultivation/test_breakthrough_attempt.gd:36)
   GDScript backtrace (most recent call first):
       [0] _prepare (res://tests/modules/mind_cultivation/test_breakthrough_attempt.gd:36)
       [1] _winning_seed (res://tests/modules/mind_cultivation/test_breakthrough_attempt.gd:78)
       [2] test_a_terminal_attempt_survives_save_and_load (res://tests/modules/mind_cultivation/test_breakthrough_attempt.gd:371)
       [3] _initialize (res://tests/run_tests.gd:24)
SCRIPT ERROR: Invalid call. Nonexistent function 'attach' in base 'GDScript'.
   at: _actor (res://tests/modules/mind_cultivation/test_breakthrough_attempt.gd:17)
   GDScript backtrace (most recent call first):
       [0] _actor (res://tests/modules/mind_cultivation/test_breakthrough_attempt.gd:17)
       [1] _winning_seed (res://tests/modules/mind_cultivation/test_breakthrough_attempt.gd:77)
       [2] test_a_terminal_attempt_survives_save_and_load (res://tests/modules/mind_cultivation/test_breakthrough_attempt.gd:371)
       [3] _initialize (res://tests/run_tests.gd:24)
SCRIPT ERROR: Invalid call. Nonexistent function 'path' in base 'Nil'.
   at: _prepare (res://tests/modules/mind_cultivation/test_breakthrough_attempt.gd:36)
   GDScript backtrace (most recent call first):
       [0] _prepare (res://tests/modules/mind_cultivation/test_breakthrough_attempt.gd:36)
       [1] _winning_seed (res://tests/modules/mind_cultivation/test_breakthrough_attempt.gd:78)
       [2] test_a_terminal_attempt_survives_save_and_load (res://tests/modules/mind_cultivation/test_breakthrough_attempt.gd:371)
       [3] _initialize (res://tests/run_tests.gd:24)
SCRIPT ERROR: Invalid call. Nonexistent function 'attach' in base 'GDScript'.
   at: _actor (res://tests/modules/mind_cultivation/test_breakthrough_attempt.gd:17)
   GDScript backtrace (most recent call first):
       [0] _actor (res://tests/modules/mind_cultivation/test_breakthrough_attempt.gd:17)
       [1] _winning_seed (res://tests/modules/mind_cultivation/test_breakthrough_attempt.gd:77)
       [2] test_a_terminal_attempt_survives_save_and_load (res://tests/modules/mind_cultivation/test_breakthrough_attempt.gd:371)
       [3] _initialize (res://tests/run_tests.gd:24)
SCRIPT ERROR: Invalid call. Nonexistent function 'path' in base 'Nil'.
   at: _prepare (res://tests/modules/mind_cultivation/test_breakthrough_attempt.gd:36)
   GDScript backtrace (most recent call first):
       [0] _prepare (res://tests/modules/mind_cultivation/test_breakthrough_attempt.gd:36)
       [1] _winning_seed (res://tests/modules/mind_cultivation/test_breakthrough_attempt.gd:78)
       [2] test_a_terminal_attempt_survives_save_and_load (res://tests/modules/mind_cultivation/test_breakthrough_attempt.gd:371)
       [3] _initialize (res://tests/run_tests.gd:24)
SCRIPT ERROR: Invalid call. Nonexistent function 'attach' in base 'GDScript'.
   at: _actor (res://tests/modules/mind_cultivation/test_breakthrough_attempt.gd:17)
   GDScript backtrace (most recent call first):
       [0] _actor (res://tests/modules/mind_cultivation/test_breakthrough_attempt.gd:17)
       [1] _winning_seed (res://tests/modules/mind_cultivation/test_breakthrough_attempt.gd:77)
       [2] test_a_terminal_attempt_survives_save_and_load (res://tests/modules/mind_cultivation/test_breakthrough_attempt.gd:371)
       [3] _initialize (res://tests/run_tests.gd:24)
SCRIPT ERROR: Invalid call. Nonexistent function 'path' in base 'Nil'.
   at: _prepare (res://tests/modules/mind_cultivation/test_breakthrough_attempt.gd:36)
   GDScript backtrace (most recent call first):
       [0] _prepare (res://tests/modules/mind_cultivation/test_breakthrough_attempt.gd:36)
       [1] _winning_seed (res://tests/modules/mind_cultivation/test_breakthrough_attempt.gd:78)
       [2] test_a_terminal_attempt_survives_save_and_load (res://tests/modules/mind_cultivation/test_breakthrough_attempt.gd:371)
       [3] _initialize (res://tests/run_tests.gd:24)
SCRIPT ERROR: Invalid call. Nonexistent function 'attach' in base 'GDScript'.
   at: _actor (res://tests/modules/mind_cultivation/test_breakthrough_attempt.gd:17)
   GDScript backtrace (most recent call first):
       [0] _actor (res://tests/modules/mind_cultivation/test_breakthrough_attempt.gd:17)
       [1] _winning_seed (res://tests/modules/mind_cultivation/test_breakthrough_attempt.gd:77)
       [2] test_a_terminal_attempt_survives_save_and_load (res://tests/modules/mind_cultivation/test_breakthrough_attempt.gd:371)
       [3] _initialize (res://tests/run_tests.gd:24)
SCRIPT ERROR: Invalid call. Nonexistent function 'path' in base 'Nil'.
   at: _prepare (res://tests/modules/mind_cultivation/test_breakthrough_attempt.gd:36)
   GDScript backtrace (most recent call first):
       [0] _prepare (res://tests/modules/mind_cultivation/test_breakthrough_attempt.gd:36)
       [1] _winning_seed (res://tests/modules/mind_cultivation/test_breakthrough_attempt.gd:78)
       [2] test_a_terminal_attempt_survives_save_and_load (res://tests/modules/mind_cultivation/test_breakthrough_attempt.gd:371)
       [3] _initialize (res://tests/run_tests.gd:24)
SCRIPT ERROR: Invalid call. Nonexistent function 'attach' in base 'GDScript'.
   at: _actor (res://tests/modules/mind_cultivation/test_breakthrough_attempt.gd:17)
   GDScript backtrace (most recent call first):
       [0] _actor (res://tests/modules/mind_cultivation/test_breakthrough_attempt.gd:17)
       [1] _winning_seed (res://tests/modules/mind_cultivation/test_breakthrough_attempt.gd:77)
       [2] test_a_terminal_attempt_survives_save_and_load (res://tests/modules/mind_cultivation/test_breakthrough_attempt.gd:371)
       [3] _initialize (res://tests/run_tests.gd:24)
SCRIPT ERROR: Invalid call. Nonexistent function 'path' in base 'Nil'.
   at: _prepare (res://tests/modules/mind_cultivation/test_breakthrough_attempt.gd:36)
   GDScript backtrace (most recent call first):
       [0] _prepare (res://tests/modules/mind_cultivation/test_breakthrough_attempt.gd:36)
       [1] _winning_seed (res://tests/modules/mind_cultivation/test_breakthrough_attempt.gd:78)
       [2] test_a_terminal_attempt_survives_save_and_load (res://tests/modules/mind_cultivation/test_breakthrough_attempt.gd:371)
       [3] _initialize (res://tests/run_tests.gd:24)
SCRIPT ERROR: Invalid call. Nonexistent function 'attach' in base 'GDScript'.
   at: _actor (res://tests/modules/mind_cultivation/test_breakthrough_attempt.gd:17)
   GDScript backtrace (most recent call first):
       [0] _actor (res://tests/modules/mind_cultivation/test_breakthrough_attempt.gd:17)
       [1] _winning_seed (res://tests/modules/mind_cultivation/test_breakthrough_attempt.gd:77)
       [2] test_a_terminal_attempt_survives_save_and_load (res://tests/modules/mind_cultivation/test_breakthrough_attempt.gd:371)
       [3] _initialize (res://tests/run_tests.gd:24)
SCRIPT ERROR: Invalid call. Nonexistent function 'path' in base 'Nil'.
   at: _prepare (res://tests/modules/mind_cultivation/test_breakthrough_attempt.gd:36)
   GDScript backtrace (most recent call first):
       [0] _prepare (res://tests/modules/mind_cultivation/test_breakthrough_attempt.gd:36)
       [1] _winning_seed (res://tests/modules/mind_cultivation/test_breakthrough_attempt.gd:78)
       [2] test_a_terminal_attempt_survives_save_and_load (res://tests/modules/mind_cultivation/test_breakthrough_attempt.gd:371)
       [3] _initialize (res://tests/run_tests.gd:24)
SCRIPT ERROR: Invalid call. Nonexistent function 'attach' in base 'GDScript'.
   at: _actor (res://tests/modules/mind_cultivation/test_breakthrough_attempt.gd:17)
   GDScript backtrace (most recent call first):
       [0] _actor (res://tests/modules/mind_cultivation/test_breakthrough_attempt.gd:17)
       [1] _winning_seed (res://tests/modules/mind_cultivation/test_breakthrough_attempt.gd:77)
       [2] test_a_terminal_attempt_survives_save_and_load (res://tests/modules/mind_cultivation/test_breakthrough_attempt.gd:371)
       [3] _initialize (res://tests/run_tests.gd:24)
SCRIPT ERROR: Invalid call. Nonexistent function 'path' in base 'Nil'.
   at: _prepare (res://tests/modules/mind_cultivation/test_breakthrough_attempt.gd:36)
   GDScript backtrace (most recent call first):
       [0] _prepare (res://tests/modules/mind_cultivation/test_breakthrough_attempt.gd:36)
       [1] _winning_seed (res://tests/modules/mind_cultivation/test_breakthrough_attempt.gd:78)
       [2] test_a_terminal_attempt_survives_save_and_load (res://tests/modules/mind_cultivation/test_breakthrough_attempt.gd:371)
       [3] _initialize (res://tests/run_tests.gd:24)
SCRIPT ERROR: Invalid call. Nonexistent function 'get_module_data' in base 'Nil'.
   at: attempt (res://src/modules/mind_cultivation/advancement.gd:108)
   GDScript backtrace (most recent call first):
       [0] attempt (res://src/modules/mind_cultivation/advancement.gd:108)
       [1] active_attempt (res://src/modules/mind_cultivation/advancement.gd:116)
       [2] start (res://src/modules/mind_cultivation/advancement.gd:137)
       [3] test_a_terminal_attempt_survives_save_and_load (res://tests/modules/mind_cultivation/test_breakthrough_attempt.gd:372)
       [4] _initialize (res://tests/run_tests.gd:24)
SCRIPT ERROR: Invalid call. Nonexistent function 'path' in base 'Nil'.
   at: start (res://src/modules/mind_cultivation/advancement.gd:139)
   GDScript backtrace (most recent call first):
       [0] start (res://src/modules/mind_cultivation/advancement.gd:139)
       [1] test_a_terminal_attempt_survives_save_and_load (res://tests/modules/mind_cultivation/test_breakthrough_attempt.gd:372)
       [2] _initialize (res://tests/run_tests.gd:24)
SCRIPT ERROR: Invalid call. Nonexistent function 'get_module_data' in base 'Nil'.
   at: attempt (res://src/modules/mind_cultivation/advancement.gd:108)
   GDScript backtrace (most recent call first):
       [0] attempt (res://src/modules/mind_cultivation/advancement.gd:108)
       [1] resolve_attempt (res://src/modules/mind_cultivation/advancement.gd:196)
       [2] test_a_terminal_attempt_survives_save_and_load (res://tests/modules/mind_cultivation/test_breakthrough_attempt.gd:374)
       [3] _initialize (res://tests/run_tests.gd:24)
SCRIPT ERROR: Invalid call. Nonexistent function 'to_dict' in base 'Nil'.
   at: test_a_terminal_attempt_survives_save_and_load (res://tests/modules/mind_cultivation/test_breakthrough_attempt.gd:375)
   GDScript backtrace (most recent call first):
       [0] test_a_terminal_attempt_survives_save_and_load (res://tests/modules/mind_cultivation/test_breakthrough_attempt.gd:375)
       [1] _initialize (res://tests/run_tests.gd:24)
SCRIPT ERROR: Invalid call. Nonexistent function 'attach' in base 'GDScript'.
   at: _actor (res://tests/modules/mind_cultivation/test_breakthrough_attempt.gd:17)
   GDScript backtrace (most recent call first):
       [0] _actor (res://tests/modules/mind_cultivation/test_breakthrough_attempt.gd:17)
       [1] test_cancel_keeps_the_realm_and_owes_no_deviation (res://tests/modules/mind_cultivation/test_breakthrough_attempt.gd:288)
       [2] _initialize (res://tests/run_tests.gd:24)
SCRIPT ERROR: Invalid call. Nonexistent function 'path' in base 'Nil'.
   at: _prepare (res://tests/modules/mind_cultivation/test_breakthrough_attempt.gd:36)
   GDScript backtrace (most recent call first):
       [0] _prepare (res://tests/modules/mind_cultivation/test_breakthrough_attempt.gd:36)
       [1] test_cancel_keeps_the_realm_and_owes_no_deviation (res://tests/modules/mind_cultivation/test_breakthrough_attempt.gd:289)
       [2] _initialize (res://tests/run_tests.gd:24)
SCRIPT ERROR: Invalid call. Nonexistent function 'sea' in base 'GDScript'.
   at: test_cancel_keeps_the_realm_and_owes_no_deviation (res://tests/modules/mind_cultivation/test_breakthrough_attempt.gd:290)
   GDScript backtrace (most recent call first):
       [0] test_cancel_keeps_the_realm_and_owes_no_deviation (res://tests/modules/mind_cultivation/test_breakthrough_attempt.gd:290)
       [1] _initialize (res://tests/run_tests.gd:24)
SCRIPT ERROR: Invalid call. Nonexistent function 'attach' in base 'GDScript'.
   at: _actor (res://tests/modules/mind_cultivation/test_breakthrough_attempt.gd:17)
   GDScript backtrace (most recent call first):
       [0] _actor (res://tests/modules/mind_cultivation/test_breakthrough_attempt.gd:17)
       [1] test_failure_keeps_the_realm_and_is_recoverable (res://tests/modules/mind_cultivation/test_breakthrough_attempt.gd:250)
       [2] _initialize (res://tests/run_tests.gd:24)
SCRIPT ERROR: Invalid call. Nonexistent function 'path' in base 'Nil'.
   at: _prepare (res://tests/modules/mind_cultivation/test_breakthrough_attempt.gd:36)
   GDScript backtrace (most recent call first):
       [0] _prepare (res://tests/modules/mind_cultivation/test_breakthrough_attempt.gd:36)
       [1] test_failure_keeps_the_realm_and_is_recoverable (res://tests/modules/mind_cultivation/test_breakthrough_attempt.gd:251)
       [2] _initialize (res://tests/run_tests.gd:24)
SCRIPT ERROR: Invalid call. Nonexistent function 'attach' in base 'GDScript'.
   at: _actor (res://tests/modules/mind_cultivation/test_breakthrough_attempt.gd:17)
   GDScript backtrace (most recent call first):
       [0] _actor (res://tests/modules/mind_cultivation/test_breakthrough_attempt.gd:17)
       [1] _losing_seed (res://tests/modules/mind_cultivation/test_breakthrough_attempt.gd:90)
       [2] test_failure_keeps_the_realm_and_is_recoverable (res://tests/modules/mind_cultivation/test_breakthrough_attempt.gd:252)
       [3] _initialize (res://tests/run_tests.gd:24)
SCRIPT ERROR: Invalid call. Nonexistent function 'path' in base 'Nil'.
   at: _prepare (res://tests/modules/mind_cultivation/test_breakthrough_attempt.gd:36)
   GDScript backtrace (most recent call first):
       [0] _prepare (res://tests/modules/mind_cultivation/test_breakthrough_attempt.gd:36)
       [1] _losing_seed (res://tests/modules/mind_cultivation/test_breakthrough_attempt.gd:91)
       [2] test_failure_keeps_the_realm_and_is_recoverable (res://tests/modules/mind_cultivation/test_breakthrough_attempt.gd:252)
       [3] _initialize (res://tests/run_tests.gd:24)
SCRIPT ERROR: Invalid call. Nonexistent function 'attach' in base 'GDScript'.
   at: _actor (res://tests/modules/mind_cultivation/test_breakthrough_attempt.gd:17)
   GDScript backtrace (most recent call first):
       [0] _actor (res://tests/modules/mind_cultivation/test_breakthrough_attempt.gd:17)
       [1] _losing_seed (res://tests/modules/mind_cultivation/test_breakthrough_attempt.gd:90)
       [2] test_failure_keeps_the_realm_and_is_recoverable (res://tests/modules/mind_cultivation/test_breakthrough_attempt.gd:252)
       [3] _initialize (res://tests/run_tests.gd:24)
SCRIPT ERROR: Invalid call. Nonexistent function 'path' in base 'Nil'.
   at: _prepare (res://tests/modules/mind_cultivation/test_breakthrough_attempt.gd:36)
   GDScript backtrace (most recent call first):
       [0] _prepare (res://tests/modules/mind_cultivation/test_breakthrough_attempt.gd:36)
       [1] _losing_seed (res://tests/modules/mind_cultivation/test_breakthrough_attempt.gd:91)
       [2] test_failure_keeps_the_realm_and_is_recoverable (res://tests/modules/mind_cultivation/test_breakthrough_attempt.gd:252)
       [3] _initialize (res://tests/run_tests.gd:24)
SCRIPT ERROR: Invalid call. Nonexistent function 'attach' in base 'GDScript'.
   at: _actor (res://tests/modules/mind_cultivation/test_breakthrough_attempt.gd:17)
   GDScript backtrace (most recent call first):
       [0] _actor (res://tests/modules/mind_cultivation/test_breakthrough_attempt.gd:17)
       [1] _losing_seed (res://tests/modules/mind_cultivation/test_breakthrough_attempt.gd:90)
       [2] test_failure_keeps_the_realm_and_is_recoverable (res://tests/modules/mind_cultivation/test_breakthrough_attempt.gd:252)
       [3] _initialize (res://tests/run_tests.gd:24)
SCRIPT ERROR: Invalid call. Nonexistent function 'path' in base 'Nil'.
   at: _prepare (res://tests/modules/mind_cultivation/test_breakthrough_attempt.gd:36)
   GDScript backtrace (most recent call first):
       [0] _prepare (res://tests/modules/mind_cultivation/test_breakthrough_attempt.gd:36)
       [1] _losing_seed (res://tests/modules/mind_cultivation/test_breakthrough_attempt.gd:91)
       [2] test_failure_keeps_the_realm_and_is_recoverable (res://tests/modules/mind_cultivation/test_breakthrough_attempt.gd:252)
       [3] _initialize (res://tests/run_tests.gd:24)
SCRIPT ERROR: Invalid call. Nonexistent function 'attach' in base 'GDScript'.
   at: _actor (res://tests/modules/mind_cultivation/test_breakthrough_attempt.gd:17)
   GDScript backtrace (most recent call first):
       [0] _actor (res://tests/modules/mind_cultivation/test_breakthrough_attempt.gd:17)
       [1] _losing_seed (res://tests/modules/mind_cultivation/test_breakthrough_attempt.gd:90)
       [2] test_failure_keeps_the_realm_and_is_recoverable (res://tests/modules/mind_cultivation/test_breakthrough_attempt.gd:252)
       [3] _initialize (res://tests/run_tests.gd:24)
SCRIPT ERROR: Invalid call. Nonexistent function 'path' in base 'Nil'.
   at: _prepare (res://tests/modules/mind_cultivation/test_breakthrough_attempt.gd:36)
   GDScript backtrace (most recent call first):
       [0] _prepare (res://tests/modules/mind_cultivation/test_breakthrough_attempt.gd:36)
       [1] _losing_seed (res://tests/modules/mind_cultivation/test_breakthrough_attempt.gd:91)
       [2] test_failure_keeps_the_realm_and_is_recoverable (res://tests/modules/mind_cultivation/test_breakthrough_attempt.gd:252)
       [3] _initialize (res://tests/run_tests.gd:24)
SCRIPT ERROR: Invalid call. Nonexistent function 'attach' in base 'GDScript'.
   at: _actor (res://tests/modules/mind_cultivation/test_breakthrough_attempt.gd:17)
   GDScript backtrace (most recent call first):
       [0] _actor (res://tests/modules/mind_cultivation/test_breakthrough_attempt.gd:17)
       [1] _losing_seed (res://tests/modules/mind_cultivation/test_breakthrough_attempt.gd:90)
       [2] test_failure_keeps_the_realm_and_is_recoverable (res://tests/modules/mind_cultivation/test_breakthrough_attempt.gd:252)
       [3] _initialize (res://tests/run_tests.gd:24)
SCRIPT ERROR: Invalid call. Nonexistent function 'path' in base 'Nil'.
   at: _prepare (res://tests/modules/mind_cultivation/test_breakthrough_attempt.gd:36)
   GDScript backtrace (most recent call first):
       [0] _prepare (res://tests/modules/mind_cultivation/test_breakthrough_attempt.gd:36)
       [1] _losing_seed (res://tests/modules/mind_cultivation/test_breakthrough_attempt.gd:91)
       [2] test_failure_keeps_the_realm_and_is_recoverable (res://tests/modules/mind_cultivation/test_breakthrough_attempt.gd:252)
       [3] _initialize (res://tests/run_tests.gd:24)
SCRIPT ERROR: Invalid call. Nonexistent function 'attach' in base 'GDScript'.
   at: _actor (res://tests/modules/mind_cultivation/test_breakthrough_attempt.gd:17)
   GDScript backtrace (most recent call first):
       [0] _actor (res://tests/modules/mind_cultivation/test_breakthrough_attempt.gd:17)
       [1] _losing_seed (res://tests/modules/mind_cultivation/test_breakthrough_attempt.gd:90)
       [2] test_failure_keeps_the_realm_and_is_recoverable (res://tests/modules/mind_cultivation/test_breakthrough_attempt.gd:252)
       [3] _initialize (res://tests/run_tests.gd:24)
SCRIPT ERROR: Invalid call. Nonexistent function 'path' in base 'Nil'.
   at: _prepare (res://tests/modules/mind_cultivation/test_breakthrough_attempt.gd:36)
   GDScript backtrace (most recent call first):
       [0] _prepare (res://tests/modules/mind_cultivation/test_breakthrough_attempt.gd:36)
       [1] _losing_seed (res://tests/modules/mind_cultivation/test_breakthrough_attempt.gd:91)
       [2] test_failure_keeps_the_realm_and_is_recoverable (res://tests/modules/mind_cultivation/test_breakthrough_attempt.gd:252)
       [3] _initialize (res://tests/run_tests.gd:24)
SCRIPT ERROR: Invalid call. Nonexistent function 'attach' in base 'GDScript'.
   at: _actor (res://tests/modules/mind_cultivation/test_breakthrough_attempt.gd:17)
   GDScript backtrace (most recent call first):
       [0] _actor (res://tests/modules/mind_cultivation/test_breakthrough_attempt.gd:17)
       [1] _losing_seed (res://tests/modules/mind_cultivation/test_breakthrough_attempt.gd:90)
       [2] test_failure_keeps_the_realm_and_is_recoverable (res://tests/modules/mind_cultivation/test_breakthrough_attempt.gd:252)
       [3] _initialize (res://tests/run_tests.gd:24)
SCRIPT ERROR: Invalid call. Nonexistent function 'path' in base 'Nil'.
   at: _prepare (res://tests/modules/mind_cultivation/test_breakthrough_attempt.gd:36)
   GDScript backtrace (most recent call first):
       [0] _prepare (res://tests/modules/mind_cultivation/test_breakthrough_attempt.gd:36)
       [1] _losing_seed (res://tests/modules/mind_cultivation/test_breakthrough_attempt.gd:91)
       [2] test_failure_keeps_the_realm_and_is_recoverable (res://tests/modules/mind_cultivation/test_breakthrough_attempt.gd:252)
       [3] _initialize (res://tests/run_tests.gd:24)
SCRIPT ERROR: Invalid call. Nonexistent function 'attach' in base 'GDScript'.
   at: _actor (res://tests/modules/mind_cultivation/test_breakthrough_attempt.gd:17)
   GDScript backtrace (most recent call first):
       [0] _actor (res://tests/modules/mind_cultivation/test_breakthrough_attempt.gd:17)
       [1] _losing_seed (res://tests/modules/mind_cultivation/test_breakthrough_attempt.gd:90)
       [2] test_failure_keeps_the_realm_and_is_recoverable (res://tests/modules/mind_cultivation/test_breakthrough_attempt.gd:252)
       [3] _initialize (res://tests/run_tests.gd:24)
SCRIPT ERROR: Invalid call. Nonexistent function 'path' in base 'Nil'.
   at: _prepare (res://tests/modules/mind_cultivation/test_breakthrough_attempt.gd:36)
   GDScript backtrace (most recent call first):
       [0] _prepare (res://tests/modules/mind_cultivation/test_breakthrough_attempt.gd:36)
       [1] _losing_seed (res://tests/modules/mind_cultivation/test_breakthrough_attempt.gd:91)
       [2] test_failure_keeps_the_realm_and_is_recoverable (res://tests/modules/mind_cultivation/test_breakthrough_attempt.gd:252)
       [3] _initialize (res://tests/run_tests.gd:24)
SCRIPT ERROR: Invalid call. Nonexistent function 'attach' in base 'GDScript'.
   at: _actor (res://tests/modules/mind_cultivation/test_breakthrough_attempt.gd:17)
   GDScript backtrace (most recent call first):
       [0] _actor (res://tests/modules/mind_cultivation/test_breakthrough_attempt.gd:17)
       [1] _losing_seed (res://tests/modules/mind_cultivation/test_breakthrough_attempt.gd:90)
       [2] test_failure_keeps_the_realm_and_is_recoverable (res://tests/modules/mind_cultivation/test_breakthrough_attempt.gd:252)
       [3] _initialize (res://tests/run_tests.gd:24)
SCRIPT ERROR: Invalid call. Nonexistent function 'path' in base 'Nil'.
   at: _prepare (res://tests/modules/mind_cultivation/test_breakthrough_attempt.gd:36)
   GDScript backtrace (most recent call first):
       [0] _prepare (res://tests/modules/mind_cultivation/test_breakthrough_attempt.gd:36)
       [1] _losing_seed (res://tests/modules/mind_cultivation/test_breakthrough_attempt.gd:91)
       [2] test_failure_keeps_the_realm_and_is_recoverable (res://tests/modules/mind_cultivation/test_breakthrough_attempt.gd:252)
       [3] _initialize (res://tests/run_tests.gd:24)
SCRIPT ERROR: Invalid call. Nonexistent function 'attach' in base 'GDScript'.
   at: _actor (res://tests/modules/mind_cultivation/test_breakthrough_attempt.gd:17)
   GDScript backtrace (most recent call first):
       [0] _actor (res://tests/modules/mind_cultivation/test_breakthrough_attempt.gd:17)
       [1] _losing_seed (res://tests/modules/mind_cultivation/test_breakthrough_attempt.gd:90)
       [2] test_failure_keeps_the_realm_and_is_recoverable (res://tests/modules/mind_cultivation/test_breakthrough_attempt.gd:252)
       [3] _initialize (res://tests/run_tests.gd:24)
SCRIPT ERROR: Invalid call. Nonexistent function 'path' in base 'Nil'.
   at: _prepare (res://tests/modules/mind_cultivation/test_breakthrough_attempt.gd:36)
   GDScript backtrace (most recent call first):
       [0] _prepare (res://tests/modules/mind_cultivation/test_breakthrough_attempt.gd:36)
       [1] _losing_seed (res://tests/modules/mind_cultivation/test_breakthrough_attempt.gd:91)
       [2] test_failure_keeps_the_realm_and_is_recoverable (res://tests/modules/mind_cultivation/test_breakthrough_attempt.gd:252)
       [3] _initialize (res://tests/run_tests.gd:24)
SCRIPT ERROR: Invalid call. Nonexistent function 'attach' in base 'GDScript'.
   at: _actor (res://tests/modules/mind_cultivation/test_breakthrough_attempt.gd:17)
   GDScript backtrace (most recent call first):
       [0] _actor (res://tests/modules/mind_cultivation/test_breakthrough_attempt.gd:17)
       [1] _losing_seed (res://tests/modules/mind_cultivation/test_breakthrough_attempt.gd:90)
       [2] test_failure_keeps_the_realm_and_is_recoverable (res://tests/modules/mind_cultivation/test_breakthrough_attempt.gd:252)
       [3] _initialize (res://tests/run_tests.gd:24)
SCRIPT ERROR: Invalid call. Nonexistent function 'path' in base 'Nil'.
   at: _prepare (res://tests/modules/mind_cultivation/test_breakthrough_attempt.gd:36)
   GDScript backtrace (most recent call first):
       [0] _prepare (res://tests/modules/mind_cultivation/test_breakthrough_attempt.gd:36)
       [1] _losing_seed (res://tests/modules/mind_cultivation/test_breakthrough_attempt.gd:91)
       [2] test_failure_keeps_the_realm_and_is_recoverable (res://tests/modules/mind_cultivation/test_breakthrough_attempt.gd:252)
       [3] _initialize (res://tests/run_tests.gd:24)
SCRIPT ERROR: Invalid call. Nonexistent function 'attach' in base 'GDScript'.
   at: _actor (res://tests/modules/mind_cultivation/test_breakthrough_attempt.gd:17)
   GDScript backtrace (most recent call first):
       [0] _actor (res://tests/modules/mind_cultivation/test_breakthrough_attempt.gd:17)
       [1] _losing_seed (res://tests/modules/mind_cultivation/test_breakthrough_attempt.gd:90)
       [2] test_failure_keeps_the_realm_and_is_recoverable (res://tests/modules/mind_cultivation/test_breakthrough_attempt.gd:252)
       [3] _initialize (res://tests/run_tests.gd:24)
SCRIPT ERROR: Invalid call. Nonexistent function 'path' in base 'Nil'.
   at: _prepare (res://tests/modules/mind_cultivation/test_breakthrough_attempt.gd:36)
   GDScript backtrace (most recent call first):
       [0] _prepare (res://tests/modules/mind_cultivation/test_breakthrough_attempt.gd:36)
       [1] _losing_seed (res://tests/modules/mind_cultivation/test_breakthrough_attempt.gd:91)
       [2] test_failure_keeps_the_realm_and_is_recoverable (res://tests/modules/mind_cultivation/test_breakthrough_attempt.gd:252)
       [3] _initialize (res://tests/run_tests.gd:24)
SCRIPT ERROR: Invalid call. Nonexistent function 'attach' in base 'GDScript'.
   at: _actor (res://tests/modules/mind_cultivation/test_breakthrough_attempt.gd:17)
   GDScript backtrace (most recent call first):
       [0] _actor (res://tests/modules/mind_cultivation/test_breakthrough_attempt.gd:17)
       [1] _losing_seed (res://tests/modules/mind_cultivation/test_breakthrough_attempt.gd:90)
       [2] test_failure_keeps_the_realm_and_is_recoverable (res://tests/modules/mind_cultivation/test_breakthrough_attempt.gd:252)
       [3] _initialize (res://tests/run_tests.gd:24)
SCRIPT ERROR: Invalid call. Nonexistent function 'path' in base 'Nil'.
   at: _prepare (res://tests/modules/mind_cultivation/test_breakthrough_attempt.gd:36)
   GDScript backtrace (most recent call first):
       [0] _prepare (res://tests/modules/mind_cultivation/test_breakthrough_attempt.gd:36)
       [1] _losing_seed (res://tests/modules/mind_cultivation/test_breakthrough_attempt.gd:91)
       [2] test_failure_keeps_the_realm_and_is_recoverable (res://tests/modules/mind_cultivation/test_breakthrough_attempt.gd:252)
       [3] _initialize (res://tests/run_tests.gd:24)
SCRIPT ERROR: Invalid call. Nonexistent function 'attach' in base 'GDScript'.
   at: _actor (res://tests/modules/mind_cultivation/test_breakthrough_attempt.gd:17)
   GDScript backtrace (most recent call first):
       [0] _actor (res://tests/modules/mind_cultivation/test_breakthrough_attempt.gd:17)
       [1] _losing_seed (res://tests/modules/mind_cultivation/test_breakthrough_attempt.gd:90)
       [2] test_failure_keeps_the_realm_and_is_recoverable (res://tests/modules/mind_cultivation/test_breakthrough_attempt.gd:252)
       [3] _initialize (res://tests/run_tests.gd:24)
SCRIPT ERROR: Invalid call. Nonexistent function 'path' in base 'Nil'.
   at: _prepare (res://tests/modules/mind_cultivation/test_breakthrough_attempt.gd:36)
   GDScript backtrace (most recent call first):
       [0] _prepare (res://tests/modules/mind_cultivation/test_breakthrough_attempt.gd:36)
       [1] _losing_seed (res://tests/modules/mind_cultivation/test_breakthrough_attempt.gd:91)
       [2] test_failure_keeps_the_realm_and_is_recoverable (res://tests/modules/mind_cultivation/test_breakthrough_attempt.gd:252)
       [3] _initialize (res://tests/run_tests.gd:24)
SCRIPT ERROR: Invalid call. Nonexistent function 'attach' in base 'GDScript'.
   at: _actor (res://tests/modules/mind_cultivation/test_breakthrough_attempt.gd:17)
   GDScript backtrace (most recent call first):
       [0] _actor (res://tests/modules/mind_cultivation/test_breakthrough_attempt.gd:17)
       [1] _losing_seed (res://tests/modules/mind_cultivation/test_breakthrough_attempt.gd:90)
       [2] test_failure_keeps_the_realm_and_is_recoverable (res://tests/modules/mind_cultivation/test_breakthrough_attempt.gd:252)
       [3] _initialize (res://tests/run_tests.gd:24)
SCRIPT ERROR: Invalid call. Nonexistent function 'path' in base 'Nil'.
   at: _prepare (res://tests/modules/mind_cultivation/test_breakthrough_attempt.gd:36)
   GDScript backtrace (most recent call first):
       [0] _prepare (res://tests/modules/mind_cultivation/test_breakthrough_attempt.gd:36)
       [1] _losing_seed (res://tests/modules/mind_cultivation/test_breakthrough_attempt.gd:91)
       [2] test_failure_keeps_the_realm_and_is_recoverable (res://tests/modules/mind_cultivation/test_breakthrough_attempt.gd:252)
       [3] _initialize (res://tests/run_tests.gd:24)
SCRIPT ERROR: Invalid call. Nonexistent function 'attach' in base 'GDScript'.
   at: _actor (res://tests/modules/mind_cultivation/test_breakthrough_attempt.gd:17)
   GDScript backtrace (most recent call first):
       [0] _actor (res://tests/modules/mind_cultivation/test_breakthrough_attempt.gd:17)
       [1] _losing_seed (res://tests/modules/mind_cultivation/test_breakthrough_attempt.gd:90)
       [2] test_failure_keeps_the_realm_and_is_recoverable (res://tests/modules/mind_cultivation/test_breakthrough_attempt.gd:252)
       [3] _initialize (res://tests/run_tests.gd:24)
SCRIPT ERROR: Invalid call. Nonexistent function 'path' in base 'Nil'.
   at: _prepare (res://tests/modules/mind_cultivation/test_breakthrough_attempt.gd:36)
   GDScript backtrace (most recent call first):
       [0] _prepare (res://tests/modules/mind_cultivation/test_breakthrough_attempt.gd:36)
       [1] _losing_seed (res://tests/modules/mind_cultivation/test_breakthrough_attempt.gd:91)
       [2] test_failure_keeps_the_realm_and_is_recoverable (res://tests/modules/mind_cultivation/test_breakthrough_attempt.gd:252)
       [3] _initialize (res://tests/run_tests.gd:24)
SCRIPT ERROR: Invalid call. Nonexistent function 'attach' in base 'GDScript'.
   at: _actor (res://tests/modules/mind_cultivation/test_breakthrough_attempt.gd:17)
   GDScript backtrace (most recent call first):
       [0] _actor (res://tests/modules/mind_cultivation/test_breakthrough_attempt.gd:17)
       [1] _losing_seed (res://tests/modules/mind_cultivation/test_breakthrough_attempt.gd:90)
       [2] test_failure_keeps_the_realm_and_is_recoverable (res://tests/modules/mind_cultivation/test_breakthrough_attempt.gd:252)
       [3] _initialize (res://tests/run_tests.gd:24)
SCRIPT ERROR: Invalid call. Nonexistent function 'path' in base 'Nil'.
   at: _prepare (res://tests/modules/mind_cultivation/test_breakthrough_attempt.gd:36)
   GDScript backtrace (most recent call first):
       [0] _prepare (res://tests/modules/mind_cultivation/test_breakthrough_attempt.gd:36)
       [1] _losing_seed (res://tests/modules/mind_cultivation/test_breakthrough_attempt.gd:91)
       [2] test_failure_keeps_the_realm_and_is_recoverable (res://tests/modules/mind_cultivation/test_breakthrough_attempt.gd:252)
       [3] _initialize (res://tests/run_tests.gd:24)
SCRIPT ERROR: Invalid call. Nonexistent function 'attach' in base 'GDScript'.
   at: _actor (res://tests/modules/mind_cultivation/test_breakthrough_attempt.gd:17)
   GDScript backtrace (most recent call first):
       [0] _actor (res://tests/modules/mind_cultivation/test_breakthrough_attempt.gd:17)
       [1] _losing_seed (res://tests/modules/mind_cultivation/test_breakthrough_attempt.gd:90)
       [2] test_failure_keeps_the_realm_and_is_recoverable (res://tests/modules/mind_cultivation/test_breakthrough_attempt.gd:252)
       [3] _initialize (res://tests/run_tests.gd:24)
SCRIPT ERROR: Invalid call. Nonexistent function 'path' in base 'Nil'.
   at: _prepare (res://tests/modules/mind_cultivation/test_breakthrough_attempt.gd:36)
   GDScript backtrace (most recent call first):
       [0] _prepare (res://tests/modules/mind_cultivation/test_breakthrough_attempt.gd:36)
       [1] _losing_seed (res://tests/modules/mind_cultivation/test_breakthrough_attempt.gd:91)
       [2] test_failure_keeps_the_realm_and_is_recoverable (res://tests/modules/mind_cultivation/test_breakthrough_attempt.gd:252)
       [3] _initialize (res://tests/run_tests.gd:24)
SCRIPT ERROR: Invalid call. Nonexistent function 'attach' in base 'GDScript'.
   at: _actor (res://tests/modules/mind_cultivation/test_breakthrough_attempt.gd:17)
   GDScript backtrace (most recent call first):
       [0] _actor (res://tests/modules/mind_cultivation/test_breakthrough_attempt.gd:17)
       [1] _losing_seed (res://tests/modules/mind_cultivation/test_breakthrough_attempt.gd:90)
       [2] test_failure_keeps_the_realm_and_is_recoverable (res://tests/modules/mind_cultivation/test_breakthrough_attempt.gd:252)
       [3] _initialize (res://tests/run_tests.gd:24)
SCRIPT ERROR: Invalid call. Nonexistent function 'path' in base 'Nil'.
   at: _prepare (res://tests/modules/mind_cultivation/test_breakthrough_attempt.gd:36)
   GDScript backtrace (most recent call first):
       [0] _prepare (res://tests/modules/mind_cultivation/test_breakthrough_attempt.gd:36)
       [1] _losing_seed (res://tests/modules/mind_cultivation/test_breakthrough_attempt.gd:91)
       [2] test_failure_keeps_the_realm_and_is_recoverable (res://tests/modules/mind_cultivation/test_breakthrough_attempt.gd:252)
       [3] _initialize (res://tests/run_tests.gd:24)
SCRIPT ERROR: Invalid call. Nonexistent function 'attach' in base 'GDScript'.
   at: _actor (res://tests/modules/mind_cultivation/test_breakthrough_attempt.gd:17)
   GDScript backtrace (most recent call first):
       [0] _actor (res://tests/modules/mind_cultivation/test_breakthrough_attempt.gd:17)
       [1] _losing_seed (res://tests/modules/mind_cultivation/test_breakthrough_attempt.gd:90)
       [2] test_failure_keeps_the_realm_and_is_recoverable (res://tests/modules/mind_cultivation/test_breakthrough_attempt.gd:252)
       [3] _initialize (res://tests/run_tests.gd:24)
SCRIPT ERROR: Invalid call. Nonexistent function 'path' in base 'Nil'.
   at: _prepare (res://tests/modules/mind_cultivation/test_breakthrough_attempt.gd:36)
   GDScript backtrace (most recent call first):
       [0] _prepare (res://tests/modules/mind_cultivation/test_breakthrough_attempt.gd:36)
       [1] _losing_seed (res://tests/modules/mind_cultivation/test_breakthrough_attempt.gd:91)
       [2] test_failure_keeps_the_realm_and_is_recoverable (res://tests/modules/mind_cultivation/test_breakthrough_attempt.gd:252)
       [3] _initialize (res://tests/run_tests.gd:24)
SCRIPT ERROR: Invalid call. Nonexistent function 'attach' in base 'GDScript'.
   at: _actor (res://tests/modules/mind_cultivation/test_breakthrough_attempt.gd:17)
   GDScript backtrace (most recent call first):
       [0] _actor (res://tests/modules/mind_cultivation/test_breakthrough_attempt.gd:17)
       [1] _losing_seed (res://tests/modules/mind_cultivation/test_breakthrough_attempt.gd:90)
       [2] test_failure_keeps_the_realm_and_is_recoverable (res://tests/modules/mind_cultivation/test_breakthrough_attempt.gd:252)
       [3] _initialize (res://tests/run_tests.gd:24)
SCRIPT ERROR: Invalid call. Nonexistent function 'path' in base 'Nil'.
   at: _prepare (res://tests/modules/mind_cultivation/test_breakthrough_attempt.gd:36)
   GDScript backtrace (most recent call first):
       [0] _prepare (res://tests/modules/mind_cultivation/test_breakthrough_attempt.gd:36)
       [1] _losing_seed (res://tests/modules/mind_cultivation/test_breakthrough_attempt.gd:91)
       [2] test_failure_keeps_the_realm_and_is_recoverable (res://tests/modules/mind_cultivation/test_breakthrough_attempt.gd:252)
       [3] _initialize (res://tests/run_tests.gd:24)
SCRIPT ERROR: Invalid call. Nonexistent function 'attach' in base 'GDScript'.
   at: _actor (res://tests/modules/mind_cultivation/test_breakthrough_attempt.gd:17)
   GDScript backtrace (most recent call first):
       [0] _actor (res://tests/modules/mind_cultivation/test_breakthrough_attempt.gd:17)
       [1] _losing_seed (res://tests/modules/mind_cultivation/test_breakthrough_attempt.gd:90)
       [2] test_failure_keeps_the_realm_and_is_recoverable (res://tests/modules/mind_cultivation/test_breakthrough_attempt.gd:252)
       [3] _initialize (res://tests/run_tests.gd:24)
SCRIPT ERROR: Invalid call. Nonexistent function 'path' in base 'Nil'.
   at: _prepare (res://tests/modules/mind_cultivation/test_breakthrough_attempt.gd:36)
   GDScript backtrace (most recent call first):
       [0] _prepare (res://tests/modules/mind_cultivation/test_breakthrough_attempt.gd:36)
       [1] _losing_seed (res://tests/modules/mind_cultivation/test_breakthrough_attempt.gd:91)
       [2] test_failure_keeps_the_realm_and_is_recoverable (res://tests/modules/mind_cultivation/test_breakthrough_attempt.gd:252)
       [3] _initialize (res://tests/run_tests.gd:24)
SCRIPT ERROR: Invalid call. Nonexistent function 'attach' in base 'GDScript'.
   at: _actor (res://tests/modules/mind_cultivation/test_breakthrough_attempt.gd:17)
   GDScript backtrace (most recent call first):
       [0] _actor (res://tests/modules/mind_cultivation/test_breakthrough_attempt.gd:17)
       [1] _losing_seed (res://tests/modules/mind_cultivation/test_breakthrough_attempt.gd:90)
       [2] test_failure_keeps_the_realm_and_is_recoverable (res://tests/modules/mind_cultivation/test_breakthrough_attempt.gd:252)
       [3] _initialize (res://tests/run_tests.gd:24)
SCRIPT ERROR: Invalid call. Nonexistent function 'path' in base 'Nil'.
   at: _prepare (res://tests/modules/mind_cultivation/test_breakthrough_attempt.gd:36)
   GDScript backtrace (most recent call first):
       [0] _prepare (res://tests/modules/mind_cultivation/test_breakthrough_attempt.gd:36)
       [1] _losing_seed (res://tests/modules/mind_cultivation/test_breakthrough_attempt.gd:91)
       [2] test_failure_keeps_the_realm_and_is_recoverable (res://tests/modules/mind_cultivation/test_breakthrough_attempt.gd:252)
       [3] _initialize (res://tests/run_tests.gd:24)
SCRIPT ERROR: Invalid call. Nonexistent function 'attach' in base 'GDScript'.
   at: _actor (res://tests/modules/mind_cultivation/test_breakthrough_attempt.gd:17)
   GDScript backtrace (most recent call first):
       [0] _actor (res://tests/modules/mind_cultivation/test_breakthrough_attempt.gd:17)
       [1] _losing_seed (res://tests/modules/mind_cultivation/test_breakthrough_attempt.gd:90)
       [2] test_failure_keeps_the_realm_and_is_recoverable (res://tests/modules/mind_cultivation/test_breakthrough_attempt.gd:252)
       [3] _initialize (res://tests/run_tests.gd:24)
SCRIPT ERROR: Invalid call. Nonexistent function 'path' in base 'Nil'.
   at: _prepare (res://tests/modules/mind_cultivation/test_breakthrough_attempt.gd:36)
   GDScript backtrace (most recent call first):
       [0] _prepare (res://tests/modules/mind_cultivation/test_breakthrough_attempt.gd:36)
       [1] _losing_seed (res://tests/modules/mind_cultivation/test_breakthrough_attempt.gd:91)
       [2] test_failure_keeps_the_realm_and_is_recoverable (res://tests/modules/mind_cultivation/test_breakthrough_attempt.gd:252)
       [3] _initialize (res://tests/run_tests.gd:24)
SCRIPT ERROR: Invalid call. Nonexistent function 'attach' in base 'GDScript'.
   at: _actor (res://tests/modules/mind_cultivation/test_breakthrough_attempt.gd:17)
   GDScript backtrace (most recent call first):
       [0] _actor (res://tests/modules/mind_cultivation/test_breakthrough_attempt.gd:17)
       [1] _losing_seed (res://tests/modules/mind_cultivation/test_breakthrough_attempt.gd:90)
       [2] test_failure_keeps_the_realm_and_is_recoverable (res://tests/modules/mind_cultivation/test_breakthrough_attempt.gd:252)
       [3] _initialize (res://tests/run_tests.gd:24)
SCRIPT ERROR: Invalid call. Nonexistent function 'path' in base 'Nil'.
   at: _prepare (res://tests/modules/mind_cultivation/test_breakthrough_attempt.gd:36)
   GDScript backtrace (most recent call first):
       [0] _prepare (res://tests/modules/mind_cultivation/test_breakthrough_attempt.gd:36)
       [1] _losing_seed (res://tests/modules/mind_cultivation/test_breakthrough_attempt.gd:91)
       [2] test_failure_keeps_the_realm_and_is_recoverable (res://tests/modules/mind_cultivation/test_breakthrough_attempt.gd:252)
       [3] _initialize (res://tests/run_tests.gd:24)
SCRIPT ERROR: Invalid call. Nonexistent function 'attach' in base 'GDScript'.
   at: _actor (res://tests/modules/mind_cultivation/test_breakthrough_attempt.gd:17)
   GDScript backtrace (most recent call first):
       [0] _actor (res://tests/modules/mind_cultivation/test_breakthrough_attempt.gd:17)
       [1] _losing_seed (res://tests/modules/mind_cultivation/test_breakthrough_attempt.gd:90)
       [2] test_failure_keeps_the_realm_and_is_recoverable (res://tests/modules/mind_cultivation/test_breakthrough_attempt.gd:252)
       [3] _initialize (res://tests/run_tests.gd:24)
SCRIPT ERROR: Invalid call. Nonexistent function 'path' in base 'Nil'.
   at: _prepare (res://tests/modules/mind_cultivation/test_breakthrough_attempt.gd:36)
   GDScript backtrace (most recent call first):
       [0] _prepare (res://tests/modules/mind_cultivation/test_breakthrough_attempt.gd:36)
       [1] _losing_seed (res://tests/modules/mind_cultivation/test_breakthrough_attempt.gd:91)
       [2] test_failure_keeps_the_realm_and_is_recoverable (res://tests/modules/mind_cultivation/test_breakthrough_attempt.gd:252)
       [3] _initialize (res://tests/run_tests.gd:24)
SCRIPT ERROR: Invalid call. Nonexistent function 'attach' in base 'GDScript'.
   at: _actor (res://tests/modules/mind_cultivation/test_breakthrough_attempt.gd:17)
   GDScript backtrace (most recent call first):
       [0] _actor (res://tests/modules/mind_cultivation/test_breakthrough_attempt.gd:17)
       [1] _losing_seed (res://tests/modules/mind_cultivation/test_breakthrough_attempt.gd:90)
       [2] test_failure_keeps_the_realm_and_is_recoverable (res://tests/modules/mind_cultivation/test_breakthrough_attempt.gd:252)
       [3] _initialize (res://tests/run_tests.gd:24)
SCRIPT ERROR: Invalid call. Nonexistent function 'path' in base 'Nil'.
   at: _prepare (res://tests/modules/mind_cultivation/test_breakthrough_attempt.gd:36)
   GDScript backtrace (most recent call first):
       [0] _prepare (res://tests/modules/mind_cultivation/test_breakthrough_attempt.gd:36)
       [1] _losing_seed (res://tests/modules/mind_cultivation/test_breakthrough_attempt.gd:91)
       [2] test_failure_keeps_the_realm_and_is_recoverable (res://tests/modules/mind_cultivation/test_breakthrough_attempt.gd:252)
       [3] _initialize (res://tests/run_tests.gd:24)
SCRIPT ERROR: Invalid call. Nonexistent function 'attach' in base 'GDScript'.
   at: _actor (res://tests/modules/mind_cultivation/test_breakthrough_attempt.gd:17)
   GDScript backtrace (most recent call first):
       [0] _actor (res://tests/modules/mind_cultivation/test_breakthrough_attempt.gd:17)
       [1] _losing_seed (res://tests/modules/mind_cultivation/test_breakthrough_attempt.gd:90)
       [2] test_failure_keeps_the_realm_and_is_recoverable (res://tests/modules/mind_cultivation/test_breakthrough_attempt.gd:252)
       [3] _initialize (res://tests/run_tests.gd:24)
SCRIPT ERROR: Invalid call. Nonexistent function 'path' in base 'Nil'.
   at: _prepare (res://tests/modules/mind_cultivation/test_breakthrough_attempt.gd:36)
   GDScript backtrace (most recent call first):
       [0] _prepare (res://tests/modules/mind_cultivation/test_breakthrough_attempt.gd:36)
       [1] _losing_seed (res://tests/modules/mind_cultivation/test_breakthrough_attempt.gd:91)
       [2] test_failure_keeps_the_realm_and_is_recoverable (res://tests/modules/mind_cultivation/test_breakthrough_attempt.gd:252)
       [3] _initialize (res://tests/run_tests.gd:24)
SCRIPT ERROR: Invalid call. Nonexistent function 'attach' in base 'GDScript'.
   at: _actor (res://tests/modules/mind_cultivation/test_breakthrough_attempt.gd:17)
   GDScript backtrace (most recent call first):
       [0] _actor (res://tests/modules/mind_cultivation/test_breakthrough_attempt.gd:17)
       [1] _losing_seed (res://tests/modules/mind_cultivation/test_breakthrough_attempt.gd:90)
       [2] test_failure_keeps_the_realm_and_is_recoverable (res://tests/modules/mind_cultivation/test_breakthrough_attempt.gd:252)
       [3] _initialize (res://tests/run_tests.gd:24)
SCRIPT ERROR: Invalid call. Nonexistent function 'path' in base 'Nil'.
   at: _prepare (res://tests/modules/mind_cultivation/test_breakthrough_attempt.gd:36)
   GDScript backtrace (most recent call first):
       [0] _prepare (res://tests/modules/mind_cultivation/test_breakthrough_attempt.gd:36)
       [1] _losing_seed (res://tests/modules/mind_cultivation/test_breakthrough_attempt.gd:91)
       [2] test_failure_keeps_the_realm_and_is_recoverable (res://tests/modules/mind_cultivation/test_breakthrough_attempt.gd:252)
       [3] _initialize (res://tests/run_tests.gd:24)
SCRIPT ERROR: Invalid call. Nonexistent function 'attach' in base 'GDScript'.
   at: _actor (res://tests/modules/mind_cultivation/test_breakthrough_attempt.gd:17)
   GDScript backtrace (most recent call first):
       [0] _actor (res://tests/modules/mind_cultivation/test_breakthrough_attempt.gd:17)
       [1] _losing_seed (res://tests/modules/mind_cultivation/test_breakthrough_attempt.gd:90)
       [2] test_failure_keeps_the_realm_and_is_recoverable (res://tests/modules/mind_cultivation/test_breakthrough_attempt.gd:252)
       [3] _initialize (res://tests/run_tests.gd:24)
SCRIPT ERROR: Invalid call. Nonexistent function 'path' in base 'Nil'.
   at: _prepare (res://tests/modules/mind_cultivation/test_breakthrough_attempt.gd:36)
   GDScript backtrace (most recent call first):
       [0] _prepare (res://tests/modules/mind_cultivation/test_breakthrough_attempt.gd:36)
       [1] _losing_seed (res://tests/modules/mind_cultivation/test_breakthrough_attempt.gd:91)
       [2] test_failure_keeps_the_realm_and_is_recoverable (res://tests/modules/mind_cultivation/test_breakthrough_attempt.gd:252)
       [3] _initialize (res://tests/run_tests.gd:24)
SCRIPT ERROR: Invalid call. Nonexistent function 'attach' in base 'GDScript'.
   at: _actor (res://tests/modules/mind_cultivation/test_breakthrough_attempt.gd:17)
   GDScript backtrace (most recent call first):
       [0] _actor (res://tests/modules/mind_cultivation/test_breakthrough_attempt.gd:17)
       [1] _losing_seed (res://tests/modules/mind_cultivation/test_breakthrough_attempt.gd:90)
       [2] test_failure_keeps_the_realm_and_is_recoverable (res://tests/modules/mind_cultivation/test_breakthrough_attempt.gd:252)
       [3] _initialize (res://tests/run_tests.gd:24)
SCRIPT ERROR: Invalid call. Nonexistent function 'path' in base 'Nil'.
   at: _prepare (res://tests/modules/mind_cultivation/test_breakthrough_attempt.gd:36)
   GDScript backtrace (most recent call first):
       [0] _prepare (res://tests/modules/mind_cultivation/test_breakthrough_attempt.gd:36)
       [1] _losing_seed (res://tests/modules/mind_cultivation/test_breakthrough_attempt.gd:91)
       [2] test_failure_keeps_the_realm_and_is_recoverable (res://tests/modules/mind_cultivation/test_breakthrough_attempt.gd:252)
       [3] _initialize (res://tests/run_tests.gd:24)
SCRIPT ERROR: Invalid call. Nonexistent function 'attach' in base 'GDScript'.
   at: _actor (res://tests/modules/mind_cultivation/test_breakthrough_attempt.gd:17)
   GDScript backtrace (most recent call first):
       [0] _actor (res://tests/modules/mind_cultivation/test_breakthrough_attempt.gd:17)
       [1] _losing_seed (res://tests/modules/mind_cultivation/test_breakthrough_attempt.gd:90)
       [2] test_failure_keeps_the_realm_and_is_recoverable (res://tests/modules/mind_cultivation/test_breakthrough_attempt.gd:252)
       [3] _initialize (res://tests/run_tests.gd:24)
SCRIPT ERROR: Invalid call. Nonexistent function 'path' in base 'Nil'.
   at: _prepare (res://tests/modules/mind_cultivation/test_breakthrough_attempt.gd:36)
   GDScript backtrace (most recent call first):
       [0] _prepare (res://tests/modules/mind_cultivation/test_breakthrough_attempt.gd:36)
       [1] _losing_seed (res://tests/modules/mind_cultivation/test_breakthrough_attempt.gd:91)
       [2] test_failure_keeps_the_realm_and_is_recoverable (res://tests/modules/mind_cultivation/test_breakthrough_attempt.gd:252)
       [3] _initialize (res://tests/run_tests.gd:24)
SCRIPT ERROR: Invalid call. Nonexistent function 'attach' in base 'GDScript'.
   at: _actor (res://tests/modules/mind_cultivation/test_breakthrough_attempt.gd:17)
   GDScript backtrace (most recent call first):
       [0] _actor (res://tests/modules/mind_cultivation/test_breakthrough_attempt.gd:17)
       [1] _losing_seed (res://tests/modules/mind_cultivation/test_breakthrough_attempt.gd:90)
       [2] test_failure_keeps_the_realm_and_is_recoverable (res://tests/modules/mind_cultivation/test_breakthrough_attempt.gd:252)
       [3] _initialize (res://tests/run_tests.gd:24)
SCRIPT ERROR: Invalid call. Nonexistent function 'path' in base 'Nil'.
   at: _prepare (res://tests/modules/mind_cultivation/test_breakthrough_attempt.gd:36)
   GDScript backtrace (most recent call first):
       [0] _prepare (res://tests/modules/mind_cultivation/test_breakthrough_attempt.gd:36)
       [1] _losing_seed (res://tests/modules/mind_cultivation/test_breakthrough_attempt.gd:91)
       [2] test_failure_keeps_the_realm_and_is_recoverable (res://tests/modules/mind_cultivation/test_breakthrough_attempt.gd:252)
       [3] _initialize (res://tests/run_tests.gd:24)
SCRIPT ERROR: Invalid call. Nonexistent function 'attach' in base 'GDScript'.
   at: _actor (res://tests/modules/mind_cultivation/test_breakthrough_attempt.gd:17)
   GDScript backtrace (most recent call first):
       [0] _actor (res://tests/modules/mind_cultivation/test_breakthrough_attempt.gd:17)
       [1] _losing_seed (res://tests/modules/mind_cultivation/test_breakthrough_attempt.gd:90)
       [2] test_failure_keeps_the_realm_and_is_recoverable (res://tests/modules/mind_cultivation/test_breakthrough_attempt.gd:252)
       [3] _initialize (res://tests/run_tests.gd:24)
SCRIPT ERROR: Invalid call. Nonexistent function 'path' in base 'Nil'.
   at: _prepare (res://tests/modules/mind_cultivation/test_breakthrough_attempt.gd:36)
   GDScript backtrace (most recent call first):
       [0] _prepare (res://tests/modules/mind_cultivation/test_breakthrough_attempt.gd:36)
       [1] _losing_seed (res://tests/modules/mind_cultivation/test_breakthrough_attempt.gd:91)
       [2] test_failure_keeps_the_realm_and_is_recoverable (res://tests/modules/mind_cultivation/test_breakthrough_attempt.gd:252)
       [3] _initialize (res://tests/run_tests.gd:24)
SCRIPT ERROR: Invalid call. Nonexistent function 'attach' in base 'GDScript'.
   at: _actor (res://tests/modules/mind_cultivation/test_breakthrough_attempt.gd:17)
   GDScript backtrace (most recent call first):
       [0] _actor (res://tests/modules/mind_cultivation/test_breakthrough_attempt.gd:17)
       [1] _losing_seed (res://tests/modules/mind_cultivation/test_breakthrough_attempt.gd:90)
       [2] test_failure_keeps_the_realm_and_is_recoverable (res://tests/modules/mind_cultivation/test_breakthrough_attempt.gd:252)
       [3] _initialize (res://tests/run_tests.gd:24)
SCRIPT ERROR: Invalid call. Nonexistent function 'path' in base 'Nil'.
   at: _prepare (res://tests/modules/mind_cultivation/test_breakthrough_attempt.gd:36)
   GDScript backtrace (most recent call first):
       [0] _prepare (res://tests/modules/mind_cultivation/test_breakthrough_attempt.gd:36)
       [1] _losing_seed (res://tests/modules/mind_cultivation/test_breakthrough_attempt.gd:91)
       [2] test_failure_keeps_the_realm_and_is_recoverable (res://tests/modules/mind_cultivation/test_breakthrough_attempt.gd:252)
       [3] _initialize (res://tests/run_tests.gd:24)
SCRIPT ERROR: Invalid call. Nonexistent function 'attach' in base 'GDScript'.
   at: _actor (res://tests/modules/mind_cultivation/test_breakthrough_attempt.gd:17)
   GDScript backtrace (most recent call first):
       [0] _actor (res://tests/modules/mind_cultivation/test_breakthrough_attempt.gd:17)
       [1] _losing_seed (res://tests/modules/mind_cultivation/test_breakthrough_attempt.gd:90)
       [2] test_failure_keeps_the_realm_and_is_recoverable (res://tests/modules/mind_cultivation/test_breakthrough_attempt.gd:252)
       [3] _initialize (res://tests/run_tests.gd:24)
SCRIPT ERROR: Invalid call. Nonexistent function 'path' in base 'Nil'.
   at: _prepare (res://tests/modules/mind_cultivation/test_breakthrough_attempt.gd:36)
   GDScript backtrace (most recent call first):
       [0] _prepare (res://tests/modules/mind_cultivation/test_breakthrough_attempt.gd:36)
       [1] _losing_seed (res://tests/modules/mind_cultivation/test_breakthrough_attempt.gd:91)
       [2] test_failure_keeps_the_realm_and_is_recoverable (res://tests/modules/mind_cultivation/test_breakthrough_attempt.gd:252)
       [3] _initialize (res://tests/run_tests.gd:24)
SCRIPT ERROR: Invalid call. Nonexistent function 'attach' in base 'GDScript'.
   at: _actor (res://tests/modules/mind_cultivation/test_breakthrough_attempt.gd:17)
   GDScript backtrace (most recent call first):
       [0] _actor (res://tests/modules/mind_cultivation/test_breakthrough_attempt.gd:17)
       [1] _losing_seed (res://tests/modules/mind_cultivation/test_breakthrough_attempt.gd:90)
       [2] test_failure_keeps_the_realm_and_is_recoverable (res://tests/modules/mind_cultivation/test_breakthrough_attempt.gd:252)
       [3] _initialize (res://tests/run_tests.gd:24)
SCRIPT ERROR: Invalid call. Nonexistent function 'path' in base 'Nil'.
   at: _prepare (res://tests/modules/mind_cultivation/test_breakthrough_attempt.gd:36)
   GDScript backtrace (most recent call first):
       [0] _prepare (res://tests/modules/mind_cultivation/test_breakthrough_attempt.gd:36)
       [1] _losing_seed (res://tests/modules/mind_cultivation/test_breakthrough_attempt.gd:91)
       [2] test_failure_keeps_the_realm_and_is_recoverable (res://tests/modules/mind_cultivation/test_breakthrough_attempt.gd:252)
       [3] _initialize (res://tests/run_tests.gd:24)
SCRIPT ERROR: Invalid call. Nonexistent function 'attach' in base 'GDScript'.
   at: _actor (res://tests/modules/mind_cultivation/test_breakthrough_attempt.gd:17)
   GDScript backtrace (most recent call first):
       [0] _actor (res://tests/modules/mind_cultivation/test_breakthrough_attempt.gd:17)
       [1] _losing_seed (res://tests/modules/mind_cultivation/test_breakthrough_attempt.gd:90)
       [2] test_failure_keeps_the_realm_and_is_recoverable (res://tests/modules/mind_cultivation/test_breakthrough_attempt.gd:252)
       [3] _initialize (res://tests/run_tests.gd:24)
SCRIPT ERROR: Invalid call. Nonexistent function 'path' in base 'Nil'.
   at: _prepare (res://tests/modules/mind_cultivation/test_breakthrough_attempt.gd:36)
   GDScript backtrace (most recent call first):
       [0] _prepare (res://tests/modules/mind_cultivation/test_breakthrough_attempt.gd:36)
       [1] _losing_seed (res://tests/modules/mind_cultivation/test_breakthrough_attempt.gd:91)
       [2] test_failure_keeps_the_realm_and_is_recoverable (res://tests/modules/mind_cultivation/test_breakthrough_attempt.gd:252)
       [3] _initialize (res://tests/run_tests.gd:24)
SCRIPT ERROR: Invalid call. Nonexistent function 'attach' in base 'GDScript'.
   at: _actor (res://tests/modules/mind_cultivation/test_breakthrough_attempt.gd:17)
   GDScript backtrace (most recent call first):
       [0] _actor (res://tests/modules/mind_cultivation/test_breakthrough_attempt.gd:17)
       [1] _losing_seed (res://tests/modules/mind_cultivation/test_breakthrough_attempt.gd:90)
       [2] test_failure_keeps_the_realm_and_is_recoverable (res://tests/modules/mind_cultivation/test_breakthrough_attempt.gd:252)
       [3] _initialize (res://tests/run_tests.gd:24)
SCRIPT ERROR: Invalid call. Nonexistent function 'path' in base 'Nil'.
   at: _prepare (res://tests/modules/mind_cultivation/test_breakthrough_attempt.gd:36)
   GDScript backtrace (most recent call first):
       [0] _prepare (res://tests/modules/mind_cultivation/test_breakthrough_attempt.gd:36)
       [1] _losing_seed (res://tests/modules/mind_cultivation/test_breakthrough_attempt.gd:91)
       [2] test_failure_keeps_the_realm_and_is_recoverable (res://tests/modules/mind_cultivation/test_breakthrough_attempt.gd:252)
       [3] _initialize (res://tests/run_tests.gd:24)
SCRIPT ERROR: Invalid call. Nonexistent function 'attach' in base 'GDScript'.
   at: _actor (res://tests/modules/mind_cultivation/test_breakthrough_attempt.gd:17)
   GDScript backtrace (most recent call first):
       [0] _actor (res://tests/modules/mind_cultivation/test_breakthrough_attempt.gd:17)
       [1] _losing_seed (res://tests/modules/mind_cultivation/test_breakthrough_attempt.gd:90)
       [2] test_failure_keeps_the_realm_and_is_recoverable (res://tests/modules/mind_cultivation/test_breakthrough_attempt.gd:252)
       [3] _initialize (res://tests/run_tests.gd:24)
SCRIPT ERROR: Invalid call. Nonexistent function 'path' in base 'Nil'.
   at: _prepare (res://tests/modules/mind_cultivation/test_breakthrough_attempt.gd:36)
   GDScript backtrace (most recent call first):
       [0] _prepare (res://tests/modules/mind_cultivation/test_breakthrough_attempt.gd:36)
       [1] _losing_seed (res://tests/modules/mind_cultivation/test_breakthrough_attempt.gd:91)
       [2] test_failure_keeps_the_realm_and_is_recoverable (res://tests/modules/mind_cultivation/test_breakthrough_attempt.gd:252)
       [3] _initialize (res://tests/run_tests.gd:24)
SCRIPT ERROR: Invalid call. Nonexistent function 'attach' in base 'GDScript'.
   at: _actor (res://tests/modules/mind_cultivation/test_breakthrough_attempt.gd:17)
   GDScript backtrace (most recent call first):
       [0] _actor (res://tests/modules/mind_cultivation/test_breakthrough_attempt.gd:17)
       [1] _losing_seed (res://tests/modules/mind_cultivation/test_breakthrough_attempt.gd:90)
       [2] test_failure_keeps_the_realm_and_is_recoverable (res://tests/modules/mind_cultivation/test_breakthrough_attempt.gd:252)
       [3] _initialize (res://tests/run_tests.gd:24)
SCRIPT ERROR: Invalid call. Nonexistent function 'path' in base 'Nil'.
   at: _prepare (res://tests/modules/mind_cultivation/test_breakthrough_attempt.gd:36)
   GDScript backtrace (most recent call first):
       [0] _prepare (res://tests/modules/mind_cultivation/test_breakthrough_attempt.gd:36)
       [1] _losing_seed (res://tests/modules/mind_cultivation/test_breakthrough_attempt.gd:91)
       [2] test_failure_keeps_the_realm_and_is_recoverable (res://tests/modules/mind_cultivation/test_breakthrough_attempt.gd:252)
       [3] _initialize (res://tests/run_tests.gd:24)
SCRIPT ERROR: Invalid call. Nonexistent function 'attach' in base 'GDScript'.
   at: _actor (res://tests/modules/mind_cultivation/test_breakthrough_attempt.gd:17)
   GDScript backtrace (most recent call first):
       [0] _actor (res://tests/modules/mind_cultivation/test_breakthrough_attempt.gd:17)
       [1] _losing_seed (res://tests/modules/mind_cultivation/test_breakthrough_attempt.gd:90)
       [2] test_failure_keeps_the_realm_and_is_recoverable (res://tests/modules/mind_cultivation/test_breakthrough_attempt.gd:252)
       [3] _initialize (res://tests/run_tests.gd:24)
SCRIPT ERROR: Invalid call. Nonexistent function 'path' in base 'Nil'.
   at: _prepare (res://tests/modules/mind_cultivation/test_breakthrough_attempt.gd:36)
   GDScript backtrace (most recent call first):
       [0] _prepare (res://tests/modules/mind_cultivation/test_breakthrough_attempt.gd:36)
       [1] _losing_seed (res://tests/modules/mind_cultivation/test_breakthrough_attempt.gd:91)
       [2] test_failure_keeps_the_realm_and_is_recoverable (res://tests/modules/mind_cultivation/test_breakthrough_attempt.gd:252)
       [3] _initialize (res://tests/run_tests.gd:24)
SCRIPT ERROR: Invalid call. Nonexistent function 'attach' in base 'GDScript'.
   at: _actor (res://tests/modules/mind_cultivation/test_breakthrough_attempt.gd:17)
   GDScript backtrace (most recent call first):
       [0] _actor (res://tests/modules/mind_cultivation/test_breakthrough_attempt.gd:17)
       [1] _losing_seed (res://tests/modules/mind_cultivation/test_breakthrough_attempt.gd:90)
       [2] test_failure_keeps_the_realm_and_is_recoverable (res://tests/modules/mind_cultivation/test_breakthrough_attempt.gd:252)
       [3] _initialize (res://tests/run_tests.gd:24)
SCRIPT ERROR: Invalid call. Nonexistent function 'path' in base 'Nil'.
   at: _prepare (res://tests/modules/mind_cultivation/test_breakthrough_attempt.gd:36)
   GDScript backtrace (most recent call first):
       [0] _prepare (res://tests/modules/mind_cultivation/test_breakthrough_attempt.gd:36)
       [1] _losing_seed (res://tests/modules/mind_cultivation/test_breakthrough_attempt.gd:91)
       [2] test_failure_keeps_the_realm_and_is_recoverable (res://tests/modules/mind_cultivation/test_breakthrough_attempt.gd:252)
       [3] _initialize (res://tests/run_tests.gd:24)
SCRIPT ERROR: Invalid call. Nonexistent function 'attach' in base 'GDScript'.
   at: _actor (res://tests/modules/mind_cultivation/test_breakthrough_attempt.gd:17)
   GDScript backtrace (most recent call first):
       [0] _actor (res://tests/modules/mind_cultivation/test_breakthrough_attempt.gd:17)
       [1] _losing_seed (res://tests/modules/mind_cultivation/test_breakthrough_attempt.gd:90)
       [2] test_failure_keeps_the_realm_and_is_recoverable (res://tests/modules/mind_cultivation/test_breakthrough_attempt.gd:252)
       [3] _initialize (res://tests/run_tests.gd:24)
SCRIPT ERROR: Invalid call. Nonexistent function 'path' in base 'Nil'.
   at: _prepare (res://tests/modules/mind_cultivation/test_breakthrough_attempt.gd:36)
   GDScript backtrace (most recent call first):
       [0] _prepare (res://tests/modules/mind_cultivation/test_breakthrough_attempt.gd:36)
       [1] _losing_seed (res://tests/modules/mind_cultivation/test_breakthrough_attempt.gd:91)
       [2] test_failure_keeps_the_realm_and_is_recoverable (res://tests/modules/mind_cultivation/test_breakthrough_attempt.gd:252)
       [3] _initialize (res://tests/run_tests.gd:24)
SCRIPT ERROR: Invalid call. Nonexistent function 'attach' in base 'GDScript'.
   at: _actor (res://tests/modules/mind_cultivation/test_breakthrough_attempt.gd:17)
   GDScript backtrace (most recent call first):
       [0] _actor (res://tests/modules/mind_cultivation/test_breakthrough_attempt.gd:17)
       [1] _losing_seed (res://tests/modules/mind_cultivation/test_breakthrough_attempt.gd:90)
       [2] test_failure_keeps_the_realm_and_is_recoverable (res://tests/modules/mind_cultivation/test_breakthrough_attempt.gd:252)
       [3] _initialize (res://tests/run_tests.gd:24)
SCRIPT ERROR: Invalid call. Nonexistent function 'path' in base 'Nil'.
   at: _prepare (res://tests/modules/mind_cultivation/test_breakthrough_attempt.gd:36)
   GDScript backtrace (most recent call first):
       [0] _prepare (res://tests/modules/mind_cultivation/test_breakthrough_attempt.gd:36)
       [1] _losing_seed (res://tests/modules/mind_cultivation/test_breakthrough_attempt.gd:91)
       [2] test_failure_keeps_the_realm_and_is_recoverable (res://tests/modules/mind_cultivation/test_breakthrough_attempt.gd:252)
       [3] _initialize (res://tests/run_tests.gd:24)
SCRIPT ERROR: Invalid call. Nonexistent function 'attach' in base 'GDScript'.
   at: _actor (res://tests/modules/mind_cultivation/test_breakthrough_attempt.gd:17)
   GDScript backtrace (most recent call first):
       [0] _actor (res://tests/modules/mind_cultivation/test_breakthrough_attempt.gd:17)
       [1] _losing_seed (res://tests/modules/mind_cultivation/test_breakthrough_attempt.gd:90)
       [2] test_failure_keeps_the_realm_and_is_recoverable (res://tests/modules/mind_cultivation/test_breakthrough_attempt.gd:252)
       [3] _initialize (res://tests/run_tests.gd:24)
SCRIPT ERROR: Invalid call. Nonexistent function 'path' in base 'Nil'.
   at: _prepare (res://tests/modules/mind_cultivation/test_breakthrough_attempt.gd:36)
   GDScript backtrace (most recent call first):
       [0] _prepare (res://tests/modules/mind_cultivation/test_breakthrough_attempt.gd:36)
       [1] _losing_seed (res://tests/modules/mind_cultivation/test_breakthrough_attempt.gd:91)
       [2] test_failure_keeps_the_realm_and_is_recoverable (res://tests/modules/mind_cultivation/test_breakthrough_attempt.gd:252)
       [3] _initialize (res://tests/run_tests.gd:24)
SCRIPT ERROR: Invalid call. Nonexistent function 'attach' in base 'GDScript'.
   at: _actor (res://tests/modules/mind_cultivation/test_breakthrough_attempt.gd:17)
   GDScript backtrace (most recent call first):
       [0] _actor (res://tests/modules/mind_cultivation/test_breakthrough_attempt.gd:17)
       [1] _losing_seed (res://tests/modules/mind_cultivation/test_breakthrough_attempt.gd:90)
       [2] test_failure_keeps_the_realm_and_is_recoverable (res://tests/modules/mind_cultivation/test_breakthrough_attempt.gd:252)
       [3] _initialize (res://tests/run_tests.gd:24)
SCRIPT ERROR: Invalid call. Nonexistent function 'path' in base 'Nil'.
   at: _prepare (res://tests/modules/mind_cultivation/test_breakthrough_attempt.gd:36)
   GDScript backtrace (most recent call first):
       [0] _prepare (res://tests/modules/mind_cultivation/test_breakthrough_attempt.gd:36)
       [1] _losing_seed (res://tests/modules/mind_cultivation/test_breakthrough_attempt.gd:91)
       [2] test_failure_keeps_the_realm_and_is_recoverable (res://tests/modules/mind_cultivation/test_breakthrough_attempt.gd:252)
       [3] _initialize (res://tests/run_tests.gd:24)
SCRIPT ERROR: Invalid call. Nonexistent function 'attach' in base 'GDScript'.
   at: _actor (res://tests/modules/mind_cultivation/test_breakthrough_attempt.gd:17)
   GDScript backtrace (most recent call first):
       [0] _actor (res://tests/modules/mind_cultivation/test_breakthrough_attempt.gd:17)
       [1] _losing_seed (res://tests/modules/mind_cultivation/test_breakthrough_attempt.gd:90)
       [2] test_failure_keeps_the_realm_and_is_recoverable (res://tests/modules/mind_cultivation/test_breakthrough_attempt.gd:252)
       [3] _initialize (res://tests/run_tests.gd:24)
SCRIPT ERROR: Invalid call. Nonexistent function 'path' in base 'Nil'.
   at: _prepare (res://tests/modules/mind_cultivation/test_breakthrough_attempt.gd:36)
   GDScript backtrace (most recent call first):
       [0] _prepare (res://tests/modules/mind_cultivation/test_breakthrough_attempt.gd:36)
       [1] _losing_seed (res://tests/modules/mind_cultivation/test_breakthrough_attempt.gd:91)
       [2] test_failure_keeps_the_realm_and_is_recoverable (res://tests/modules/mind_cultivation/test_breakthrough_attempt.gd:252)
       [3] _initialize (res://tests/run_tests.gd:24)
SCRIPT ERROR: Invalid call. Nonexistent function 'attach' in base 'GDScript'.
   at: _actor (res://tests/modules/mind_cultivation/test_breakthrough_attempt.gd:17)
   GDScript backtrace (most recent call first):
       [0] _actor (res://tests/modules/mind_cultivation/test_breakthrough_attempt.gd:17)
       [1] _losing_seed (res://tests/modules/mind_cultivation/test_breakthrough_attempt.gd:90)
       [2] test_failure_keeps_the_realm_and_is_recoverable (res://tests/modules/mind_cultivation/test_breakthrough_attempt.gd:252)
       [3] _initialize (res://tests/run_tests.gd:24)
SCRIPT ERROR: Invalid call. Nonexistent function 'path' in base 'Nil'.
   at: _prepare (res://tests/modules/mind_cultivation/test_breakthrough_attempt.gd:36)
   GDScript backtrace (most recent call first):
       [0] _prepare (res://tests/modules/mind_cultivation/test_breakthrough_attempt.gd:36)
       [1] _losing_seed (res://tests/modules/mind_cultivation/test_breakthrough_attempt.gd:91)
       [2] test_failure_keeps_the_realm_and_is_recoverable (res://tests/modules/mind_cultivation/test_breakthrough_attempt.gd:252)
       [3] _initialize (res://tests/run_tests.gd:24)
SCRIPT ERROR: Invalid call. Nonexistent function 'attach' in base 'GDScript'.
   at: _actor (res://tests/modules/mind_cultivation/test_breakthrough_attempt.gd:17)
   GDScript backtrace (most recent call first):
       [0] _actor (res://tests/modules/mind_cultivation/test_breakthrough_attempt.gd:17)
       [1] _losing_seed (res://tests/modules/mind_cultivation/test_breakthrough_attempt.gd:90)
       [2] test_failure_keeps_the_realm_and_is_recoverable (res://tests/modules/mind_cultivation/test_breakthrough_attempt.gd:252)
       [3] _initialize (res://tests/run_tests.gd:24)
SCRIPT ERROR: Invalid call. Nonexistent function 'path' in base 'Nil'.
   at: _prepare (res://tests/modules/mind_cultivation/test_breakthrough_attempt.gd:36)
   GDScript backtrace (most recent call first):
       [0] _prepare (res://tests/modules/mind_cultivation/test_breakthrough_attempt.gd:36)
       [1] _losing_seed (res://tests/modules/mind_cultivation/test_breakthrough_attempt.gd:91)
       [2] test_failure_keeps_the_realm_and_is_recoverable (res://tests/modules/mind_cultivation/test_breakthrough_attempt.gd:252)
       [3] _initialize (res://tests/run_tests.gd:24)
SCRIPT ERROR: Invalid call. Nonexistent function 'attach' in base 'GDScript'.
   at: _actor (res://tests/modules/mind_cultivation/test_breakthrough_attempt.gd:17)
   GDScript backtrace (most recent call first):
       [0] _actor (res://tests/modules/mind_cultivation/test_breakthrough_attempt.gd:17)
       [1] _losing_seed (res://tests/modules/mind_cultivation/test_breakthrough_attempt.gd:90)
       [2] test_failure_keeps_the_realm_and_is_recoverable (res://tests/modules/mind_cultivation/test_breakthrough_attempt.gd:252)
       [3] _initialize (res://tests/run_tests.gd:24)
SCRIPT ERROR: Invalid call. Nonexistent function 'path' in base 'Nil'.
   at: _prepare (res://tests/modules/mind_cultivation/test_breakthrough_attempt.gd:36)
   GDScript backtrace (most recent call first):
       [0] _prepare (res://tests/modules/mind_cultivation/test_breakthrough_attempt.gd:36)
       [1] _losing_seed (res://tests/modules/mind_cultivation/test_breakthrough_attempt.gd:91)
       [2] test_failure_keeps_the_realm_and_is_recoverable (res://tests/modules/mind_cultivation/test_breakthrough_attempt.gd:252)
       [3] _initialize (res://tests/run_tests.gd:24)
SCRIPT ERROR: Invalid call. Nonexistent function 'attach' in base 'GDScript'.
   at: _actor (res://tests/modules/mind_cultivation/test_breakthrough_attempt.gd:17)
   GDScript backtrace (most recent call first):
       [0] _actor (res://tests/modules/mind_cultivation/test_breakthrough_attempt.gd:17)
       [1] _losing_seed (res://tests/modules/mind_cultivation/test_breakthrough_attempt.gd:90)
       [2] test_failure_keeps_the_realm_and_is_recoverable (res://tests/modules/mind_cultivation/test_breakthrough_attempt.gd:252)
       [3] _initialize (res://tests/run_tests.gd:24)
SCRIPT ERROR: Invalid call. Nonexistent function 'path' in base 'Nil'.
   at: _prepare (res://tests/modules/mind_cultivation/test_breakthrough_attempt.gd:36)
   GDScript backtrace (most recent call first):
       [0] _prepare (res://tests/modules/mind_cultivation/test_breakthrough_attempt.gd:36)
       [1] _losing_seed (res://tests/modules/mind_cultivation/test_breakthrough_attempt.gd:91)
       [2] test_failure_keeps_the_realm_and_is_recoverable (res://tests/modules/mind_cultivation/test_breakthrough_attempt.gd:252)
       [3] _initialize (res://tests/run_tests.gd:24)
SCRIPT ERROR: Invalid call. Nonexistent function 'attach' in base 'GDScript'.
   at: _actor (res://tests/modules/mind_cultivation/test_breakthrough_attempt.gd:17)
   GDScript backtrace (most recent call first):
       [0] _actor (res://tests/modules/mind_cultivation/test_breakthrough_attempt.gd:17)
       [1] _losing_seed (res://tests/modules/mind_cultivation/test_breakthrough_attempt.gd:90)
       [2] test_failure_keeps_the_realm_and_is_recoverable (res://tests/modules/mind_cultivation/test_breakthrough_attempt.gd:252)
       [3] _initialize (res://tests/run_tests.gd:24)
SCRIPT ERROR: Invalid call. Nonexistent function 'path' in base 'Nil'.
   at: _prepare (res://tests/modules/mind_cultivation/test_breakthrough_attempt.gd:36)
   GDScript backtrace (most recent call first):
       [0] _prepare (res://tests/modules/mind_cultivation/test_breakthrough_attempt.gd:36)
       [1] _losing_seed (res://tests/modules/mind_cultivation/test_breakthrough_attempt.gd:91)
       [2] test_failure_keeps_the_realm_and_is_recoverable (res://tests/modules/mind_cultivation/test_breakthrough_attempt.gd:252)
       [3] _initialize (res://tests/run_tests.gd:24)
SCRIPT ERROR: Invalid call. Nonexistent function 'attach' in base 'GDScript'.
   at: _actor (res://tests/modules/mind_cultivation/test_breakthrough_attempt.gd:17)
   GDScript backtrace (most recent call first):
       [0] _actor (res://tests/modules/mind_cultivation/test_breakthrough_attempt.gd:17)
       [1] _losing_seed (res://tests/modules/mind_cultivation/test_breakthrough_attempt.gd:90)
       [2] test_failure_keeps_the_realm_and_is_recoverable (res://tests/modules/mind_cultivation/test_breakthrough_attempt.gd:252)
       [3] _initialize (res://tests/run_tests.gd:24)
SCRIPT ERROR: Invalid call. Nonexistent function 'path' in base 'Nil'.
   at: _prepare (res://tests/modules/mind_cultivation/test_breakthrough_attempt.gd:36)
   GDScript backtrace (most recent call first):
       [0] _prepare (res://tests/modules/mind_cultivation/test_breakthrough_attempt.gd:36)
       [1] _losing_seed (res://tests/modules/mind_cultivation/test_breakthrough_attempt.gd:91)
       [2] test_failure_keeps_the_realm_and_is_recoverable (res://tests/modules/mind_cultivation/test_breakthrough_attempt.gd:252)
       [3] _initialize (res://tests/run_tests.gd:24)
SCRIPT ERROR: Invalid call. Nonexistent function 'attach' in base 'GDScript'.
   at: _actor (res://tests/modules/mind_cultivation/test_breakthrough_attempt.gd:17)
   GDScript backtrace (most recent call first):
       [0] _actor (res://tests/modules/mind_cultivation/test_breakthrough_attempt.gd:17)
       [1] _losing_seed (res://tests/modules/mind_cultivation/test_breakthrough_attempt.gd:90)
       [2] test_failure_keeps_the_realm_and_is_recoverable (res://tests/modules/mind_cultivation/test_breakthrough_attempt.gd:252)
       [3] _initialize (res://tests/run_tests.gd:24)
SCRIPT ERROR: Invalid call. Nonexistent function 'path' in base 'Nil'.
   at: _prepare (res://tests/modules/mind_cultivation/test_breakthrough_attempt.gd:36)
   GDScript backtrace (most recent call first):
       [0] _prepare (res://tests/modules/mind_cultivation/test_breakthrough_attempt.gd:36)
       [1] _losing_seed (res://tests/modules/mind_cultivation/test_breakthrough_attempt.gd:91)
       [2] test_failure_keeps_the_realm_and_is_recoverable (res://tests/modules/mind_cultivation/test_breakthrough_attempt.gd:252)
       [3] _initialize (res://tests/run_tests.gd:24)
SCRIPT ERROR: Invalid call. Nonexistent function 'attach' in base 'GDScript'.
   at: _actor (res://tests/modules/mind_cultivation/test_breakthrough_attempt.gd:17)
   GDScript backtrace (most recent call first):
       [0] _actor (res://tests/modules/mind_cultivation/test_breakthrough_attempt.gd:17)
       [1] _losing_seed (res://tests/modules/mind_cultivation/test_breakthrough_attempt.gd:90)
       [2] test_failure_keeps_the_realm_and_is_recoverable (res://tests/modules/mind_cultivation/test_breakthrough_attempt.gd:252)
       [3] _initialize (res://tests/run_tests.gd:24)
SCRIPT ERROR: Invalid call. Nonexistent function 'path' in base 'Nil'.
   at: _prepare (res://tests/modules/mind_cultivation/test_breakthrough_attempt.gd:36)
   GDScript backtrace (most recent call first):
       [0] _prepare (res://tests/modules/mind_cultivation/test_breakthrough_attempt.gd:36)
       [1] _losing_seed (res://tests/modules/mind_cultivation/test_breakthrough_attempt.gd:91)
       [2] test_failure_keeps_the_realm_and_is_recoverable (res://tests/modules/mind_cultivation/test_breakthrough_attempt.gd:252)
       [3] _initialize (res://tests/run_tests.gd:24)
SCRIPT ERROR: Invalid call. Nonexistent function 'attach' in base 'GDScript'.
   at: _actor (res://tests/modules/mind_cultivation/test_breakthrough_attempt.gd:17)
   GDScript backtrace (most recent call first):
       [0] _actor (res://tests/modules/mind_cultivation/test_breakthrough_attempt.gd:17)
       [1] _losing_seed (res://tests/modules/mind_cultivation/test_breakthrough_attempt.gd:90)
       [2] test_failure_keeps_the_realm_and_is_recoverable (res://tests/modules/mind_cultivation/test_breakthrough_attempt.gd:252)
       [3] _initialize (res://tests/run_tests.gd:24)
SCRIPT ERROR: Invalid call. Nonexistent function 'path' in base 'Nil'.
   at: _prepare (res://tests/modules/mind_cultivation/test_breakthrough_attempt.gd:36)
   GDScript backtrace (most recent call first):
       [0] _prepare (res://tests/modules/mind_cultivation/test_breakthrough_attempt.gd:36)
       [1] _losing_seed (res://tests/modules/mind_cultivation/test_breakthrough_attempt.gd:91)
       [2] test_failure_keeps_the_realm_and_is_recoverable (res://tests/modules/mind_cultivation/test_breakthrough_attempt.gd:252)
       [3] _initialize (res://tests/run_tests.gd:24)
SCRIPT ERROR: Invalid call. Nonexistent function 'attach' in base 'GDScript'.
   at: _actor (res://tests/modules/mind_cultivation/test_breakthrough_attempt.gd:17)
   GDScript backtrace (most recent call first):
       [0] _actor (res://tests/modules/mind_cultivation/test_breakthrough_attempt.gd:17)
       [1] _losing_seed (res://tests/modules/mind_cultivation/test_breakthrough_attempt.gd:90)
       [2] test_failure_keeps_the_realm_and_is_recoverable (res://tests/modules/mind_cultivation/test_breakthrough_attempt.gd:252)
       [3] _initialize (res://tests/run_tests.gd:24)
SCRIPT ERROR: Invalid call. Nonexistent function 'path' in base 'Nil'.
   at: _prepare (res://tests/modules/mind_cultivation/test_breakthrough_attempt.gd:36)
   GDScript backtrace (most recent call first):
       [0] _prepare (res://tests/modules/mind_cultivation/test_breakthrough_attempt.gd:36)
       [1] _losing_seed (res://tests/modules/mind_cultivation/test_breakthrough_attempt.gd:91)
       [2] test_failure_keeps_the_realm_and_is_recoverable (res://tests/modules/mind_cultivation/test_breakthrough_attempt.gd:252)
       [3] _initialize (res://tests/run_tests.gd:24)
SCRIPT ERROR: Invalid call. Nonexistent function 'attach' in base 'GDScript'.
   at: _actor (res://tests/modules/mind_cultivation/test_breakthrough_attempt.gd:17)
   GDScript backtrace (most recent call first):
       [0] _actor (res://tests/modules/mind_cultivation/test_breakthrough_attempt.gd:17)
       [1] _losing_seed (res://tests/modules/mind_cultivation/test_breakthrough_attempt.gd:90)
       [2] test_failure_keeps_the_realm_and_is_recoverable (res://tests/modules/mind_cultivation/test_breakthrough_attempt.gd:252)
       [3] _initialize (res://tests/run_tests.gd:24)
SCRIPT ERROR: Invalid call. Nonexistent function 'path' in base 'Nil'.
   at: _prepare (res://tests/modules/mind_cultivation/test_breakthrough_attempt.gd:36)
   GDScript backtrace (most recent call first):
       [0] _prepare (res://tests/modules/mind_cultivation/test_breakthrough_attempt.gd:36)
       [1] _losing_seed (res://tests/modules/mind_cultivation/test_breakthrough_attempt.gd:91)
       [2] test_failure_keeps_the_realm_and_is_recoverable (res://tests/modules/mind_cultivation/test_breakthrough_attempt.gd:252)
       [3] _initialize (res://tests/run_tests.gd:24)
SCRIPT ERROR: Invalid call. Nonexistent function 'attach' in base 'GDScript'.
   at: _actor (res://tests/modules/mind_cultivation/test_breakthrough_attempt.gd:17)
   GDScript backtrace (most recent call first):
       [0] _actor (res://tests/modules/mind_cultivation/test_breakthrough_attempt.gd:17)
       [1] _losing_seed (res://tests/modules/mind_cultivation/test_breakthrough_attempt.gd:90)
       [2] test_failure_keeps_the_realm_and_is_recoverable (res://tests/modules/mind_cultivation/test_breakthrough_attempt.gd:252)
       [3] _initialize (res://tests/run_tests.gd:24)
SCRIPT ERROR: Invalid call. Nonexistent function 'path' in base 'Nil'.
   at: _prepare (res://tests/modules/mind_cultivation/test_breakthrough_attempt.gd:36)
   GDScript backtrace (most recent call first):
       [0] _prepare (res://tests/modules/mind_cultivation/test_breakthrough_attempt.gd:36)
       [1] _losing_seed (res://tests/modules/mind_cultivation/test_breakthrough_attempt.gd:91)
       [2] test_failure_keeps_the_realm_and_is_recoverable (res://tests/modules/mind_cultivation/test_breakthrough_attempt.gd:252)
       [3] _initialize (res://tests/run_tests.gd:24)
SCRIPT ERROR: Invalid call. Nonexistent function 'attach' in base 'GDScript'.
   at: _actor (res://tests/modules/mind_cultivation/test_breakthrough_attempt.gd:17)
   GDScript backtrace (most recent call first):
       [0] _actor (res://tests/modules/mind_cultivation/test_breakthrough_attempt.gd:17)
       [1] _losing_seed (res://tests/modules/mind_cultivation/test_breakthrough_attempt.gd:90)
       [2] test_failure_keeps_the_realm_and_is_recoverable (res://tests/modules/mind_cultivation/test_breakthrough_attempt.gd:252)
       [3] _initialize (res://tests/run_tests.gd:24)
SCRIPT ERROR: Invalid call. Nonexistent function 'path' in base 'Nil'.
   at: _prepare (res://tests/modules/mind_cultivation/test_breakthrough_attempt.gd:36)
   GDScript backtrace (most recent call first):
       [0] _prepare (res://tests/modules/mind_cultivation/test_breakthrough_attempt.gd:36)
       [1] _losing_seed (res://tests/modules/mind_cultivation/test_breakthrough_attempt.gd:91)
       [2] test_failure_keeps_the_realm_and_is_recoverable (res://tests/modules/mind_cultivation/test_breakthrough_attempt.gd:252)
       [3] _initialize (res://tests/run_tests.gd:24)
SCRIPT ERROR: Invalid call. Nonexistent function 'attach' in base 'GDScript'.
   at: _actor (res://tests/modules/mind_cultivation/test_breakthrough_attempt.gd:17)
   GDScript backtrace (most recent call first):
       [0] _actor (res://tests/modules/mind_cultivation/test_breakthrough_attempt.gd:17)
       [1] _losing_seed (res://tests/modules/mind_cultivation/test_breakthrough_attempt.gd:90)
       [2] test_failure_keeps_the_realm_and_is_recoverable (res://tests/modules/mind_cultivation/test_breakthrough_attempt.gd:252)
       [3] _initialize (res://tests/run_tests.gd:24)
SCRIPT ERROR: Invalid call. Nonexistent function 'path' in base 'Nil'.
   at: _prepare (res://tests/modules/mind_cultivation/test_breakthrough_attempt.gd:36)
   GDScript backtrace (most recent call first):
       [0] _prepare (res://tests/modules/mind_cultivation/test_breakthrough_attempt.gd:36)
       [1] _losing_seed (res://tests/modules/mind_cultivation/test_breakthrough_attempt.gd:91)
       [2] test_failure_keeps_the_realm_and_is_recoverable (res://tests/modules/mind_cultivation/test_breakthrough_attempt.gd:252)
       [3] _initialize (res://tests/run_tests.gd:24)
SCRIPT ERROR: Invalid call. Nonexistent function 'attach' in base 'GDScript'.
   at: _actor (res://tests/modules/mind_cultivation/test_breakthrough_attempt.gd:17)
   GDScript backtrace (most recent call first):
       [0] _actor (res://tests/modules/mind_cultivation/test_breakthrough_attempt.gd:17)
       [1] _losing_seed (res://tests/modules/mind_cultivation/test_breakthrough_attempt.gd:90)
       [2] test_failure_keeps_the_realm_and_is_recoverable (res://tests/modules/mind_cultivation/test_breakthrough_attempt.gd:252)
       [3] _initialize (res://tests/run_tests.gd:24)
SCRIPT ERROR: Invalid call. Nonexistent function 'path' in base 'Nil'.
   at: _prepare (res://tests/modules/mind_cultivation/test_breakthrough_attempt.gd:36)
   GDScript backtrace (most recent call first):
       [0] _prepare (res://tests/modules/mind_cultivation/test_breakthrough_attempt.gd:36)
       [1] _losing_seed (res://tests/modules/mind_cultivation/test_breakthrough_attempt.gd:91)
       [2] test_failure_keeps_the_realm_and_is_recoverable (res://tests/modules/mind_cultivation/test_breakthrough_attempt.gd:252)
       [3] _initialize (res://tests/run_tests.gd:24)
SCRIPT ERROR: Invalid call. Nonexistent function 'get_module_data' in base 'Nil'.
   at: attempt (res://src/modules/mind_cultivation/advancement.gd:108)
   GDScript backtrace (most recent call first):
       [0] attempt (res://src/modules/mind_cultivation/advancement.gd:108)
       [1] active_attempt (res://src/modules/mind_cultivation/advancement.gd:116)
       [2] start (res://src/modules/mind_cultivation/advancement.gd:137)
       [3] test_failure_keeps_the_realm_and_is_recoverable (res://tests/modules/mind_cultivation/test_breakthrough_attempt.gd:253)
       [4] _initialize (res://tests/run_tests.gd:24)
SCRIPT ERROR: Invalid call. Nonexistent function 'path' in base 'Nil'.
   at: start (res://src/modules/mind_cultivation/advancement.gd:139)
   GDScript backtrace (most recent call first):
       [0] start (res://src/modules/mind_cultivation/advancement.gd:139)
       [1] test_failure_keeps_the_realm_and_is_recoverable (res://tests/modules/mind_cultivation/test_breakthrough_attempt.gd:253)
       [2] _initialize (res://tests/run_tests.gd:24)
SCRIPT ERROR: Invalid call. Nonexistent function 'get_module_data' in base 'Nil'.
   at: attempt (res://src/modules/mind_cultivation/advancement.gd:108)
   GDScript backtrace (most recent call first):
       [0] attempt (res://src/modules/mind_cultivation/advancement.gd:108)
       [1] resolve_attempt (res://src/modules/mind_cultivation/advancement.gd:196)
       [2] test_failure_keeps_the_realm_and_is_recoverable (res://tests/modules/mind_cultivation/test_breakthrough_attempt.gd:254)
       [3] _initialize (res://tests/run_tests.gd:24)
SCRIPT ERROR: Invalid call. Nonexistent function 'sea' in base 'GDScript'.
   at: test_failure_keeps_the_realm_and_is_recoverable (res://tests/modules/mind_cultivation/test_breakthrough_attempt.gd:255)
   GDScript backtrace (most recent call first):
       [0] test_failure_keeps_the_realm_and_is_recoverable (res://tests/modules/mind_cultivation/test_breakthrough_attempt.gd:255)
       [1] _initialize (res://tests/run_tests.gd:24)
SCRIPT ERROR: Invalid call. Nonexistent function 'attach' in base 'GDScript'.
   at: _actor (res://tests/modules/mind_cultivation/test_breakthrough_attempt.gd:17)
   GDScript backtrace (most recent call first):
       [0] _actor (res://tests/modules/mind_cultivation/test_breakthrough_attempt.gd:17)
       [1] test_preview_consumes_nothing (res://tests/modules/mind_cultivation/test_breakthrough_attempt.gd:121)
       [2] _initialize (res://tests/run_tests.gd:24)
SCRIPT ERROR: Invalid call. Nonexistent function 'path' in base 'Nil'.
   at: _prepare (res://tests/modules/mind_cultivation/test_breakthrough_attempt.gd:36)
   GDScript backtrace (most recent call first):
       [0] _prepare (res://tests/modules/mind_cultivation/test_breakthrough_attempt.gd:36)
       [1] test_preview_consumes_nothing (res://tests/modules/mind_cultivation/test_breakthrough_attempt.gd:122)
       [2] _initialize (res://tests/run_tests.gd:24)
SCRIPT ERROR: Invalid call. Nonexistent function 'path' in base 'Nil'.
   at: test_preview_consumes_nothing (res://tests/modules/mind_cultivation/test_breakthrough_attempt.gd:123)
   GDScript backtrace (most recent call first):
       [0] test_preview_consumes_nothing (res://tests/modules/mind_cultivation/test_breakthrough_attempt.gd:123)
       [1] _initialize (res://tests/run_tests.gd:24)
SCRIPT ERROR: Invalid call. Nonexistent function 'attach' in base 'GDScript'.
   at: _actor (res://tests/modules/mind_cultivation/test_breakthrough_attempt.gd:17)
   GDScript backtrace (most recent call first):
       [0] _actor (res://tests/modules/mind_cultivation/test_breakthrough_attempt.gd:17)
       [1] test_preview_is_side_effect_free_before_preparation (res://tests/modules/mind_cultivation/test_breakthrough_attempt.gd:145)
       [2] _initialize (res://tests/run_tests.gd:24)
SCRIPT ERROR: Invalid call. Nonexistent function 'get_module_data' in base 'Nil'.
   at: attempt (res://src/modules/mind_cultivation/advancement.gd:108)
   GDScript backtrace (most recent call first):
       [0] attempt (res://src/modules/mind_cultivation/advancement.gd:108)
       [1] active_attempt (res://src/modules/mind_cultivation/advancement.gd:116)
       [2] preview (res://src/modules/mind_cultivation/advancement.gd:32)
       [3] test_preview_is_side_effect_free_before_preparation (res://tests/modules/mind_cultivation/test_breakthrough_attempt.gd:146)
       [4] _initialize (res://tests/run_tests.gd:24)
SCRIPT ERROR: Invalid call. Nonexistent function 'path' in base 'Nil'.
   at: preview (res://src/modules/mind_cultivation/advancement.gd:33)
   GDScript backtrace (most recent call first):
       [0] preview (res://src/modules/mind_cultivation/advancement.gd:33)
       [1] test_preview_is_side_effect_free_before_preparation (res://tests/modules/mind_cultivation/test_breakthrough_attempt.gd:146)
       [2] _initialize (res://tests/run_tests.gd:24)
SCRIPT ERROR: Invalid call. Nonexistent function 'get_module_data' in base 'Nil'.
   at: attempt (res://src/modules/mind_cultivation/advancement.gd:108)
   GDScript backtrace (most recent call first):
       [0] attempt (res://src/modules/mind_cultivation/advancement.gd:108)
       [1] test_preview_is_side_effect_free_before_preparation (res://tests/modules/mind_cultivation/test_breakthrough_attempt.gd:149)
       [2] _initialize (res://tests/run_tests.gd:24)
SCRIPT ERROR: Invalid call. Nonexistent function 'attach' in base 'GDScript'.
   at: _actor (res://tests/modules/mind_cultivation/test_breakthrough_attempt.gd:17)
   GDScript backtrace (most recent call first):
       [0] _actor (res://tests/modules/mind_cultivation/test_breakthrough_attempt.gd:17)
       [1] test_preview_reports_an_attempt_in_flight (res://tests/modules/mind_cultivation/test_breakthrough_attempt.gd:137)
       [2] _initialize (res://tests/run_tests.gd:24)
SCRIPT ERROR: Invalid call. Nonexistent function 'path' in base 'Nil'.
   at: _prepare (res://tests/modules/mind_cultivation/test_breakthrough_attempt.gd:36)
   GDScript backtrace (most recent call first):
       [0] _prepare (res://tests/modules/mind_cultivation/test_breakthrough_attempt.gd:36)
       [1] test_preview_reports_an_attempt_in_flight (res://tests/modules/mind_cultivation/test_breakthrough_attempt.gd:138)
       [2] _initialize (res://tests/run_tests.gd:24)
SCRIPT ERROR: Invalid call. Nonexistent function 'get_module_data' in base 'Nil'.
   at: attempt (res://src/modules/mind_cultivation/advancement.gd:108)
   GDScript backtrace (most recent call first):
       [0] attempt (res://src/modules/mind_cultivation/advancement.gd:108)
       [1] active_attempt (res://src/modules/mind_cultivation/advancement.gd:116)
       [2] start (res://src/modules/mind_cultivation/advancement.gd:137)
       [3] test_preview_reports_an_attempt_in_flight (res://tests/modules/mind_cultivation/test_breakthrough_attempt.gd:139)
       [4] _initialize (res://tests/run_tests.gd:24)
SCRIPT ERROR: Invalid call. Nonexistent function 'path' in base 'Nil'.
   at: start (res://src/modules/mind_cultivation/advancement.gd:139)
   GDScript backtrace (most recent call first):
       [0] start (res://src/modules/mind_cultivation/advancement.gd:139)
       [1] test_preview_reports_an_attempt_in_flight (res://tests/modules/mind_cultivation/test_breakthrough_attempt.gd:139)
       [2] _initialize (res://tests/run_tests.gd:24)
SCRIPT ERROR: Invalid call. Nonexistent function 'get_module_data' in base 'Nil'.
   at: attempt (res://src/modules/mind_cultivation/advancement.gd:108)
   GDScript backtrace (most recent call first):
       [0] attempt (res://src/modules/mind_cultivation/advancement.gd:108)
       [1] active_attempt (res://src/modules/mind_cultivation/advancement.gd:116)
       [2] preview (res://src/modules/mind_cultivation/advancement.gd:32)
       [3] test_preview_reports_an_attempt_in_flight (res://tests/modules/mind_cultivation/test_breakthrough_attempt.gd:141)
       [4] _initialize (res://tests/run_tests.gd:24)
SCRIPT ERROR: Invalid call. Nonexistent function 'path' in base 'Nil'.
   at: preview (res://src/modules/mind_cultivation/advancement.gd:33)
   GDScript backtrace (most recent call first):
       [0] preview (res://src/modules/mind_cultivation/advancement.gd:33)
       [1] test_preview_reports_an_attempt_in_flight (res://tests/modules/mind_cultivation/test_breakthrough_attempt.gd:141)
       [2] _initialize (res://tests/run_tests.gd:24)
SCRIPT ERROR: Invalid access to property or key 'attempt_id' on a base object of type 'Nil'.
   at: test_preview_reports_an_attempt_in_flight (res://tests/modules/mind_cultivation/test_breakthrough_attempt.gd:141)
   GDScript backtrace (most recent call first):
       [0] test_preview_reports_an_attempt_in_flight (res://tests/modules/mind_cultivation/test_breakthrough_attempt.gd:141)
       [1] _initialize (res://tests/run_tests.gd:24)
SCRIPT ERROR: Invalid call. Nonexistent function 'attach' in base 'GDScript'.
   at: _actor (res://tests/modules/mind_cultivation/test_breakthrough_attempt.gd:17)
   GDScript backtrace (most recent call first):
       [0] _actor (res://tests/modules/mind_cultivation/test_breakthrough_attempt.gd:17)
       [1] test_resolve_success_grants_the_award_once (res://tests/modules/mind_cultivation/test_breakthrough_attempt.gd:216)
       [2] _initialize (res://tests/run_tests.gd:24)
SCRIPT ERROR: Invalid call. Nonexistent function 'path' in base 'Nil'.
   at: _prepare (res://tests/modules/mind_cultivation/test_breakthrough_attempt.gd:36)
   GDScript backtrace (most recent call first):
       [0] _prepare (res://tests/modules/mind_cultivation/test_breakthrough_attempt.gd:36)
       [1] test_resolve_success_grants_the_award_once (res://tests/modules/mind_cultivation/test_breakthrough_attempt.gd:217)
       [2] _initialize (res://tests/run_tests.gd:24)
SCRIPT ERROR: Invalid access to property or key 'stats' on a base object of type 'Nil'.
   at: test_resolve_success_grants_the_award_once (res://tests/modules/mind_cultivation/test_breakthrough_attempt.gd:218)
   GDScript backtrace (most recent call first):
       [0] test_resolve_success_grants_the_award_once (res://tests/modules/mind_cultivation/test_breakthrough_attempt.gd:218)
       [1] _initialize (res://tests/run_tests.gd:24)
SCRIPT ERROR: Invalid call. Nonexistent function 'attach' in base 'GDScript'.
   at: _actor (res://tests/modules/mind_cultivation/test_breakthrough_attempt.gd:17)
   GDScript backtrace (most recent call first):
       [0] _actor (res://tests/modules/mind_cultivation/test_breakthrough_attempt.gd:17)
       [1] test_resolve_without_an_attempt_is_a_noop (res://tests/modules/mind_cultivation/test_breakthrough_attempt.gd:212)
       [2] _initialize (res://tests/run_tests.gd:24)
SCRIPT ERROR: Invalid call. Nonexistent function 'get_module_data' in base 'Nil'.
   at: attempt (res://src/modules/mind_cultivation/advancement.gd:108)
   GDScript backtrace (most recent call first):
       [0] attempt (res://src/modules/mind_cultivation/advancement.gd:108)
       [1] resolve_attempt (res://src/modules/mind_cultivation/advancement.gd:196)
       [2] test_resolve_without_an_attempt_is_a_noop (res://tests/modules/mind_cultivation/test_breakthrough_attempt.gd:212)
       [3] _initialize (res://tests/run_tests.gd:24)
SCRIPT ERROR: Invalid call. Nonexistent function 'attach' in base 'GDScript'.
   at: _actor (res://tests/modules/mind_cultivation/test_breakthrough_attempt.gd:17)
   GDScript backtrace (most recent call first):
       [0] _actor (res://tests/modules/mind_cultivation/test_breakthrough_attempt.gd:17)
       [1] test_resolving_a_failed_attempt_again_owes_no_second_deviation (res://tests/modules/mind_cultivation/test_breakthrough_attempt.gd:276)
       [2] _initialize (res://tests/run_tests.gd:24)
SCRIPT ERROR: Invalid call. Nonexistent function 'path' in base 'Nil'.
   at: _prepare (res://tests/modules/mind_cultivation/test_breakthrough_attempt.gd:36)
   GDScript backtrace (most recent call first):
       [0] _prepare (res://tests/modules/mind_cultivation/test_breakthrough_attempt.gd:36)
       [1] test_resolving_a_failed_attempt_again_owes_no_second_deviation (res://tests/modules/mind_cultivation/test_breakthrough_attempt.gd:277)
       [2] _initialize (res://tests/run_tests.gd:24)
SCRIPT ERROR: Invalid call. Nonexistent function 'attach' in base 'GDScript'.
   at: _actor (res://tests/modules/mind_cultivation/test_breakthrough_attempt.gd:17)
   GDScript backtrace (most recent call first):
       [0] _actor (res://tests/modules/mind_cultivation/test_breakthrough_attempt.gd:17)
       [1] _losing_seed (res://tests/modules/mind_cultivation/test_breakthrough_attempt.gd:90)
       [2] test_resolving_a_failed_attempt_again_owes_no_second_deviation (res://tests/modules/mind_cultivation/test_breakthrough_attempt.gd:278)
       [3] _initialize (res://tests/run_tests.gd:24)
SCRIPT ERROR: Invalid call. Nonexistent function 'path' in base 'Nil'.
   at: _prepare (res://tests/modules/mind_cultivation/test_breakthrough_attempt.gd:36)
   GDScript backtrace (most recent call first):
       [0] _prepare (res://tests/modules/mind_cultivation/test_breakthrough_attempt.gd:36)
       [1] _losing_seed (res://tests/modules/mind_cultivation/test_breakthrough_attempt.gd:91)
       [2] test_resolving_a_failed_attempt_again_owes_no_second_deviation (res://tests/modules/mind_cultivation/test_breakthrough_attempt.gd:278)
       [3] _initialize (res://tests/run_tests.gd:24)
SCRIPT ERROR: Invalid call. Nonexistent function 'attach' in base 'GDScript'.
   at: _actor (res://tests/modules/mind_cultivation/test_breakthrough_attempt.gd:17)
   GDScript backtrace (most recent call first):
       [0] _actor (res://tests/modules/mind_cultivation/test_breakthrough_attempt.gd:17)
       [1] _losing_seed (res://tests/modules/mind_cultivation/test_breakthrough_attempt.gd:90)
       [2] test_resolving_a_failed_attempt_again_owes_no_second_deviation (res://tests/modules/mind_cultivation/test_breakthrough_attempt.gd:278)
       [3] _initialize (res://tests/run_tests.gd:24)
SCRIPT ERROR: Invalid call. Nonexistent function 'path' in base 'Nil'.
   at: _prepare (res://tests/modules/mind_cultivation/test_breakthrough_attempt.gd:36)
   GDScript backtrace (most recent call first):
       [0] _prepare (res://tests/modules/mind_cultivation/test_breakthrough_attempt.gd:36)
       [1] _losing_seed (res://tests/modules/mind_cultivation/test_breakthrough_attempt.gd:91)
       [2] test_resolving_a_failed_attempt_again_owes_no_second_deviation (res://tests/modules/mind_cultivation/test_breakthrough_attempt.gd:278)
       [3] _initialize (res://tests/run_tests.gd:24)
SCRIPT ERROR: Invalid call. Nonexistent function 'attach' in base 'GDScript'.
   at: _actor (res://tests/modules/mind_cultivation/test_breakthrough_attempt.gd:17)
   GDScript backtrace (most recent call first):
       [0] _actor (res://tests/modules/mind_cultivation/test_breakthrough_attempt.gd:17)
       [1] _losing_seed (res://tests/modules/mind_cultivation/test_breakthrough_attempt.gd:90)
       [2] test_resolving_a_failed_attempt_again_owes_no_second_deviation (res://tests/modules/mind_cultivation/test_breakthrough_attempt.gd:278)
       [3] _initialize (res://tests/run_tests.gd:24)
SCRIPT ERROR: Invalid call. Nonexistent function 'path' in base 'Nil'.
   at: _prepare (res://tests/modules/mind_cultivation/test_breakthrough_attempt.gd:36)
   GDScript backtrace (most recent call first):
       [0] _prepare (res://tests/modules/mind_cultivation/test_breakthrough_attempt.gd:36)
       [1] _losing_seed (res://tests/modules/mind_cultivation/test_breakthrough_attempt.gd:91)
       [2] test_resolving_a_failed_attempt_again_owes_no_second_deviation (res://tests/modules/mind_cultivation/test_breakthrough_attempt.gd:278)
       [3] _initialize (res://tests/run_tests.gd:24)
SCRIPT ERROR: Invalid call. Nonexistent function 'attach' in base 'GDScript'.
   at: _actor (res://tests/modules/mind_cultivation/test_breakthrough_attempt.gd:17)
   GDScript backtrace (most recent call first):
       [0] _actor (res://tests/modules/mind_cultivation/test_breakthrough_attempt.gd:17)
       [1] _losing_seed (res://tests/modules/mind_cultivation/test_breakthrough_attempt.gd:90)
       [2] test_resolving_a_failed_attempt_again_owes_no_second_deviation (res://tests/modules/mind_cultivation/test_breakthrough_attempt.gd:278)
       [3] _initialize (res://tests/run_tests.gd:24)
SCRIPT ERROR: Invalid call. Nonexistent function 'path' in base 'Nil'.
   at: _prepare (res://tests/modules/mind_cultivation/test_breakthrough_attempt.gd:36)
   GDScript backtrace (most recent call first):
       [0] _prepare (res://tests/modules/mind_cultivation/test_breakthrough_attempt.gd:36)
       [1] _losing_seed (res://tests/modules/mind_cultivation/test_breakthrough_attempt.gd:91)
       [2] test_resolving_a_failed_attempt_again_owes_no_second_deviation (res://tests/modules/mind_cultivation/test_breakthrough_attempt.gd:278)
       [3] _initialize (res://tests/run_tests.gd:24)
SCRIPT ERROR: Invalid call. Nonexistent function 'attach' in base 'GDScript'.
   at: _actor (res://tests/modules/mind_cultivation/test_breakthrough_attempt.gd:17)
   GDScript backtrace (most recent call first):
       [0] _actor (res://tests/modules/mind_cultivation/test_breakthrough_attempt.gd:17)
       [1] _losing_seed (res://tests/modules/mind_cultivation/test_breakthrough_attempt.gd:90)
       [2] test_resolving_a_failed_attempt_again_owes_no_second_deviation (res://tests/modules/mind_cultivation/test_breakthrough_attempt.gd:278)
       [3] _initialize (res://tests/run_tests.gd:24)
SCRIPT ERROR: Invalid call. Nonexistent function 'path' in base 'Nil'.
   at: _prepare (res://tests/modules/mind_cultivation/test_breakthrough_attempt.gd:36)
   GDScript backtrace (most recent call first):
       [0] _prepare (res://tests/modules/mind_cultivation/test_breakthrough_attempt.gd:36)
       [1] _losing_seed (res://tests/modules/mind_cultivation/test_breakthrough_attempt.gd:91)
       [2] test_resolving_a_failed_attempt_again_owes_no_second_deviation (res://tests/modules/mind_cultivation/test_breakthrough_attempt.gd:278)
       [3] _initialize (res://tests/run_tests.gd:24)
SCRIPT ERROR: Invalid call. Nonexistent function 'attach' in base 'GDScript'.
   at: _actor (res://tests/modules/mind_cultivation/test_breakthrough_attempt.gd:17)
   GDScript backtrace (most recent call first):
       [0] _actor (res://tests/modules/mind_cultivation/test_breakthrough_attempt.gd:17)
       [1] _losing_seed (res://tests/modules/mind_cultivation/test_breakthrough_attempt.gd:90)
       [2] test_resolving_a_failed_attempt_again_owes_no_second_deviation (res://tests/modules/mind_cultivation/test_breakthrough_attempt.gd:278)
       [3] _initialize (res://tests/run_tests.gd:24)
SCRIPT ERROR: Invalid call. Nonexistent function 'path' in base 'Nil'.
   at: _prepare (res://tests/modules/mind_cultivation/test_breakthrough_attempt.gd:36)
   GDScript backtrace (most recent call first):
       [0] _prepare (res://tests/modules/mind_cultivation/test_breakthrough_attempt.gd:36)
       [1] _losing_seed (res://tests/modules/mind_cultivation/test_breakthrough_attempt.gd:91)
       [2] test_resolving_a_failed_attempt_again_owes_no_second_deviation (res://tests/modules/mind_cultivation/test_breakthrough_attempt.gd:278)
       [3] _initialize (res://tests/run_tests.gd:24)
SCRIPT ERROR: Invalid call. Nonexistent function 'attach' in base 'GDScript'.
   at: _actor (res://tests/modules/mind_cultivation/test_breakthrough_attempt.gd:17)
   GDScript backtrace (most recent call first):
       [0] _actor (res://tests/modules/mind_cultivation/test_breakthrough_attempt.gd:17)
       [1] _losing_seed (res://tests/modules/mind_cultivation/test_breakthrough_attempt.gd:90)
       [2] test_resolving_a_failed_attempt_again_owes_no_second_deviation (res://tests/modules/mind_cultivation/test_breakthrough_attempt.gd:278)
       [3] _initialize (res://tests/run_tests.gd:24)
SCRIPT ERROR: Invalid call. Nonexistent function 'path' in base 'Nil'.
   at: _prepare (res://tests/modules/mind_cultivation/test_breakthrough_attempt.gd:36)
   GDScript backtrace (most recent call first):
       [0] _prepare (res://tests/modules/mind_cultivation/test_breakthrough_attempt.gd:36)
       [1] _losing_seed (res://tests/modules/mind_cultivation/test_breakthrough_attempt.gd:91)
       [2] test_resolving_a_failed_attempt_again_owes_no_second_deviation (res://tests/modules/mind_cultivation/test_breakthrough_attempt.gd:278)
       [3] _initialize (res://tests/run_tests.gd:24)
SCRIPT ERROR: Invalid call. Nonexistent function 'attach' in base 'GDScript'.
   at: _actor (res://tests/modules/mind_cultivation/test_breakthrough_attempt.gd:17)
   GDScript backtrace (most recent call first):
       [0] _actor (res://tests/modules/mind_cultivation/test_breakthrough_attempt.gd:17)
       [1] _losing_seed (res://tests/modules/mind_cultivation/test_breakthrough_attempt.gd:90)
       [2] test_resolving_a_failed_attempt_again_owes_no_second_deviation (res://tests/modules/mind_cultivation/test_breakthrough_attempt.gd:278)
       [3] _initialize (res://tests/run_tests.gd:24)
SCRIPT ERROR: Invalid call. Nonexistent function 'path' in base 'Nil'.
   at: _prepare (res://tests/modules/mind_cultivation/test_breakthrough_attempt.gd:36)
   GDScript backtrace (most recent call first):
       [0] _prepare (res://tests/modules/mind_cultivation/test_breakthrough_attempt.gd:36)
       [1] _losing_seed (res://tests/modules/mind_cultivation/test_breakthrough_attempt.gd:91)
       [2] test_resolving_a_failed_attempt_again_owes_no_second_deviation (res://tests/modules/mind_cultivation/test_breakthrough_attempt.gd:278)
       [3] _initialize (res://tests/run_tests.gd:24)
SCRIPT ERROR: Invalid call. Nonexistent function 'attach' in base 'GDScript'.
   at: _actor (res://tests/modules/mind_cultivation/test_breakthrough_attempt.gd:17)
   GDScript backtrace (most recent call first):
       [0] _actor (res://tests/modules/mind_cultivation/test_breakthrough_attempt.gd:17)
       [1] _losing_seed (res://tests/modules/mind_cultivation/test_breakthrough_attempt.gd:90)
       [2] test_resolving_a_failed_attempt_again_owes_no_second_deviation (res://tests/modules/mind_cultivation/test_breakthrough_attempt.gd:278)
       [3] _initialize (res://tests/run_tests.gd:24)
SCRIPT ERROR: Invalid call. Nonexistent function 'path' in base 'Nil'.
   at: _prepare (res://tests/modules/mind_cultivation/test_breakthrough_attempt.gd:36)
   GDScript backtrace (most recent call first):
       [0] _prepare (res://tests/modules/mind_cultivation/test_breakthrough_attempt.gd:36)
       [1] _losing_seed (res://tests/modules/mind_cultivation/test_breakthrough_attempt.gd:91)
       [2] test_resolving_a_failed_attempt_again_owes_no_second_deviation (res://tests/modules/mind_cultivation/test_breakthrough_attempt.gd:278)
       [3] _initialize (res://tests/run_tests.gd:24)
SCRIPT ERROR: Invalid call. Nonexistent function 'attach' in base 'GDScript'.
   at: _actor (res://tests/modules/mind_cultivation/test_breakthrough_attempt.gd:17)
   GDScript backtrace (most recent call first):
       [0] _actor (res://tests/modules/mind_cultivation/test_breakthrough_attempt.gd:17)
       [1] _losing_seed (res://tests/modules/mind_cultivation/test_breakthrough_attempt.gd:90)
       [2] test_resolving_a_failed_attempt_again_owes_no_second_deviation (res://tests/modules/mind_cultivation/test_breakthrough_attempt.gd:278)
       [3] _initialize (res://tests/run_tests.gd:24)
SCRIPT ERROR: Invalid call. Nonexistent function 'path' in base 'Nil'.
   at: _prepare (res://tests/modules/mind_cultivation/test_breakthrough_attempt.gd:36)
   GDScript backtrace (most recent call first):
       [0] _prepare (res://tests/modules/mind_cultivation/test_breakthrough_attempt.gd:36)
       [1] _losing_seed (res://tests/modules/mind_cultivation/test_breakthrough_attempt.gd:91)
       [2] test_resolving_a_failed_attempt_again_owes_no_second_deviation (res://tests/modules/mind_cultivation/test_breakthrough_attempt.gd:278)
       [3] _initialize (res://tests/run_tests.gd:24)
SCRIPT ERROR: Invalid call. Nonexistent function 'attach' in base 'GDScript'.
   at: _actor (res://tests/modules/mind_cultivation/test_breakthrough_attempt.gd:17)
   GDScript backtrace (most recent call first):
       [0] _actor (res://tests/modules/mind_cultivation/test_breakthrough_attempt.gd:17)
       [1] _losing_seed (res://tests/modules/mind_cultivation/test_breakthrough_attempt.gd:90)
       [2] test_resolving_a_failed_attempt_again_owes_no_second_deviation (res://tests/modules/mind_cultivation/test_breakthrough_attempt.gd:278)
       [3] _initialize (res://tests/run_tests.gd:24)
SCRIPT ERROR: Invalid call. Nonexistent function 'path' in base 'Nil'.
   at: _prepare (res://tests/modules/mind_cultivation/test_breakthrough_attempt.gd:36)
   GDScript backtrace (most recent call first):
       [0] _prepare (res://tests/modules/mind_cultivation/test_breakthrough_attempt.gd:36)
       [1] _losing_seed (res://tests/modules/mind_cultivation/test_breakthrough_attempt.gd:91)
       [2] test_resolving_a_failed_attempt_again_owes_no_second_deviation (res://tests/modules/mind_cultivation/test_breakthrough_attempt.gd:278)
       [3] _initialize (res://tests/run_tests.gd:24)
SCRIPT ERROR: Invalid call. Nonexistent function 'attach' in base 'GDScript'.
   at: _actor (res://tests/modules/mind_cultivation/test_breakthrough_attempt.gd:17)
   GDScript backtrace (most recent call first):
       [0] _actor (res://tests/modules/mind_cultivation/test_breakthrough_attempt.gd:17)
       [1] _losing_seed (res://tests/modules/mind_cultivation/test_breakthrough_attempt.gd:90)
       [2] test_resolving_a_failed_attempt_again_owes_no_second_deviation (res://tests/modules/mind_cultivation/test_breakthrough_attempt.gd:278)
       [3] _initialize (res://tests/run_tests.gd:24)
SCRIPT ERROR: Invalid call. Nonexistent function 'path' in base 'Nil'.
   at: _prepare (res://tests/modules/mind_cultivation/test_breakthrough_attempt.gd:36)
   GDScript backtrace (most recent call first):
       [0] _prepare (res://tests/modules/mind_cultivation/test_breakthrough_attempt.gd:36)
       [1] _losing_seed (res://tests/modules/mind_cultivation/test_breakthrough_attempt.gd:91)
       [2] test_resolving_a_failed_attempt_again_owes_no_second_deviation (res://tests/modules/mind_cultivation/test_breakthrough_attempt.gd:278)
       [3] _initialize (res://tests/run_tests.gd:24)
SCRIPT ERROR: Invalid call. Nonexistent function 'attach' in base 'GDScript'.
   at: _actor (res://tests/modules/mind_cultivation/test_breakthrough_attempt.gd:17)
   GDScript backtrace (most recent call first):
       [0] _actor (res://tests/modules/mind_cultivation/test_breakthrough_attempt.gd:17)
       [1] _losing_seed (res://tests/modules/mind_cultivation/test_breakthrough_attempt.gd:90)
       [2] test_resolving_a_failed_attempt_again_owes_no_second_deviation (res://tests/modules/mind_cultivation/test_breakthrough_attempt.gd:278)
       [3] _initialize (res://tests/run_tests.gd:24)
SCRIPT ERROR: Invalid call. Nonexistent function 'path' in base 'Nil'.
   at: _prepare (res://tests/modules/mind_cultivation/test_breakthrough_attempt.gd:36)
   GDScript backtrace (most recent call first):
       [0] _prepare (res://tests/modules/mind_cultivation/test_breakthrough_attempt.gd:36)
       [1] _losing_seed (res://tests/modules/mind_cultivation/test_breakthrough_attempt.gd:91)
       [2] test_resolving_a_failed_attempt_again_owes_no_second_deviation (res://tests/modules/mind_cultivation/test_breakthrough_attempt.gd:278)
       [3] _initialize (res://tests/run_tests.gd:24)
SCRIPT ERROR: Invalid call. Nonexistent function 'attach' in base 'GDScript'.
   at: _actor (res://tests/modules/mind_cultivation/test_breakthrough_attempt.gd:17)
   GDScript backtrace (most recent call first):
       [0] _actor (res://tests/modules/mind_cultivation/test_breakthrough_attempt.gd:17)
       [1] _losing_seed (res://tests/modules/mind_cultivation/test_breakthrough_attempt.gd:90)
       [2] test_resolving_a_failed_attempt_again_owes_no_second_deviation (res://tests/modules/mind_cultivation/test_breakthrough_attempt.gd:278)
       [3] _initialize (res://tests/run_tests.gd:24)
SCRIPT ERROR: Invalid call. Nonexistent function 'path' in base 'Nil'.
   at: _prepare (res://tests/modules/mind_cultivation/test_breakthrough_attempt.gd:36)
   GDScript backtrace (most recent call first):
       [0] _prepare (res://tests/modules/mind_cultivation/test_breakthrough_attempt.gd:36)
       [1] _losing_seed (res://tests/modules/mind_cultivation/test_breakthrough_attempt.gd:91)
       [2] test_resolving_a_failed_attempt_again_owes_no_second_deviation (res://tests/modules/mind_cultivation/test_breakthrough_attempt.gd:278)
       [3] _initialize (res://tests/run_tests.gd:24)
SCRIPT ERROR: Invalid call. Nonexistent function 'attach' in base 'GDScript'.
   at: _actor (res://tests/modules/mind_cultivation/test_breakthrough_attempt.gd:17)
   GDScript backtrace (most recent call first):
       [0] _actor (res://tests/modules/mind_cultivation/test_breakthrough_attempt.gd:17)
       [1] _losing_seed (res://tests/modules/mind_cultivation/test_breakthrough_attempt.gd:90)
       [2] test_resolving_a_failed_attempt_again_owes_no_second_deviation (res://tests/modules/mind_cultivation/test_breakthrough_attempt.gd:278)
       [3] _initialize (res://tests/run_tests.gd:24)
SCRIPT ERROR: Invalid call. Nonexistent function 'path' in base 'Nil'.
   at: _prepare (res://tests/modules/mind_cultivation/test_breakthrough_attempt.gd:36)
   GDScript backtrace (most recent call first):
       [0] _prepare (res://tests/modules/mind_cultivation/test_breakthrough_attempt.gd:36)
       [1] _losing_seed (res://tests/modules/mind_cultivation/test_breakthrough_attempt.gd:91)
       [2] test_resolving_a_failed_attempt_again_owes_no_second_deviation (res://tests/modules/mind_cultivation/test_breakthrough_attempt.gd:278)
       [3] _initialize (res://tests/run_tests.gd:24)
SCRIPT ERROR: Invalid call. Nonexistent function 'attach' in base 'GDScript'.
   at: _actor (res://tests/modules/mind_cultivation/test_breakthrough_attempt.gd:17)
   GDScript backtrace (most recent call first):
       [0] _actor (res://tests/modules/mind_cultivation/test_breakthrough_attempt.gd:17)
       [1] _losing_seed (res://tests/modules/mind_cultivation/test_breakthrough_attempt.gd:90)
       [2] test_resolving_a_failed_attempt_again_owes_no_second_deviation (res://tests/modules/mind_cultivation/test_breakthrough_attempt.gd:278)
       [3] _initialize (res://tests/run_tests.gd:24)
SCRIPT ERROR: Invalid call. Nonexistent function 'path' in base 'Nil'.
   at: _prepare (res://tests/modules/mind_cultivation/test_breakthrough_attempt.gd:36)
   GDScript backtrace (most recent call first):
       [0] _prepare (res://tests/modules/mind_cultivation/test_breakthrough_attempt.gd:36)
       [1] _losing_seed (res://tests/modules/mind_cultivation/test_breakthrough_attempt.gd:91)
       [2] test_resolving_a_failed_attempt_again_owes_no_second_deviation (res://tests/modules/mind_cultivation/test_breakthrough_attempt.gd:278)
       [3] _initialize (res://tests/run_tests.gd:24)
SCRIPT ERROR: Invalid call. Nonexistent function 'attach' in base 'GDScript'.
   at: _actor (res://tests/modules/mind_cultivation/test_breakthrough_attempt.gd:17)
   GDScript backtrace (most recent call first):
       [0] _actor (res://tests/modules/mind_cultivation/test_breakthrough_attempt.gd:17)
       [1] _losing_seed (res://tests/modules/mind_cultivation/test_breakthrough_attempt.gd:90)
       [2] test_resolving_a_failed_attempt_again_owes_no_second_deviation (res://tests/modules/mind_cultivation/test_breakthrough_attempt.gd:278)
       [3] _initialize (res://tests/run_tests.gd:24)
SCRIPT ERROR: Invalid call. Nonexistent function 'path' in base 'Nil'.
   at: _prepare (res://tests/modules/mind_cultivation/test_breakthrough_attempt.gd:36)
   GDScript backtrace (most recent call first):
       [0] _prepare (res://tests/modules/mind_cultivation/test_breakthrough_attempt.gd:36)
       [1] _losing_seed (res://tests/modules/mind_cultivation/test_breakthrough_attempt.gd:91)
       [2] test_resolving_a_failed_attempt_again_owes_no_second_deviation (res://tests/modules/mind_cultivation/test_breakthrough_attempt.gd:278)
       [3] _initialize (res://tests/run_tests.gd:24)
SCRIPT ERROR: Invalid call. Nonexistent function 'attach' in base 'GDScript'.
   at: _actor (res://tests/modules/mind_cultivation/test_breakthrough_attempt.gd:17)
   GDScript backtrace (most recent call first):
       [0] _actor (res://tests/modules/mind_cultivation/test_breakthrough_attempt.gd:17)
       [1] _losing_seed (res://tests/modules/mind_cultivation/test_breakthrough_attempt.gd:90)
       [2] test_resolving_a_failed_attempt_again_owes_no_second_deviation (res://tests/modules/mind_cultivation/test_breakthrough_attempt.gd:278)
       [3] _initialize (res://tests/run_tests.gd:24)
SCRIPT ERROR: Invalid call. Nonexistent function 'path' in base 'Nil'.
   at: _prepare (res://tests/modules/mind_cultivation/test_breakthrough_attempt.gd:36)
   GDScript backtrace (most recent call first):
       [0] _prepare (res://tests/modules/mind_cultivation/test_breakthrough_attempt.gd:36)
       [1] _losing_seed (res://tests/modules/mind_cultivation/test_breakthrough_attempt.gd:91)
       [2] test_resolving_a_failed_attempt_again_owes_no_second_deviation (res://tests/modules/mind_cultivation/test_breakthrough_attempt.gd:278)
       [3] _initialize (res://tests/run_tests.gd:24)
SCRIPT ERROR: Invalid call. Nonexistent function 'attach' in base 'GDScript'.
   at: _actor (res://tests/modules/mind_cultivation/test_breakthrough_attempt.gd:17)
   GDScript backtrace (most recent call first):
       [0] _actor (res://tests/modules/mind_cultivation/test_breakthrough_attempt.gd:17)
       [1] _losing_seed (res://tests/modules/mind_cultivation/test_breakthrough_attempt.gd:90)
       [2] test_resolving_a_failed_attempt_again_owes_no_second_deviation (res://tests/modules/mind_cultivation/test_breakthrough_attempt.gd:278)
       [3] _initialize (res://tests/run_tests.gd:24)
SCRIPT ERROR: Invalid call. Nonexistent function 'path' in base 'Nil'.
   at: _prepare (res://tests/modules/mind_cultivation/test_breakthrough_attempt.gd:36)
   GDScript backtrace (most recent call first):
       [0] _prepare (res://tests/modules/mind_cultivation/test_breakthrough_attempt.gd:36)
       [1] _losing_seed (res://tests/modules/mind_cultivation/test_breakthrough_attempt.gd:91)
       [2] test_resolving_a_failed_attempt_again_owes_no_second_deviation (res://tests/modules/mind_cultivation/test_breakthrough_attempt.gd:278)
       [3] _initialize (res://tests/run_tests.gd:24)
SCRIPT ERROR: Invalid call. Nonexistent function 'attach' in base 'GDScript'.
   at: _actor (res://tests/modules/mind_cultivation/test_breakthrough_attempt.gd:17)
   GDScript backtrace (most recent call first):
       [0] _actor (res://tests/modules/mind_cultivation/test_breakthrough_attempt.gd:17)
       [1] _losing_seed (res://tests/modules/mind_cultivation/test_breakthrough_attempt.gd:90)
       [2] test_resolving_a_failed_attempt_again_owes_no_second_deviation (res://tests/modules/mind_cultivation/test_breakthrough_attempt.gd:278)
       [3] _initialize (res://tests/run_tests.gd:24)
SCRIPT ERROR: Invalid call. Nonexistent function 'path' in base 'Nil'.
   at: _prepare (res://tests/modules/mind_cultivation/test_breakthrough_attempt.gd:36)
   GDScript backtrace (most recent call first):
       [0] _prepare (res://tests/modules/mind_cultivation/test_breakthrough_attempt.gd:36)
       [1] _losing_seed (res://tests/modules/mind_cultivation/test_breakthrough_attempt.gd:91)
       [2] test_resolving_a_failed_attempt_again_owes_no_second_deviation (res://tests/modules/mind_cultivation/test_breakthrough_attempt.gd:278)
       [3] _initialize (res://tests/run_tests.gd:24)
SCRIPT ERROR: Invalid call. Nonexistent function 'attach' in base 'GDScript'.
   at: _actor (res://tests/modules/mind_cultivation/test_breakthrough_attempt.gd:17)
   GDScript backtrace (most recent call first):
       [0] _actor (res://tests/modules/mind_cultivation/test_breakthrough_attempt.gd:17)
       [1] _losing_seed (res://tests/modules/mind_cultivation/test_breakthrough_attempt.gd:90)
       [2] test_resolving_a_failed_attempt_again_owes_no_second_deviation (res://tests/modules/mind_cultivation/test_breakthrough_attempt.gd:278)
       [3] _initialize (res://tests/run_tests.gd:24)
SCRIPT ERROR: Invalid call. Nonexistent function 'path' in base 'Nil'.
   at: _prepare (res://tests/modules/mind_cultivation/test_breakthrough_attempt.gd:36)
   GDScript backtrace (most recent call first):
       [0] _prepare (res://tests/modules/mind_cultivation/test_breakthrough_attempt.gd:36)
       [1] _losing_seed (res://tests/modules/mind_cultivation/test_breakthrough_attempt.gd:91)
       [2] test_resolving_a_failed_attempt_again_owes_no_second_deviation (res://tests/modules/mind_cultivation/test_breakthrough_attempt.gd:278)
       [3] _initialize (res://tests/run_tests.gd:24)
SCRIPT ERROR: Invalid call. Nonexistent function 'attach' in base 'GDScript'.
   at: _actor (res://tests/modules/mind_cultivation/test_breakthrough_attempt.gd:17)
   GDScript backtrace (most recent call first):
       [0] _actor (res://tests/modules/mind_cultivation/test_breakthrough_attempt.gd:17)
       [1] _losing_seed (res://tests/modules/mind_cultivation/test_breakthrough_attempt.gd:90)
       [2] test_resolving_a_failed_attempt_again_owes_no_second_deviation (res://tests/modules/mind_cultivation/test_breakthrough_attempt.gd:278)
       [3] _initialize (res://tests/run_tests.gd:24)
SCRIPT ERROR: Invalid call. Nonexistent function 'path' in base 'Nil'.
   at: _prepare (res://tests/modules/mind_cultivation/test_breakthrough_attempt.gd:36)
   GDScript backtrace (most recent call first):
       [0] _prepare (res://tests/modules/mind_cultivation/test_breakthrough_attempt.gd:36)
       [1] _losing_seed (res://tests/modules/mind_cultivation/test_breakthrough_attempt.gd:91)
       [2] test_resolving_a_failed_attempt_again_owes_no_second_deviation (res://tests/modules/mind_cultivation/test_breakthrough_attempt.gd:278)
       [3] _initialize (res://tests/run_tests.gd:24)
SCRIPT ERROR: Invalid call. Nonexistent function 'attach' in base 'GDScript'.
   at: _actor (res://tests/modules/mind_cultivation/test_breakthrough_attempt.gd:17)
   GDScript backtrace (most recent call first):
       [0] _actor (res://tests/modules/mind_cultivation/test_breakthrough_attempt.gd:17)
       [1] _losing_seed (res://tests/modules/mind_cultivation/test_breakthrough_attempt.gd:90)
       [2] test_resolving_a_failed_attempt_again_owes_no_second_deviation (res://tests/modules/mind_cultivation/test_breakthrough_attempt.gd:278)
       [3] _initialize (res://tests/run_tests.gd:24)
SCRIPT ERROR: Invalid call. Nonexistent function 'path' in base 'Nil'.
   at: _prepare (res://tests/modules/mind_cultivation/test_breakthrough_attempt.gd:36)
   GDScript backtrace (most recent call first):
       [0] _prepare (res://tests/modules/mind_cultivation/test_breakthrough_attempt.gd:36)
       [1] _losing_seed (res://tests/modules/mind_cultivation/test_breakthrough_attempt.gd:91)
       [2] test_resolving_a_failed_attempt_again_owes_no_second_deviation (res://tests/modules/mind_cultivation/test_breakthrough_attempt.gd:278)
       [3] _initialize (res://tests/run_tests.gd:24)
SCRIPT ERROR: Invalid call. Nonexistent function 'attach' in base 'GDScript'.
   at: _actor (res://tests/modules/mind_cultivation/test_breakthrough_attempt.gd:17)
   GDScript backtrace (most recent call first):
       [0] _actor (res://tests/modules/mind_cultivation/test_breakthrough_attempt.gd:17)
       [1] _losing_seed (res://tests/modules/mind_cultivation/test_breakthrough_attempt.gd:90)
       [2] test_resolving_a_failed_attempt_again_owes_no_second_deviation (res://tests/modules/mind_cultivation/test_breakthrough_attempt.gd:278)
       [3] _initialize (res://tests/run_tests.gd:24)
SCRIPT ERROR: Invalid call. Nonexistent function 'path' in base 'Nil'.
   at: _prepare (res://tests/modules/mind_cultivation/test_breakthrough_attempt.gd:36)
   GDScript backtrace (most recent call first):
       [0] _prepare (res://tests/modules/mind_cultivation/test_breakthrough_attempt.gd:36)
       [1] _losing_seed (res://tests/modules/mind_cultivation/test_breakthrough_attempt.gd:91)
       [2] test_resolving_a_failed_attempt_again_owes_no_second_deviation (res://tests/modules/mind_cultivation/test_breakthrough_attempt.gd:278)
       [3] _initialize (res://tests/run_tests.gd:24)
SCRIPT ERROR: Invalid call. Nonexistent function 'attach' in base 'GDScript'.
   at: _actor (res://tests/modules/mind_cultivation/test_breakthrough_attempt.gd:17)
   GDScript backtrace (most recent call first):
       [0] _actor (res://tests/modules/mind_cultivation/test_breakthrough_attempt.gd:17)
       [1] _losing_seed (res://tests/modules/mind_cultivation/test_breakthrough_attempt.gd:90)
       [2] test_resolving_a_failed_attempt_again_owes_no_second_deviation (res://tests/modules/mind_cultivation/test_breakthrough_attempt.gd:278)
       [3] _initialize (res://tests/run_tests.gd:24)
SCRIPT ERROR: Invalid call. Nonexistent function 'path' in base 'Nil'.
   at: _prepare (res://tests/modules/mind_cultivation/test_breakthrough_attempt.gd:36)
   GDScript backtrace (most recent call first):
       [0] _prepare (res://tests/modules/mind_cultivation/test_breakthrough_attempt.gd:36)
       [1] _losing_seed (res://tests/modules/mind_cultivation/test_breakthrough_attempt.gd:91)
       [2] test_resolving_a_failed_attempt_again_owes_no_second_deviation (res://tests/modules/mind_cultivation/test_breakthrough_attempt.gd:278)
       [3] _initialize (res://tests/run_tests.gd:24)
SCRIPT ERROR: Invalid call. Nonexistent function 'attach' in base 'GDScript'.
   at: _actor (res://tests/modules/mind_cultivation/test_breakthrough_attempt.gd:17)
   GDScript backtrace (most recent call first):
       [0] _actor (res://tests/modules/mind_cultivation/test_breakthrough_attempt.gd:17)
       [1] _losing_seed (res://tests/modules/mind_cultivation/test_breakthrough_attempt.gd:90)
       [2] test_resolving_a_failed_attempt_again_owes_no_second_deviation (res://tests/modules/mind_cultivation/test_breakthrough_attempt.gd:278)
       [3] _initialize (res://tests/run_tests.gd:24)
SCRIPT ERROR: Invalid call. Nonexistent function 'path' in base 'Nil'.
   at: _prepare (res://tests/modules/mind_cultivation/test_breakthrough_attempt.gd:36)
   GDScript backtrace (most recent call first):
       [0] _prepare (res://tests/modules/mind_cultivation/test_breakthrough_attempt.gd:36)
       [1] _losing_seed (res://tests/modules/mind_cultivation/test_breakthrough_attempt.gd:91)
       [2] test_resolving_a_failed_attempt_again_owes_no_second_deviation (res://tests/modules/mind_cultivation/test_breakthrough_attempt.gd:278)
       [3] _initialize (res://tests/run_tests.gd:24)
SCRIPT ERROR: Invalid call. Nonexistent function 'attach' in base 'GDScript'.
   at: _actor (res://tests/modules/mind_cultivation/test_breakthrough_attempt.gd:17)
   GDScript backtrace (most recent call first):
       [0] _actor (res://tests/modules/mind_cultivation/test_breakthrough_attempt.gd:17)
       [1] _losing_seed (res://tests/modules/mind_cultivation/test_breakthrough_attempt.gd:90)
       [2] test_resolving_a_failed_attempt_again_owes_no_second_deviation (res://tests/modules/mind_cultivation/test_breakthrough_attempt.gd:278)
       [3] _initialize (res://tests/run_tests.gd:24)
SCRIPT ERROR: Invalid call. Nonexistent function 'path' in base 'Nil'.
   at: _prepare (res://tests/modules/mind_cultivation/test_breakthrough_attempt.gd:36)
   GDScript backtrace (most recent call first):
       [0] _prepare (res://tests/modules/mind_cultivation/test_breakthrough_attempt.gd:36)
       [1] _losing_seed (res://tests/modules/mind_cultivation/test_breakthrough_attempt.gd:91)
       [2] test_resolving_a_failed_attempt_again_owes_no_second_deviation (res://tests/modules/mind_cultivation/test_breakthrough_attempt.gd:278)
       [3] _initialize (res://tests/run_tests.gd:24)
SCRIPT ERROR: Invalid call. Nonexistent function 'attach' in base 'GDScript'.
   at: _actor (res://tests/modules/mind_cultivation/test_breakthrough_attempt.gd:17)
   GDScript backtrace (most recent call first):
       [0] _actor (res://tests/modules/mind_cultivation/test_breakthrough_attempt.gd:17)
       [1] _losing_seed (res://tests/modules/mind_cultivation/test_breakthrough_attempt.gd:90)
       [2] test_resolving_a_failed_attempt_again_owes_no_second_deviation (res://tests/modules/mind_cultivation/test_breakthrough_attempt.gd:278)
       [3] _initialize (res://tests/run_tests.gd:24)
SCRIPT ERROR: Invalid call. Nonexistent function 'path' in base 'Nil'.
   at: _prepare (res://tests/modules/mind_cultivation/test_breakthrough_attempt.gd:36)
   GDScript backtrace (most recent call first):
       [0] _prepare (res://tests/modules/mind_cultivation/test_breakthrough_attempt.gd:36)
       [1] _losing_seed (res://tests/modules/mind_cultivation/test_breakthrough_attempt.gd:91)
       [2] test_resolving_a_failed_attempt_again_owes_no_second_deviation (res://tests/modules/mind_cultivation/test_breakthrough_attempt.gd:278)
       [3] _initialize (res://tests/run_tests.gd:24)
SCRIPT ERROR: Invalid call. Nonexistent function 'attach' in base 'GDScript'.
   at: _actor (res://tests/modules/mind_cultivation/test_breakthrough_attempt.gd:17)
   GDScript backtrace (most recent call first):
       [0] _actor (res://tests/modules/mind_cultivation/test_breakthrough_attempt.gd:17)
       [1] _losing_seed (res://tests/modules/mind_cultivation/test_breakthrough_attempt.gd:90)
       [2] test_resolving_a_failed_attempt_again_owes_no_second_deviation (res://tests/modules/mind_cultivation/test_breakthrough_attempt.gd:278)
       [3] _initialize (res://tests/run_tests.gd:24)
SCRIPT ERROR: Invalid call. Nonexistent function 'path' in base 'Nil'.
   at: _prepare (res://tests/modules/mind_cultivation/test_breakthrough_attempt.gd:36)
   GDScript backtrace (most recent call first):
       [0] _prepare (res://tests/modules/mind_cultivation/test_breakthrough_attempt.gd:36)
       [1] _losing_seed (res://tests/modules/mind_cultivation/test_breakthrough_attempt.gd:91)
       [2] test_resolving_a_failed_attempt_again_owes_no_second_deviation (res://tests/modules/mind_cultivation/test_breakthrough_attempt.gd:278)
       [3] _initialize (res://tests/run_tests.gd:24)
SCRIPT ERROR: Invalid call. Nonexistent function 'attach' in base 'GDScript'.
   at: _actor (res://tests/modules/mind_cultivation/test_breakthrough_attempt.gd:17)
   GDScript backtrace (most recent call first):
       [0] _actor (res://tests/modules/mind_cultivation/test_breakthrough_attempt.gd:17)
       [1] _losing_seed (res://tests/modules/mind_cultivation/test_breakthrough_attempt.gd:90)
       [2] test_resolving_a_failed_attempt_again_owes_no_second_deviation (res://tests/modules/mind_cultivation/test_breakthrough_attempt.gd:278)
       [3] _initialize (res://tests/run_tests.gd:24)
SCRIPT ERROR: Invalid call. Nonexistent function 'path' in base 'Nil'.
   at: _prepare (res://tests/modules/mind_cultivation/test_breakthrough_attempt.gd:36)
   GDScript backtrace (most recent call first):
       [0] _prepare (res://tests/modules/mind_cultivation/test_breakthrough_attempt.gd:36)
       [1] _losing_seed (res://tests/modules/mind_cultivation/test_breakthrough_attempt.gd:91)
       [2] test_resolving_a_failed_attempt_again_owes_no_second_deviation (res://tests/modules/mind_cultivation/test_breakthrough_attempt.gd:278)
       [3] _initialize (res://tests/run_tests.gd:24)
SCRIPT ERROR: Invalid call. Nonexistent function 'attach' in base 'GDScript'.
   at: _actor (res://tests/modules/mind_cultivation/test_breakthrough_attempt.gd:17)
   GDScript backtrace (most recent call first):
       [0] _actor (res://tests/modules/mind_cultivation/test_breakthrough_attempt.gd:17)
       [1] _losing_seed (res://tests/modules/mind_cultivation/test_breakthrough_attempt.gd:90)
       [2] test_resolving_a_failed_attempt_again_owes_no_second_deviation (res://tests/modules/mind_cultivation/test_breakthrough_attempt.gd:278)
       [3] _initialize (res://tests/run_tests.gd:24)
SCRIPT ERROR: Invalid call. Nonexistent function 'path' in base 'Nil'.
   at: _prepare (res://tests/modules/mind_cultivation/test_breakthrough_attempt.gd:36)
   GDScript backtrace (most recent call first):
       [0] _prepare (res://tests/modules/mind_cultivation/test_breakthrough_attempt.gd:36)
       [1] _losing_seed (res://tests/modules/mind_cultivation/test_breakthrough_attempt.gd:91)
       [2] test_resolving_a_failed_attempt_again_owes_no_second_deviation (res://tests/modules/mind_cultivation/test_breakthrough_attempt.gd:278)
       [3] _initialize (res://tests/run_tests.gd:24)
SCRIPT ERROR: Invalid call. Nonexistent function 'attach' in base 'GDScript'.
   at: _actor (res://tests/modules/mind_cultivation/test_breakthrough_attempt.gd:17)
   GDScript backtrace (most recent call first):
       [0] _actor (res://tests/modules/mind_cultivation/test_breakthrough_attempt.gd:17)
       [1] _losing_seed (res://tests/modules/mind_cultivation/test_breakthrough_attempt.gd:90)
       [2] test_resolving_a_failed_attempt_again_owes_no_second_deviation (res://tests/modules/mind_cultivation/test_breakthrough_attempt.gd:278)
       [3] _initialize (res://tests/run_tests.gd:24)
SCRIPT ERROR: Invalid call. Nonexistent function 'path' in base 'Nil'.
   at: _prepare (res://tests/modules/mind_cultivation/test_breakthrough_attempt.gd:36)
   GDScript backtrace (most recent call first):
       [0] _prepare (res://tests/modules/mind_cultivation/test_breakthrough_attempt.gd:36)
       [1] _losing_seed (res://tests/modules/mind_cultivation/test_breakthrough_attempt.gd:91)
       [2] test_resolving_a_failed_attempt_again_owes_no_second_deviation (res://tests/modules/mind_cultivation/test_breakthrough_attempt.gd:278)
       [3] _initialize (res://tests/run_tests.gd:24)
SCRIPT ERROR: Invalid call. Nonexistent function 'attach' in base 'GDScript'.
   at: _actor (res://tests/modules/mind_cultivation/test_breakthrough_attempt.gd:17)
   GDScript backtrace (most recent call first):
       [0] _actor (res://tests/modules/mind_cultivation/test_breakthrough_attempt.gd:17)
       [1] _losing_seed (res://tests/modules/mind_cultivation/test_breakthrough_attempt.gd:90)
       [2] test_resolving_a_failed_attempt_again_owes_no_second_deviation (res://tests/modules/mind_cultivation/test_breakthrough_attempt.gd:278)
       [3] _initialize (res://tests/run_tests.gd:24)
SCRIPT ERROR: Invalid call. Nonexistent function 'path' in base 'Nil'.
   at: _prepare (res://tests/modules/mind_cultivation/test_breakthrough_attempt.gd:36)
   GDScript backtrace (most recent call first):
       [0] _prepare (res://tests/modules/mind_cultivation/test_breakthrough_attempt.gd:36)
       [1] _losing_seed (res://tests/modules/mind_cultivation/test_breakthrough_attempt.gd:91)
       [2] test_resolving_a_failed_attempt_again_owes_no_second_deviation (res://tests/modules/mind_cultivation/test_breakthrough_attempt.gd:278)
       [3] _initialize (res://tests/run_tests.gd:24)
SCRIPT ERROR: Invalid call. Nonexistent function 'attach' in base 'GDScript'.
   at: _actor (res://tests/modules/mind_cultivation/test_breakthrough_attempt.gd:17)
   GDScript backtrace (most recent call first):
       [0] _actor (res://tests/modules/mind_cultivation/test_breakthrough_attempt.gd:17)
       [1] _losing_seed (res://tests/modules/mind_cultivation/test_breakthrough_attempt.gd:90)
       [2] test_resolving_a_failed_attempt_again_owes_no_second_deviation (res://tests/modules/mind_cultivation/test_breakthrough_attempt.gd:278)
       [3] _initialize (res://tests/run_tests.gd:24)
SCRIPT ERROR: Invalid call. Nonexistent function 'path' in base 'Nil'.
   at: _prepare (res://tests/modules/mind_cultivation/test_breakthrough_attempt.gd:36)
   GDScript backtrace (most recent call first):
       [0] _prepare (res://tests/modules/mind_cultivation/test_breakthrough_attempt.gd:36)
       [1] _losing_seed (res://tests/modules/mind_cultivation/test_breakthrough_attempt.gd:91)
       [2] test_resolving_a_failed_attempt_again_owes_no_second_deviation (res://tests/modules/mind_cultivation/test_breakthrough_attempt.gd:278)
       [3] _initialize (res://tests/run_tests.gd:24)
SCRIPT ERROR: Invalid call. Nonexistent function 'attach' in base 'GDScript'.
   at: _actor (res://tests/modules/mind_cultivation/test_breakthrough_attempt.gd:17)
   GDScript backtrace (most recent call first):
       [0] _actor (res://tests/modules/mind_cultivation/test_breakthrough_attempt.gd:17)
       [1] _losing_seed (res://tests/modules/mind_cultivation/test_breakthrough_attempt.gd:90)
       [2] test_resolving_a_failed_attempt_again_owes_no_second_deviation (res://tests/modules/mind_cultivation/test_breakthrough_attempt.gd:278)
       [3] _initialize (res://tests/run_tests.gd:24)
SCRIPT ERROR: Invalid call. Nonexistent function 'path' in base 'Nil'.
   at: _prepare (res://tests/modules/mind_cultivation/test_breakthrough_attempt.gd:36)
   GDScript backtrace (most recent call first):
       [0] _prepare (res://tests/modules/mind_cultivation/test_breakthrough_attempt.gd:36)
       [1] _losing_seed (res://tests/modules/mind_cultivation/test_breakthrough_attempt.gd:91)
       [2] test_resolving_a_failed_attempt_again_owes_no_second_deviation (res://tests/modules/mind_cultivation/test_breakthrough_attempt.gd:278)
       [3] _initialize (res://tests/run_tests.gd:24)
SCRIPT ERROR: Invalid call. Nonexistent function 'attach' in base 'GDScript'.
   at: _actor (res://tests/modules/mind_cultivation/test_breakthrough_attempt.gd:17)
   GDScript backtrace (most recent call first):
       [0] _actor (res://tests/modules/mind_cultivation/test_breakthrough_attempt.gd:17)
       [1] _losing_seed (res://tests/modules/mind_cultivation/test_breakthrough_attempt.gd:90)
       [2] test_resolving_a_failed_attempt_again_owes_no_second_deviation (res://tests/modules/mind_cultivation/test_breakthrough_attempt.gd:278)
       [3] _initialize (res://tests/run_tests.gd:24)
SCRIPT ERROR: Invalid call. Nonexistent function 'path' in base 'Nil'.
   at: _prepare (res://tests/modules/mind_cultivation/test_breakthrough_attempt.gd:36)
   GDScript backtrace (most recent call first):
       [0] _prepare (res://tests/modules/mind_cultivation/test_breakthrough_attempt.gd:36)
       [1] _losing_seed (res://tests/modules/mind_cultivation/test_breakthrough_attempt.gd:91)
       [2] test_resolving_a_failed_attempt_again_owes_no_second_deviation (res://tests/modules/mind_cultivation/test_breakthrough_attempt.gd:278)
       [3] _initialize (res://tests/run_tests.gd:24)
SCRIPT ERROR: Invalid call. Nonexistent function 'attach' in base 'GDScript'.
   at: _actor (res://tests/modules/mind_cultivation/test_breakthrough_attempt.gd:17)
   GDScript backtrace (most recent call first):
       [0] _actor (res://tests/modules/mind_cultivation/test_breakthrough_attempt.gd:17)
       [1] _losing_seed (res://tests/modules/mind_cultivation/test_breakthrough_attempt.gd:90)
       [2] test_resolving_a_failed_attempt_again_owes_no_second_deviation (res://tests/modules/mind_cultivation/test_breakthrough_attempt.gd:278)
       [3] _initialize (res://tests/run_tests.gd:24)
SCRIPT ERROR: Invalid call. Nonexistent function 'path' in base 'Nil'.
   at: _prepare (res://tests/modules/mind_cultivation/test_breakthrough_attempt.gd:36)
   GDScript backtrace (most recent call first):
       [0] _prepare (res://tests/modules/mind_cultivation/test_breakthrough_attempt.gd:36)
       [1] _losing_seed (res://tests/modules/mind_cultivation/test_breakthrough_attempt.gd:91)
       [2] test_resolving_a_failed_attempt_again_owes_no_second_deviation (res://tests/modules/mind_cultivation/test_breakthrough_attempt.gd:278)
       [3] _initialize (res://tests/run_tests.gd:24)
SCRIPT ERROR: Invalid call. Nonexistent function 'attach' in base 'GDScript'.
   at: _actor (res://tests/modules/mind_cultivation/test_breakthrough_attempt.gd:17)
   GDScript backtrace (most recent call first):
       [0] _actor (res://tests/modules/mind_cultivation/test_breakthrough_attempt.gd:17)
       [1] _losing_seed (res://tests/modules/mind_cultivation/test_breakthrough_attempt.gd:90)
       [2] test_resolving_a_failed_attempt_again_owes_no_second_deviation (res://tests/modules/mind_cultivation/test_breakthrough_attempt.gd:278)
       [3] _initialize (res://tests/run_tests.gd:24)
SCRIPT ERROR: Invalid call. Nonexistent function 'path' in base 'Nil'.
   at: _prepare (res://tests/modules/mind_cultivation/test_breakthrough_attempt.gd:36)
   GDScript backtrace (most recent call first):
       [0] _prepare (res://tests/modules/mind_cultivation/test_breakthrough_attempt.gd:36)
       [1] _losing_seed (res://tests/modules/mind_cultivation/test_breakthrough_attempt.gd:91)
       [2] test_resolving_a_failed_attempt_again_owes_no_second_deviation (res://tests/modules/mind_cultivation/test_breakthrough_attempt.gd:278)
       [3] _initialize (res://tests/run_tests.gd:24)
SCRIPT ERROR: Invalid call. Nonexistent function 'attach' in base 'GDScript'.
   at: _actor (res://tests/modules/mind_cultivation/test_breakthrough_attempt.gd:17)
   GDScript backtrace (most recent call first):
       [0] _actor (res://tests/modules/mind_cultivation/test_breakthrough_attempt.gd:17)
       [1] _losing_seed (res://tests/modules/mind_cultivation/test_breakthrough_attempt.gd:90)
       [2] test_resolving_a_failed_attempt_again_owes_no_second_deviation (res://tests/modules/mind_cultivation/test_breakthrough_attempt.gd:278)
       [3] _initialize (res://tests/run_tests.gd:24)
SCRIPT ERROR: Invalid call. Nonexistent function 'path' in base 'Nil'.
   at: _prepare (res://tests/modules/mind_cultivation/test_breakthrough_attempt.gd:36)
   GDScript backtrace (most recent call first):
       [0] _prepare (res://tests/modules/mind_cultivation/test_breakthrough_attempt.gd:36)
       [1] _losing_seed (res://tests/modules/mind_cultivation/test_breakthrough_attempt.gd:91)
       [2] test_resolving_a_failed_attempt_again_owes_no_second_deviation (res://tests/modules/mind_cultivation/test_breakthrough_attempt.gd:278)
       [3] _initialize (res://tests/run_tests.gd:24)
SCRIPT ERROR: Invalid call. Nonexistent function 'attach' in base 'GDScript'.
   at: _actor (res://tests/modules/mind_cultivation/test_breakthrough_attempt.gd:17)
   GDScript backtrace (most recent call first):
       [0] _actor (res://tests/modules/mind_cultivation/test_breakthrough_attempt.gd:17)
       [1] _losing_seed (res://tests/modules/mind_cultivation/test_breakthrough_attempt.gd:90)
       [2] test_resolving_a_failed_attempt_again_owes_no_second_deviation (res://tests/modules/mind_cultivation/test_breakthrough_attempt.gd:278)
       [3] _initialize (res://tests/run_tests.gd:24)
SCRIPT ERROR: Invalid call. Nonexistent function 'path' in base 'Nil'.
   at: _prepare (res://tests/modules/mind_cultivation/test_breakthrough_attempt.gd:36)
   GDScript backtrace (most recent call first):
       [0] _prepare (res://tests/modules/mind_cultivation/test_breakthrough_attempt.gd:36)
       [1] _losing_seed (res://tests/modules/mind_cultivation/test_breakthrough_attempt.gd:91)
       [2] test_resolving_a_failed_attempt_again_owes_no_second_deviation (res://tests/modules/mind_cultivation/test_breakthrough_attempt.gd:278)
       [3] _initialize (res://tests/run_tests.gd:24)
SCRIPT ERROR: Invalid call. Nonexistent function 'attach' in base 'GDScript'.
   at: _actor (res://tests/modules/mind_cultivation/test_breakthrough_attempt.gd:17)
   GDScript backtrace (most recent call first):
       [0] _actor (res://tests/modules/mind_cultivation/test_breakthrough_attempt.gd:17)
       [1] _losing_seed (res://tests/modules/mind_cultivation/test_breakthrough_attempt.gd:90)
       [2] test_resolving_a_failed_attempt_again_owes_no_second_deviation (res://tests/modules/mind_cultivation/test_breakthrough_attempt.gd:278)
       [3] _initialize (res://tests/run_tests.gd:24)
SCRIPT ERROR: Invalid call. Nonexistent function 'path' in base 'Nil'.
   at: _prepare (res://tests/modules/mind_cultivation/test_breakthrough_attempt.gd:36)
   GDScript backtrace (most recent call first):
       [0] _prepare (res://tests/modules/mind_cultivation/test_breakthrough_attempt.gd:36)
       [1] _losing_seed (res://tests/modules/mind_cultivation/test_breakthrough_attempt.gd:91)
       [2] test_resolving_a_failed_attempt_again_owes_no_second_deviation (res://tests/modules/mind_cultivation/test_breakthrough_attempt.gd:278)
       [3] _initialize (res://tests/run_tests.gd:24)
SCRIPT ERROR: Invalid call. Nonexistent function 'attach' in base 'GDScript'.
   at: _actor (res://tests/modules/mind_cultivation/test_breakthrough_attempt.gd:17)
   GDScript backtrace (most recent call first):
       [0] _actor (res://tests/modules/mind_cultivation/test_breakthrough_attempt.gd:17)
       [1] _losing_seed (res://tests/modules/mind_cultivation/test_breakthrough_attempt.gd:90)
       [2] test_resolving_a_failed_attempt_again_owes_no_second_deviation (res://tests/modules/mind_cultivation/test_breakthrough_attempt.gd:278)
       [3] _initialize (res://tests/run_tests.gd:24)
SCRIPT ERROR: Invalid call. Nonexistent function 'path' in base 'Nil'.
   at: _prepare (res://tests/modules/mind_cultivation/test_breakthrough_attempt.gd:36)
   GDScript backtrace (most recent call first):
       [0] _prepare (res://tests/modules/mind_cultivation/test_breakthrough_attempt.gd:36)
       [1] _losing_seed (res://tests/modules/mind_cultivation/test_breakthrough_attempt.gd:91)
       [2] test_resolving_a_failed_attempt_again_owes_no_second_deviation (res://tests/modules/mind_cultivation/test_breakthrough_attempt.gd:278)
       [3] _initialize (res://tests/run_tests.gd:24)
SCRIPT ERROR: Invalid call. Nonexistent function 'attach' in base 'GDScript'.
   at: _actor (res://tests/modules/mind_cultivation/test_breakthrough_attempt.gd:17)
   GDScript backtrace (most recent call first):
       [0] _actor (res://tests/modules/mind_cultivation/test_breakthrough_attempt.gd:17)
       [1] _losing_seed (res://tests/modules/mind_cultivation/test_breakthrough_attempt.gd:90)
       [2] test_resolving_a_failed_attempt_again_owes_no_second_deviation (res://tests/modules/mind_cultivation/test_breakthrough_attempt.gd:278)
       [3] _initialize (res://tests/run_tests.gd:24)
SCRIPT ERROR: Invalid call. Nonexistent function 'path' in base 'Nil'.
   at: _prepare (res://tests/modules/mind_cultivation/test_breakthrough_attempt.gd:36)
   GDScript backtrace (most recent call first):
       [0] _prepare (res://tests/modules/mind_cultivation/test_breakthrough_attempt.gd:36)
       [1] _losing_seed (res://tests/modules/mind_cultivation/test_breakthrough_attempt.gd:91)
       [2] test_resolving_a_failed_attempt_again_owes_no_second_deviation (res://tests/modules/mind_cultivation/test_breakthrough_attempt.gd:278)
       [3] _initialize (res://tests/run_tests.gd:24)
SCRIPT ERROR: Invalid call. Nonexistent function 'attach' in base 'GDScript'.
   at: _actor (res://tests/modules/mind_cultivation/test_breakthrough_attempt.gd:17)
   GDScript backtrace (most recent call first):
       [0] _actor (res://tests/modules/mind_cultivation/test_breakthrough_attempt.gd:17)
       [1] _losing_seed (res://tests/modules/mind_cultivation/test_breakthrough_attempt.gd:90)
       [2] test_resolving_a_failed_attempt_again_owes_no_second_deviation (res://tests/modules/mind_cultivation/test_breakthrough_attempt.gd:278)
       [3] _initialize (res://tests/run_tests.gd:24)
SCRIPT ERROR: Invalid call. Nonexistent function 'path' in base 'Nil'.
   at: _prepare (res://tests/modules/mind_cultivation/test_breakthrough_attempt.gd:36)
   GDScript backtrace (most recent call first):
       [0] _prepare (res://tests/modules/mind_cultivation/test_breakthrough_attempt.gd:36)
       [1] _losing_seed (res://tests/modules/mind_cultivation/test_breakthrough_attempt.gd:91)
       [2] test_resolving_a_failed_attempt_again_owes_no_second_deviation (res://tests/modules/mind_cultivation/test_breakthrough_attempt.gd:278)
       [3] _initialize (res://tests/run_tests.gd:24)
SCRIPT ERROR: Invalid call. Nonexistent function 'attach' in base 'GDScript'.
   at: _actor (res://tests/modules/mind_cultivation/test_breakthrough_attempt.gd:17)
   GDScript backtrace (most recent call first):
       [0] _actor (res://tests/modules/mind_cultivation/test_breakthrough_attempt.gd:17)
       [1] _losing_seed (res://tests/modules/mind_cultivation/test_breakthrough_attempt.gd:90)
       [2] test_resolving_a_failed_attempt_again_owes_no_second_deviation (res://tests/modules/mind_cultivation/test_breakthrough_attempt.gd:278)
       [3] _initialize (res://tests/run_tests.gd:24)
SCRIPT ERROR: Invalid call. Nonexistent function 'path' in base 'Nil'.
   at: _prepare (res://tests/modules/mind_cultivation/test_breakthrough_attempt.gd:36)
   GDScript backtrace (most recent call first):
       [0] _prepare (res://tests/modules/mind_cultivation/test_breakthrough_attempt.gd:36)
       [1] _losing_seed (res://tests/modules/mind_cultivation/test_breakthrough_attempt.gd:91)
       [2] test_resolving_a_failed_attempt_again_owes_no_second_deviation (res://tests/modules/mind_cultivation/test_breakthrough_attempt.gd:278)
       [3] _initialize (res://tests/run_tests.gd:24)
SCRIPT ERROR: Invalid call. Nonexistent function 'attach' in base 'GDScript'.
   at: _actor (res://tests/modules/mind_cultivation/test_breakthrough_attempt.gd:17)
   GDScript backtrace (most recent call first):
       [0] _actor (res://tests/modules/mind_cultivation/test_breakthrough_attempt.gd:17)
       [1] _losing_seed (res://tests/modules/mind_cultivation/test_breakthrough_attempt.gd:90)
       [2] test_resolving_a_failed_attempt_again_owes_no_second_deviation (res://tests/modules/mind_cultivation/test_breakthrough_attempt.gd:278)
       [3] _initialize (res://tests/run_tests.gd:24)
SCRIPT ERROR: Invalid call. Nonexistent function 'path' in base 'Nil'.
   at: _prepare (res://tests/modules/mind_cultivation/test_breakthrough_attempt.gd:36)
   GDScript backtrace (most recent call first):
       [0] _prepare (res://tests/modules/mind_cultivation/test_breakthrough_attempt.gd:36)
       [1] _losing_seed (res://tests/modules/mind_cultivation/test_breakthrough_attempt.gd:91)
       [2] test_resolving_a_failed_attempt_again_owes_no_second_deviation (res://tests/modules/mind_cultivation/test_breakthrough_attempt.gd:278)
       [3] _initialize (res://tests/run_tests.gd:24)
SCRIPT ERROR: Invalid call. Nonexistent function 'attach' in base 'GDScript'.
   at: _actor (res://tests/modules/mind_cultivation/test_breakthrough_attempt.gd:17)
   GDScript backtrace (most recent call first):
       [0] _actor (res://tests/modules/mind_cultivation/test_breakthrough_attempt.gd:17)
       [1] _losing_seed (res://tests/modules/mind_cultivation/test_breakthrough_attempt.gd:90)
       [2] test_resolving_a_failed_attempt_again_owes_no_second_deviation (res://tests/modules/mind_cultivation/test_breakthrough_attempt.gd:278)
       [3] _initialize (res://tests/run_tests.gd:24)
SCRIPT ERROR: Invalid call. Nonexistent function 'path' in base 'Nil'.
   at: _prepare (res://tests/modules/mind_cultivation/test_breakthrough_attempt.gd:36)
   GDScript backtrace (most recent call first):
       [0] _prepare (res://tests/modules/mind_cultivation/test_breakthrough_attempt.gd:36)
       [1] _losing_seed (res://tests/modules/mind_cultivation/test_breakthrough_attempt.gd:91)
       [2] test_resolving_a_failed_attempt_again_owes_no_second_deviation (res://tests/modules/mind_cultivation/test_breakthrough_attempt.gd:278)
       [3] _initialize (res://tests/run_tests.gd:24)
SCRIPT ERROR: Invalid call. Nonexistent function 'attach' in base 'GDScript'.
   at: _actor (res://tests/modules/mind_cultivation/test_breakthrough_attempt.gd:17)
   GDScript backtrace (most recent call first):
       [0] _actor (res://tests/modules/mind_cultivation/test_breakthrough_attempt.gd:17)
       [1] _losing_seed (res://tests/modules/mind_cultivation/test_breakthrough_attempt.gd:90)
       [2] test_resolving_a_failed_attempt_again_owes_no_second_deviation (res://tests/modules/mind_cultivation/test_breakthrough_attempt.gd:278)
       [3] _initialize (res://tests/run_tests.gd:24)
SCRIPT ERROR: Invalid call. Nonexistent function 'path' in base 'Nil'.
   at: _prepare (res://tests/modules/mind_cultivation/test_breakthrough_attempt.gd:36)
   GDScript backtrace (most recent call first):
       [0] _prepare (res://tests/modules/mind_cultivation/test_breakthrough_attempt.gd:36)
       [1] _losing_seed (res://tests/modules/mind_cultivation/test_breakthrough_attempt.gd:91)
       [2] test_resolving_a_failed_attempt_again_owes_no_second_deviation (res://tests/modules/mind_cultivation/test_breakthrough_attempt.gd:278)
       [3] _initialize (res://tests/run_tests.gd:24)
SCRIPT ERROR: Invalid call. Nonexistent function 'attach' in base 'GDScript'.
   at: _actor (res://tests/modules/mind_cultivation/test_breakthrough_attempt.gd:17)
   GDScript backtrace (most recent call first):
       [0] _actor (res://tests/modules/mind_cultivation/test_breakthrough_attempt.gd:17)
       [1] _losing_seed (res://tests/modules/mind_cultivation/test_breakthrough_attempt.gd:90)
       [2] test_resolving_a_failed_attempt_again_owes_no_second_deviation (res://tests/modules/mind_cultivation/test_breakthrough_attempt.gd:278)
       [3] _initialize (res://tests/run_tests.gd:24)
SCRIPT ERROR: Invalid call. Nonexistent function 'path' in base 'Nil'.
   at: _prepare (res://tests/modules/mind_cultivation/test_breakthrough_attempt.gd:36)
   GDScript backtrace (most recent call first):
       [0] _prepare (res://tests/modules/mind_cultivation/test_breakthrough_attempt.gd:36)
       [1] _losing_seed (res://tests/modules/mind_cultivation/test_breakthrough_attempt.gd:91)
       [2] test_resolving_a_failed_attempt_again_owes_no_second_deviation (res://tests/modules/mind_cultivation/test_breakthrough_attempt.gd:278)
       [3] _initialize (res://tests/run_tests.gd:24)
SCRIPT ERROR: Invalid call. Nonexistent function 'attach' in base 'GDScript'.
   at: _actor (res://tests/modules/mind_cultivation/test_breakthrough_attempt.gd:17)
   GDScript backtrace (most recent call first):
       [0] _actor (res://tests/modules/mind_cultivation/test_breakthrough_attempt.gd:17)
       [1] _losing_seed (res://tests/modules/mind_cultivation/test_breakthrough_attempt.gd:90)
       [2] test_resolving_a_failed_attempt_again_owes_no_second_deviation (res://tests/modules/mind_cultivation/test_breakthrough_attempt.gd:278)
       [3] _initialize (res://tests/run_tests.gd:24)
SCRIPT ERROR: Invalid call. Nonexistent function 'path' in base 'Nil'.
   at: _prepare (res://tests/modules/mind_cultivation/test_breakthrough_attempt.gd:36)
   GDScript backtrace (most recent call first):
       [0] _prepare (res://tests/modules/mind_cultivation/test_breakthrough_attempt.gd:36)
       [1] _losing_seed (res://tests/modules/mind_cultivation/test_breakthrough_attempt.gd:91)
       [2] test_resolving_a_failed_attempt_again_owes_no_second_deviation (res://tests/modules/mind_cultivation/test_breakthrough_attempt.gd:278)
       [3] _initialize (res://tests/run_tests.gd:24)
SCRIPT ERROR: Invalid call. Nonexistent function 'attach' in base 'GDScript'.
   at: _actor (res://tests/modules/mind_cultivation/test_breakthrough_attempt.gd:17)
   GDScript backtrace (most recent call first):
       [0] _actor (res://tests/modules/mind_cultivation/test_breakthrough_attempt.gd:17)
       [1] _losing_seed (res://tests/modules/mind_cultivation/test_breakthrough_attempt.gd:90)
       [2] test_resolving_a_failed_attempt_again_owes_no_second_deviation (res://tests/modules/mind_cultivation/test_breakthrough_attempt.gd:278)
       [3] _initialize (res://tests/run_tests.gd:24)
SCRIPT ERROR: Invalid call. Nonexistent function 'path' in base 'Nil'.
   at: _prepare (res://tests/modules/mind_cultivation/test_breakthrough_attempt.gd:36)
   GDScript backtrace (most recent call first):
       [0] _prepare (res://tests/modules/mind_cultivation/test_breakthrough_attempt.gd:36)
       [1] _losing_seed (res://tests/modules/mind_cultivation/test_breakthrough_attempt.gd:91)
       [2] test_resolving_a_failed_attempt_again_owes_no_second_deviation (res://tests/modules/mind_cultivation/test_breakthrough_attempt.gd:278)
       [3] _initialize (res://tests/run_tests.gd:24)
SCRIPT ERROR: Invalid call. Nonexistent function 'attach' in base 'GDScript'.
   at: _actor (res://tests/modules/mind_cultivation/test_breakthrough_attempt.gd:17)
   GDScript backtrace (most recent call first):
       [0] _actor (res://tests/modules/mind_cultivation/test_breakthrough_attempt.gd:17)
       [1] _losing_seed (res://tests/modules/mind_cultivation/test_breakthrough_attempt.gd:90)
       [2] test_resolving_a_failed_attempt_again_owes_no_second_deviation (res://tests/modules/mind_cultivation/test_breakthrough_attempt.gd:278)
       [3] _initialize (res://tests/run_tests.gd:24)
SCRIPT ERROR: Invalid call. Nonexistent function 'path' in base 'Nil'.
   at: _prepare (res://tests/modules/mind_cultivation/test_breakthrough_attempt.gd:36)
   GDScript backtrace (most recent call first):
       [0] _prepare (res://tests/modules/mind_cultivation/test_breakthrough_attempt.gd:36)
       [1] _losing_seed (res://tests/modules/mind_cultivation/test_breakthrough_attempt.gd:91)
       [2] test_resolving_a_failed_attempt_again_owes_no_second_deviation (res://tests/modules/mind_cultivation/test_breakthrough_attempt.gd:278)
       [3] _initialize (res://tests/run_tests.gd:24)
SCRIPT ERROR: Invalid call. Nonexistent function 'attach' in base 'GDScript'.
   at: _actor (res://tests/modules/mind_cultivation/test_breakthrough_attempt.gd:17)
   GDScript backtrace (most recent call first):
       [0] _actor (res://tests/modules/mind_cultivation/test_breakthrough_attempt.gd:17)
       [1] _losing_seed (res://tests/modules/mind_cultivation/test_breakthrough_attempt.gd:90)
       [2] test_resolving_a_failed_attempt_again_owes_no_second_deviation (res://tests/modules/mind_cultivation/test_breakthrough_attempt.gd:278)
       [3] _initialize (res://tests/run_tests.gd:24)
SCRIPT ERROR: Invalid call. Nonexistent function 'path' in base 'Nil'.
   at: _prepare (res://tests/modules/mind_cultivation/test_breakthrough_attempt.gd:36)
   GDScript backtrace (most recent call first):
       [0] _prepare (res://tests/modules/mind_cultivation/test_breakthrough_attempt.gd:36)
       [1] _losing_seed (res://tests/modules/mind_cultivation/test_breakthrough_attempt.gd:91)
       [2] test_resolving_a_failed_attempt_again_owes_no_second_deviation (res://tests/modules/mind_cultivation/test_breakthrough_attempt.gd:278)
       [3] _initialize (res://tests/run_tests.gd:24)
SCRIPT ERROR: Invalid call. Nonexistent function 'attach' in base 'GDScript'.
   at: _actor (res://tests/modules/mind_cultivation/test_breakthrough_attempt.gd:17)
   GDScript backtrace (most recent call first):
       [0] _actor (res://tests/modules/mind_cultivation/test_breakthrough_attempt.gd:17)
       [1] _losing_seed (res://tests/modules/mind_cultivation/test_breakthrough_attempt.gd:90)
       [2] test_resolving_a_failed_attempt_again_owes_no_second_deviation (res://tests/modules/mind_cultivation/test_breakthrough_attempt.gd:278)
       [3] _initialize (res://tests/run_tests.gd:24)
SCRIPT ERROR: Invalid call. Nonexistent function 'path' in base 'Nil'.
   at: _prepare (res://tests/modules/mind_cultivation/test_breakthrough_attempt.gd:36)
   GDScript backtrace (most recent call first):
       [0] _prepare (res://tests/modules/mind_cultivation/test_breakthrough_attempt.gd:36)
       [1] _losing_seed (res://tests/modules/mind_cultivation/test_breakthrough_attempt.gd:91)
       [2] test_resolving_a_failed_attempt_again_owes_no_second_deviation (res://tests/modules/mind_cultivation/test_breakthrough_attempt.gd:278)
       [3] _initialize (res://tests/run_tests.gd:24)
SCRIPT ERROR: Invalid call. Nonexistent function 'attach' in base 'GDScript'.
   at: _actor (res://tests/modules/mind_cultivation/test_breakthrough_attempt.gd:17)
   GDScript backtrace (most recent call first):
       [0] _actor (res://tests/modules/mind_cultivation/test_breakthrough_attempt.gd:17)
       [1] _losing_seed (res://tests/modules/mind_cultivation/test_breakthrough_attempt.gd:90)
       [2] test_resolving_a_failed_attempt_again_owes_no_second_deviation (res://tests/modules/mind_cultivation/test_breakthrough_attempt.gd:278)
       [3] _initialize (res://tests/run_tests.gd:24)
SCRIPT ERROR: Invalid call. Nonexistent function 'path' in base 'Nil'.
   at: _prepare (res://tests/modules/mind_cultivation/test_breakthrough_attempt.gd:36)
   GDScript backtrace (most recent call first):
       [0] _prepare (res://tests/modules/mind_cultivation/test_breakthrough_attempt.gd:36)
       [1] _losing_seed (res://tests/modules/mind_cultivation/test_breakthrough_attempt.gd:91)
       [2] test_resolving_a_failed_attempt_again_owes_no_second_deviation (res://tests/modules/mind_cultivation/test_breakthrough_attempt.gd:278)
       [3] _initialize (res://tests/run_tests.gd:24)
SCRIPT ERROR: Invalid call. Nonexistent function 'attach' in base 'GDScript'.
   at: _actor (res://tests/modules/mind_cultivation/test_breakthrough_attempt.gd:17)
   GDScript backtrace (most recent call first):
       [0] _actor (res://tests/modules/mind_cultivation/test_breakthrough_attempt.gd:17)
       [1] _losing_seed (res://tests/modules/mind_cultivation/test_breakthrough_attempt.gd:90)
       [2] test_resolving_a_failed_attempt_again_owes_no_second_deviation (res://tests/modules/mind_cultivation/test_breakthrough_attempt.gd:278)
       [3] _initialize (res://tests/run_tests.gd:24)
SCRIPT ERROR: Invalid call. Nonexistent function 'path' in base 'Nil'.
   at: _prepare (res://tests/modules/mind_cultivation/test_breakthrough_attempt.gd:36)
   GDScript backtrace (most recent call first):
       [0] _prepare (res://tests/modules/mind_cultivation/test_breakthrough_attempt.gd:36)
       [1] _losing_seed (res://tests/modules/mind_cultivation/test_breakthrough_attempt.gd:91)
       [2] test_resolving_a_failed_attempt_again_owes_no_second_deviation (res://tests/modules/mind_cultivation/test_breakthrough_attempt.gd:278)
       [3] _initialize (res://tests/run_tests.gd:24)
SCRIPT ERROR: Invalid call. Nonexistent function 'attach' in base 'GDScript'.
   at: _actor (res://tests/modules/mind_cultivation/test_breakthrough_attempt.gd:17)
   GDScript backtrace (most recent call first):
       [0] _actor (res://tests/modules/mind_cultivation/test_breakthrough_attempt.gd:17)
       [1] _losing_seed (res://tests/modules/mind_cultivation/test_breakthrough_attempt.gd:90)
       [2] test_resolving_a_failed_attempt_again_owes_no_second_deviation (res://tests/modules/mind_cultivation/test_breakthrough_attempt.gd:278)
       [3] _initialize (res://tests/run_tests.gd:24)
SCRIPT ERROR: Invalid call. Nonexistent function 'path' in base 'Nil'.
   at: _prepare (res://tests/modules/mind_cultivation/test_breakthrough_attempt.gd:36)
   GDScript backtrace (most recent call first):
       [0] _prepare (res://tests/modules/mind_cultivation/test_breakthrough_attempt.gd:36)
       [1] _losing_seed (res://tests/modules/mind_cultivation/test_breakthrough_attempt.gd:91)
       [2] test_resolving_a_failed_attempt_again_owes_no_second_deviation (res://tests/modules/mind_cultivation/test_breakthrough_attempt.gd:278)
       [3] _initialize (res://tests/run_tests.gd:24)
SCRIPT ERROR: Invalid call. Nonexistent function 'attach' in base 'GDScript'.
   at: _actor (res://tests/modules/mind_cultivation/test_breakthrough_attempt.gd:17)
   GDScript backtrace (most recent call first):
       [0] _actor (res://tests/modules/mind_cultivation/test_breakthrough_attempt.gd:17)
       [1] _losing_seed (res://tests/modules/mind_cultivation/test_breakthrough_attempt.gd:90)
       [2] test_resolving_a_failed_attempt_again_owes_no_second_deviation (res://tests/modules/mind_cultivation/test_breakthrough_attempt.gd:278)
       [3] _initialize (res://tests/run_tests.gd:24)
SCRIPT ERROR: Invalid call. Nonexistent function 'path' in base 'Nil'.
   at: _prepare (res://tests/modules/mind_cultivation/test_breakthrough_attempt.gd:36)
   GDScript backtrace (most recent call first):
       [0] _prepare (res://tests/modules/mind_cultivation/test_breakthrough_attempt.gd:36)
       [1] _losing_seed (res://tests/modules/mind_cultivation/test_breakthrough_attempt.gd:91)
       [2] test_resolving_a_failed_attempt_again_owes_no_second_deviation (res://tests/modules/mind_cultivation/test_breakthrough_attempt.gd:278)
       [3] _initialize (res://tests/run_tests.gd:24)
SCRIPT ERROR: Invalid call. Nonexistent function 'attach' in base 'GDScript'.
   at: _actor (res://tests/modules/mind_cultivation/test_breakthrough_attempt.gd:17)
   GDScript backtrace (most recent call first):
       [0] _actor (res://tests/modules/mind_cultivation/test_breakthrough_attempt.gd:17)
       [1] _losing_seed (res://tests/modules/mind_cultivation/test_breakthrough_attempt.gd:90)
       [2] test_resolving_a_failed_attempt_again_owes_no_second_deviation (res://tests/modules/mind_cultivation/test_breakthrough_attempt.gd:278)
       [3] _initialize (res://tests/run_tests.gd:24)
SCRIPT ERROR: Invalid call. Nonexistent function 'path' in base 'Nil'.
   at: _prepare (res://tests/modules/mind_cultivation/test_breakthrough_attempt.gd:36)
   GDScript backtrace (most recent call first):
       [0] _prepare (res://tests/modules/mind_cultivation/test_breakthrough_attempt.gd:36)
       [1] _losing_seed (res://tests/modules/mind_cultivation/test_breakthrough_attempt.gd:91)
       [2] test_resolving_a_failed_attempt_again_owes_no_second_deviation (res://tests/modules/mind_cultivation/test_breakthrough_attempt.gd:278)
       [3] _initialize (res://tests/run_tests.gd:24)
SCRIPT ERROR: Invalid call. Nonexistent function 'attach' in base 'GDScript'.
   at: _actor (res://tests/modules/mind_cultivation/test_breakthrough_attempt.gd:17)
   GDScript backtrace (most recent call first):
       [0] _actor (res://tests/modules/mind_cultivation/test_breakthrough_attempt.gd:17)
       [1] _losing_seed (res://tests/modules/mind_cultivation/test_breakthrough_attempt.gd:90)
       [2] test_resolving_a_failed_attempt_again_owes_no_second_deviation (res://tests/modules/mind_cultivation/test_breakthrough_attempt.gd:278)
       [3] _initialize (res://tests/run_tests.gd:24)
SCRIPT ERROR: Invalid call. Nonexistent function 'path' in base 'Nil'.
   at: _prepare (res://tests/modules/mind_cultivation/test_breakthrough_attempt.gd:36)
   GDScript backtrace (most recent call first):
       [0] _prepare (res://tests/modules/mind_cultivation/test_breakthrough_attempt.gd:36)
       [1] _losing_seed (res://tests/modules/mind_cultivation/test_breakthrough_attempt.gd:91)
       [2] test_resolving_a_failed_attempt_again_owes_no_second_deviation (res://tests/modules/mind_cultivation/test_breakthrough_attempt.gd:278)
       [3] _initialize (res://tests/run_tests.gd:24)
SCRIPT ERROR: Invalid call. Nonexistent function 'attach' in base 'GDScript'.
   at: _actor (res://tests/modules/mind_cultivation/test_breakthrough_attempt.gd:17)
   GDScript backtrace (most recent call first):
       [0] _actor (res://tests/modules/mind_cultivation/test_breakthrough_attempt.gd:17)
       [1] _losing_seed (res://tests/modules/mind_cultivation/test_breakthrough_attempt.gd:90)
       [2] test_resolving_a_failed_attempt_again_owes_no_second_deviation (res://tests/modules/mind_cultivation/test_breakthrough_attempt.gd:278)
       [3] _initialize (res://tests/run_tests.gd:24)
SCRIPT ERROR: Invalid call. Nonexistent function 'path' in base 'Nil'.
   at: _prepare (res://tests/modules/mind_cultivation/test_breakthrough_attempt.gd:36)
   GDScript backtrace (most recent call first):
       [0] _prepare (res://tests/modules/mind_cultivation/test_breakthrough_attempt.gd:36)
       [1] _losing_seed (res://tests/modules/mind_cultivation/test_breakthrough_attempt.gd:91)
       [2] test_resolving_a_failed_attempt_again_owes_no_second_deviation (res://tests/modules/mind_cultivation/test_breakthrough_attempt.gd:278)
       [3] _initialize (res://tests/run_tests.gd:24)
SCRIPT ERROR: Invalid call. Nonexistent function 'attach' in base 'GDScript'.
   at: _actor (res://tests/modules/mind_cultivation/test_breakthrough_attempt.gd:17)
   GDScript backtrace (most recent call first):
       [0] _actor (res://tests/modules/mind_cultivation/test_breakthrough_attempt.gd:17)
       [1] _losing_seed (res://tests/modules/mind_cultivation/test_breakthrough_attempt.gd:90)
       [2] test_resolving_a_failed_attempt_again_owes_no_second_deviation (res://tests/modules/mind_cultivation/test_breakthrough_attempt.gd:278)
       [3] _initialize (res://tests/run_tests.gd:24)
SCRIPT ERROR: Invalid call. Nonexistent function 'path' in base 'Nil'.
   at: _prepare (res://tests/modules/mind_cultivation/test_breakthrough_attempt.gd:36)
   GDScript backtrace (most recent call first):
       [0] _prepare (res://tests/modules/mind_cultivation/test_breakthrough_attempt.gd:36)
       [1] _losing_seed (res://tests/modules/mind_cultivation/test_breakthrough_attempt.gd:91)
       [2] test_resolving_a_failed_attempt_again_owes_no_second_deviation (res://tests/modules/mind_cultivation/test_breakthrough_attempt.gd:278)
       [3] _initialize (res://tests/run_tests.gd:24)
SCRIPT ERROR: Invalid call. Nonexistent function 'attach' in base 'GDScript'.
   at: _actor (res://tests/modules/mind_cultivation/test_breakthrough_attempt.gd:17)
   GDScript backtrace (most recent call first):
       [0] _actor (res://tests/modules/mind_cultivation/test_breakthrough_attempt.gd:17)
       [1] _losing_seed (res://tests/modules/mind_cultivation/test_breakthrough_attempt.gd:90)
       [2] test_resolving_a_failed_attempt_again_owes_no_second_deviation (res://tests/modules/mind_cultivation/test_breakthrough_attempt.gd:278)
       [3] _initialize (res://tests/run_tests.gd:24)
SCRIPT ERROR: Invalid call. Nonexistent function 'path' in base 'Nil'.
   at: _prepare (res://tests/modules/mind_cultivation/test_breakthrough_attempt.gd:36)
   GDScript backtrace (most recent call first):
       [0] _prepare (res://tests/modules/mind_cultivation/test_breakthrough_attempt.gd:36)
       [1] _losing_seed (res://tests/modules/mind_cultivation/test_breakthrough_attempt.gd:91)
       [2] test_resolving_a_failed_attempt_again_owes_no_second_deviation (res://tests/modules/mind_cultivation/test_breakthrough_attempt.gd:278)
       [3] _initialize (res://tests/run_tests.gd:24)
SCRIPT ERROR: Invalid call. Nonexistent function 'get_module_data' in base 'Nil'.
   at: attempt (res://src/modules/mind_cultivation/advancement.gd:108)
   GDScript backtrace (most recent call first):
       [0] attempt (res://src/modules/mind_cultivation/advancement.gd:108)
       [1] active_attempt (res://src/modules/mind_cultivation/advancement.gd:116)
       [2] start (res://src/modules/mind_cultivation/advancement.gd:137)
       [3] test_resolving_a_failed_attempt_again_owes_no_second_deviation (res://tests/modules/mind_cultivation/test_breakthrough_attempt.gd:279)
       [4] _initialize (res://tests/run_tests.gd:24)
SCRIPT ERROR: Invalid call. Nonexistent function 'path' in base 'Nil'.
   at: start (res://src/modules/mind_cultivation/advancement.gd:139)
   GDScript backtrace (most recent call first):
       [0] start (res://src/modules/mind_cultivation/advancement.gd:139)
       [1] test_resolving_a_failed_attempt_again_owes_no_second_deviation (res://tests/modules/mind_cultivation/test_breakthrough_attempt.gd:279)
       [2] _initialize (res://tests/run_tests.gd:24)
SCRIPT ERROR: Invalid call. Nonexistent function 'get_module_data' in base 'Nil'.
   at: attempt (res://src/modules/mind_cultivation/advancement.gd:108)
   GDScript backtrace (most recent call first):
       [0] attempt (res://src/modules/mind_cultivation/advancement.gd:108)
       [1] resolve_attempt (res://src/modules/mind_cultivation/advancement.gd:196)
       [2] test_resolving_a_failed_attempt_again_owes_no_second_deviation (res://tests/modules/mind_cultivation/test_breakthrough_attempt.gd:280)
       [3] _initialize (res://tests/run_tests.gd:24)
SCRIPT ERROR: Invalid call. Nonexistent function 'sea' in base 'GDScript'.
   at: test_resolving_a_failed_attempt_again_owes_no_second_deviation (res://tests/modules/mind_cultivation/test_breakthrough_attempt.gd:281)
   GDScript backtrace (most recent call first):
       [0] test_resolving_a_failed_attempt_again_owes_no_second_deviation (res://tests/modules/mind_cultivation/test_breakthrough_attempt.gd:281)
       [1] _initialize (res://tests/run_tests.gd:24)
SCRIPT ERROR: Invalid call. Nonexistent function 'attach' in base 'GDScript'.
   at: _actor (res://tests/modules/mind_cultivation/test_breakthrough_attempt.gd:17)
   GDScript backtrace (most recent call first):
       [0] _actor (res://tests/modules/mind_cultivation/test_breakthrough_attempt.gd:17)
       [1] test_resolving_twice_does_not_grant_twice (res://tests/modules/mind_cultivation/test_breakthrough_attempt.gd:233)
       [2] _initialize (res://tests/run_tests.gd:24)
SCRIPT ERROR: Invalid call. Nonexistent function 'path' in base 'Nil'.
   at: _prepare (res://tests/modules/mind_cultivation/test_breakthrough_attempt.gd:36)
   GDScript backtrace (most recent call first):
       [0] _prepare (res://tests/modules/mind_cultivation/test_breakthrough_attempt.gd:36)
       [1] test_resolving_twice_does_not_grant_twice (res://tests/modules/mind_cultivation/test_breakthrough_attempt.gd:234)
       [2] _initialize (res://tests/run_tests.gd:24)
SCRIPT ERROR: Invalid access to property or key 'stats' on a base object of type 'Nil'.
   at: test_resolving_twice_does_not_grant_twice (res://tests/modules/mind_cultivation/test_breakthrough_attempt.gd:235)
   GDScript backtrace (most recent call first):
       [0] test_resolving_twice_does_not_grant_twice (res://tests/modules/mind_cultivation/test_breakthrough_attempt.gd:235)
       [1] _initialize (res://tests/run_tests.gd:24)
SCRIPT ERROR: Invalid call. Nonexistent function 'attach' in base 'GDScript'.
   at: _actor (res://tests/modules/mind_cultivation/test_breakthrough_attempt.gd:17)
   GDScript backtrace (most recent call first):
       [0] _actor (res://tests/modules/mind_cultivation/test_breakthrough_attempt.gd:17)
       [1] test_start_chances_a_fixed_preparation_and_rolls_nothing (res://tests/modules/mind_cultivation/test_breakthrough_attempt.gd:192)
       [2] _initialize (res://tests/run_tests.gd:24)
SCRIPT ERROR: Invalid call. Nonexistent function 'path' in base 'Nil'.
   at: _prepare (res://tests/modules/mind_cultivation/test_breakthrough_attempt.gd:36)
   GDScript backtrace (most recent call first):
       [0] _prepare (res://tests/modules/mind_cultivation/test_breakthrough_attempt.gd:36)
       [1] test_start_chances_a_fixed_preparation_and_rolls_nothing (res://tests/modules/mind_cultivation/test_breakthrough_attempt.gd:193)
       [2] _initialize (res://tests/run_tests.gd:24)
SCRIPT ERROR: Invalid call. Nonexistent function 'get_module_data' in base 'Nil'.
   at: attempt (res://src/modules/mind_cultivation/advancement.gd:108)
   GDScript backtrace (most recent call first):
       [0] attempt (res://src/modules/mind_cultivation/advancement.gd:108)
       [1] active_attempt (res://src/modules/mind_cultivation/advancement.gd:116)
       [2] start (res://src/modules/mind_cultivation/advancement.gd:137)
       [3] test_start_chances_a_fixed_preparation_and_rolls_nothing (res://tests/modules/mind_cultivation/test_breakthrough_attempt.gd:196)
       [4] _initialize (res://tests/run_tests.gd:24)
SCRIPT ERROR: Invalid call. Nonexistent function 'path' in base 'Nil'.
   at: start (res://src/modules/mind_cultivation/advancement.gd:139)
   GDScript backtrace (most recent call first):
       [0] start (res://src/modules/mind_cultivation/advancement.gd:139)
       [1] test_start_chances_a_fixed_preparation_and_rolls_nothing (res://tests/modules/mind_cultivation/test_breakthrough_attempt.gd:196)
       [2] _initialize (res://tests/run_tests.gd:24)
SCRIPT ERROR: Invalid access to property or key 'preparation' on a base object of type 'Nil'.
   at: test_start_chances_a_fixed_preparation_and_rolls_nothing (res://tests/modules/mind_cultivation/test_breakthrough_attempt.gd:198)
   GDScript backtrace (most recent call first):
       [0] test_start_chances_a_fixed_preparation_and_rolls_nothing (res://tests/modules/mind_cultivation/test_breakthrough_attempt.gd:198)
       [1] _initialize (res://tests/run_tests.gd:24)
SCRIPT ERROR: Invalid call. Nonexistent function 'attach' in base 'GDScript'.
   at: _actor (res://tests/modules/mind_cultivation/test_breakthrough_attempt.gd:17)
   GDScript backtrace (most recent call first):
       [0] _actor (res://tests/modules/mind_cultivation/test_breakthrough_attempt.gd:17)
       [1] test_start_is_refused_before_preparation (res://tests/modules/mind_cultivation/test_breakthrough_attempt.gd:156)
       [2] _initialize (res://tests/run_tests.gd:24)
SCRIPT ERROR: Invalid call. Nonexistent function 'get_module_data' in base 'Nil'.
   at: attempt (res://src/modules/mind_cultivation/advancement.gd:108)
   GDScript backtrace (most recent call first):
       [0] attempt (res://src/modules/mind_cultivation/advancement.gd:108)
       [1] active_attempt (res://src/modules/mind_cultivation/advancement.gd:116)
       [2] start (res://src/modules/mind_cultivation/advancement.gd:137)
       [3] test_start_is_refused_before_preparation (res://tests/modules/mind_cultivation/test_breakthrough_attempt.gd:156)
       [4] _initialize (res://tests/run_tests.gd:24)
SCRIPT ERROR: Invalid call. Nonexistent function 'path' in base 'Nil'.
   at: start (res://src/modules/mind_cultivation/advancement.gd:139)
   GDScript backtrace (most recent call first):
       [0] start (res://src/modules/mind_cultivation/advancement.gd:139)
       [1] test_start_is_refused_before_preparation (res://tests/modules/mind_cultivation/test_breakthrough_attempt.gd:156)
       [2] _initialize (res://tests/run_tests.gd:24)
SCRIPT ERROR: Invalid call. Nonexistent function 'attach' in base 'GDScript'.
   at: _actor (res://tests/modules/mind_cultivation/test_breakthrough_attempt.gd:17)
   GDScript backtrace (most recent call first):
       [0] _actor (res://tests/modules/mind_cultivation/test_breakthrough_attempt.gd:17)
       [1] test_start_persists_an_attempt_id_and_spends_one_pill (res://tests/modules/mind_cultivation/test_breakthrough_attempt.gd:160)
       [2] _initialize (res://tests/run_tests.gd:24)
SCRIPT ERROR: Invalid call. Nonexistent function 'path' in base 'Nil'.
   at: _prepare (res://tests/modules/mind_cultivation/test_breakthrough_attempt.gd:36)
   GDScript backtrace (most recent call first):
       [0] _prepare (res://tests/modules/mind_cultivation/test_breakthrough_attempt.gd:36)
       [1] test_start_persists_an_attempt_id_and_spends_one_pill (res://tests/modules/mind_cultivation/test_breakthrough_attempt.gd:161)
       [2] _initialize (res://tests/run_tests.gd:24)
SCRIPT ERROR: Invalid access to property or key 'breakthrough_item' on a base object of type 'Nil'.
   at: test_start_persists_an_attempt_id_and_spends_one_pill (res://tests/modules/mind_cultivation/test_breakthrough_attempt.gd:162)
   GDScript backtrace (most recent call first):
       [0] test_start_persists_an_attempt_id_and_spends_one_pill (res://tests/modules/mind_cultivation/test_breakthrough_attempt.gd:162)
       [1] _initialize (res://tests/run_tests.gd:24)
SCRIPT ERROR: Invalid call. Nonexistent function 'attach' in base 'GDScript'.
   at: _actor (res://tests/modules/mind_cultivation/test_breakthrough_attempt.gd:17)
   GDScript backtrace (most recent call first):
       [0] _actor (res://tests/modules/mind_cultivation/test_breakthrough_attempt.gd:17)
       [1] test_try_breakthrough_is_the_one_shot_wrapper (res://tests/modules/mind_cultivation/test_breakthrough_attempt.gd:327)
       [2] _initialize (res://tests/run_tests.gd:24)
SCRIPT ERROR: Invalid call. Nonexistent function 'path' in base 'Nil'.
   at: _prepare (res://tests/modules/mind_cultivation/test_breakthrough_attempt.gd:36)
   GDScript backtrace (most recent call first):
       [0] _prepare (res://tests/modules/mind_cultivation/test_breakthrough_attempt.gd:36)
       [1] test_try_breakthrough_is_the_one_shot_wrapper (res://tests/modules/mind_cultivation/test_breakthrough_attempt.gd:328)
       [2] _initialize (res://tests/run_tests.gd:24)
SCRIPT ERROR: Invalid access to property or key 'stats' on a base object of type 'Nil'.
   at: test_try_breakthrough_is_the_one_shot_wrapper (res://tests/modules/mind_cultivation/test_breakthrough_attempt.gd:329)
   GDScript backtrace (most recent call first):
       [0] test_try_breakthrough_is_the_one_shot_wrapper (res://tests/modules/mind_cultivation/test_breakthrough_attempt.gd:329)
       [1] _initialize (res://tests/run_tests.gd:24)
ERROR: res://tests/modules/mind_cultivation/test_breakthrough_attempt.gd :: attempt started: expected not <null>, got <null>
   at: push_error (core/variant/variant_utility.cpp:1023)
   GDScript backtrace (most recent call first):
       [0] _initialize (res://tests/run_tests.gd:28)
ERROR: res://tests/modules/mind_cultivation/test_breakthrough_attempt.gd :: first attempt started: expected not <null>, got <null>
   at: push_error (core/variant/variant_utility.cpp:1023)
   GDScript backtrace (most recent call first):
       [0] _initialize (res://tests/run_tests.gd:28)
ERROR: res://tests/modules/mind_cultivation/test_breakthrough_attempt.gd :: attempt started: expected not <null>, got <null>
   at: push_error (core/variant/variant_utility.cpp:1023)
   GDScript backtrace (most recent call first):
       [0] _initialize (res://tests/run_tests.gd:28)
ERROR: res://tests/modules/mind_cultivation/test_breakthrough_attempt.gd :: attempt started: expected not <null>, got <null>
   at: push_error (core/variant/variant_utility.cpp:1023)
   GDScript backtrace (most recent call first):
       [0] _initialize (res://tests/run_tests.gd:28)
ERROR: res://tests/modules/mind_cultivation/test_breakthrough_attempt.gd :: resolved: expected true, got false
   at: push_error (core/variant/variant_utility.cpp:1023)
   GDScript backtrace (most recent call first):
       [0] _initialize (res://tests/run_tests.gd:28)
ERROR: res://tests/modules/mind_cultivation/test_breakthrough_attempt.gd :: attempt started: expected not <null>, got <null>
   at: push_error (core/variant/variant_utility.cpp:1023)
   GDScript backtrace (most recent call first):
       [0] _initialize (res://tests/run_tests.gd:28)
ERROR: res://tests/modules/mind_cultivation/test_breakthrough_attempt.gd :: unprepared, not ready: expected false, got <null>
   at: push_error (core/variant/variant_utility.cpp:1023)
   GDScript backtrace (most recent call first):
       [0] _initialize (res://tests/run_tests.gd:28)
ERROR: res://tests/modules/mind_cultivation/test_breakthrough_attempt.gd :: attempt started: expected not <null>, got <null>
   at: push_error (core/variant/variant_utility.cpp:1023)
   GDScript backtrace (most recent call first):
       [0] _initialize (res://tests/run_tests.gd:28)
ERROR: res://tests/modules/mind_cultivation/test_breakthrough_attempt.gd :: attempt started: expected not <null>, got <null>
   at: push_error (core/variant/variant_utility.cpp:1023)
   GDScript backtrace (most recent call first):
       [0] _initialize (res://tests/run_tests.gd:28)
SCRIPT ERROR: Invalid call. Nonexistent function 'attach' in base 'GDScript'.
   at: _actor (res://tests/modules/mind_cultivation/test_full_traversal.gd:32)
   GDScript backtrace (most recent call first):
       [0] _actor (res://tests/modules/mind_cultivation/test_full_traversal.gd:32)
       [1] test_blocked_attempt_has_no_effect (res://tests/modules/mind_cultivation/test_full_traversal.gd:224)
       [2] _initialize (res://tests/run_tests.gd:24)
SCRIPT ERROR: Invalid access to property or key 'stats' on a base object of type 'Nil'.
   at: test_blocked_attempt_has_no_effect (res://tests/modules/mind_cultivation/test_full_traversal.gd:226)
   GDScript backtrace (most recent call first):
       [0] test_blocked_attempt_has_no_effect (res://tests/modules/mind_cultivation/test_full_traversal.gd:226)
       [1] _initialize (res://tests/run_tests.gd:24)
SCRIPT ERROR: Invalid call. Nonexistent function 'attach' in base 'GDScript'.
   at: _actor (res://tests/modules/mind_cultivation/test_full_traversal.gd:32)
   GDScript backtrace (most recent call first):
       [0] _actor (res://tests/modules/mind_cultivation/test_full_traversal.gd:32)
       [1] test_failure_is_recoverable_without_a_higher_realm (res://tests/modules/mind_cultivation/test_full_traversal.gd:238)
       [2] _initialize (res://tests/run_tests.gd:24)
SCRIPT ERROR: Invalid call. Nonexistent function 'sea' in base 'GDScript'.
   at: test_failure_is_recoverable_without_a_higher_realm (res://tests/modules/mind_cultivation/test_full_traversal.gd:239)
   GDScript backtrace (most recent call first):
       [0] test_failure_is_recoverable_without_a_higher_realm (res://tests/modules/mind_cultivation/test_full_traversal.gd:239)
       [1] _initialize (res://tests/run_tests.gd:24)
SCRIPT ERROR: Invalid call. Nonexistent function 'attach' in base 'GDScript'.
   at: _actor (res://tests/modules/mind_cultivation/test_full_traversal.gd:32)
   GDScript backtrace (most recent call first):
       [0] _actor (res://tests/modules/mind_cultivation/test_full_traversal.gd:32)
       [1] _walked (res://tests/modules/mind_cultivation/test_full_traversal.gd:140)
       [2] test_full_traversal_all_30_realms (res://tests/modules/mind_cultivation/test_full_traversal.gd:176)
       [3] _initialize (res://tests/run_tests.gd:24)
SCRIPT ERROR: Invalid call. Nonexistent function 'path' in base 'Nil'.
   at: _walked (res://tests/modules/mind_cultivation/test_full_traversal.gd:145)
   GDScript backtrace (most recent call first):
       [0] _walked (res://tests/modules/mind_cultivation/test_full_traversal.gd:145)
       [1] test_full_traversal_all_30_realms (res://tests/modules/mind_cultivation/test_full_traversal.gd:176)
       [2] _initialize (res://tests/run_tests.gd:24)
SCRIPT ERROR: Cannot call method 'get_meta' on a null value.
   at: test_full_traversal_all_30_realms (res://tests/modules/mind_cultivation/test_full_traversal.gd:177)
   GDScript backtrace (most recent call first):
       [0] test_full_traversal_all_30_realms (res://tests/modules/mind_cultivation/test_full_traversal.gd:177)
       [1] _initialize (res://tests/run_tests.gd:24)
SCRIPT ERROR: Invalid call. Nonexistent function 'attach' in base 'GDScript'.
   at: _actor (res://tests/modules/mind_cultivation/test_full_traversal.gd:32)
   GDScript backtrace (most recent call first):
       [0] _actor (res://tests/modules/mind_cultivation/test_full_traversal.gd:32)
       [1] _walked (res://tests/modules/mind_cultivation/test_full_traversal.gd:140)
       [2] test_r18_to_r19_has_no_circular_prerequisite (res://tests/modules/mind_cultivation/test_full_traversal.gd:189)
       [3] _initialize (res://tests/run_tests.gd:24)
SCRIPT ERROR: Invalid call. Nonexistent function 'path' in base 'Nil'.
   at: _walked (res://tests/modules/mind_cultivation/test_full_traversal.gd:145)
   GDScript backtrace (most recent call first):
       [0] _walked (res://tests/modules/mind_cultivation/test_full_traversal.gd:145)
       [1] test_r18_to_r19_has_no_circular_prerequisite (res://tests/modules/mind_cultivation/test_full_traversal.gd:189)
       [2] _initialize (res://tests/run_tests.gd:24)
SCRIPT ERROR: Cannot call method 'get_meta' on a null value.
   at: test_r18_to_r19_has_no_circular_prerequisite (res://tests/modules/mind_cultivation/test_full_traversal.gd:189)
   GDScript backtrace (most recent call first):
       [0] test_r18_to_r19_has_no_circular_prerequisite (res://tests/modules/mind_cultivation/test_full_traversal.gd:189)
       [1] _initialize (res://tests/run_tests.gd:24)
SCRIPT ERROR: Invalid call. Nonexistent function 'attach' in base 'GDScript'.
   at: _actor (res://tests/modules/mind_cultivation/test_full_traversal.gd:32)
   GDScript backtrace (most recent call first):
       [0] _actor (res://tests/modules/mind_cultivation/test_full_traversal.gd:32)
       [1] _walked (res://tests/modules/mind_cultivation/test_full_traversal.gd:140)
       [2] test_r27_to_r28_has_no_circular_prerequisite (res://tests/modules/mind_cultivation/test_full_traversal.gd:200)
       [3] _initialize (res://tests/run_tests.gd:24)
SCRIPT ERROR: Invalid call. Nonexistent function 'path' in base 'Nil'.
   at: _walked (res://tests/modules/mind_cultivation/test_full_traversal.gd:145)
   GDScript backtrace (most recent call first):
       [0] _walked (res://tests/modules/mind_cultivation/test_full_traversal.gd:145)
       [1] test_r27_to_r28_has_no_circular_prerequisite (res://tests/modules/mind_cultivation/test_full_traversal.gd:200)
       [2] _initialize (res://tests/run_tests.gd:24)
SCRIPT ERROR: Cannot call method 'get_meta' on a null value.
   at: test_r27_to_r28_has_no_circular_prerequisite (res://tests/modules/mind_cultivation/test_full_traversal.gd:200)
   GDScript backtrace (most recent call first):
       [0] test_r27_to_r28_has_no_circular_prerequisite (res://tests/modules/mind_cultivation/test_full_traversal.gd:200)
       [1] _initialize (res://tests/run_tests.gd:24)
SCRIPT ERROR: Invalid call. Nonexistent function 'attach' in base 'GDScript'.
   at: _actor (res://tests/modules/mind_cultivation/test_full_traversal.gd:32)
   GDScript backtrace (most recent call first):
       [0] _actor (res://tests/modules/mind_cultivation/test_full_traversal.gd:32)
       [1] _walked (res://tests/modules/mind_cultivation/test_full_traversal.gd:140)
       [2] test_r30_refuses_another_advance (res://tests/modules/mind_cultivation/test_full_traversal.gd:211)
       [3] _initialize (res://tests/run_tests.gd:24)
SCRIPT ERROR: Invalid call. Nonexistent function 'path' in base 'Nil'.
   at: _walked (res://tests/modules/mind_cultivation/test_full_traversal.gd:145)
   GDScript backtrace (most recent call first):
       [0] _walked (res://tests/modules/mind_cultivation/test_full_traversal.gd:145)
       [1] test_r30_refuses_another_advance (res://tests/modules/mind_cultivation/test_full_traversal.gd:211)
       [2] _initialize (res://tests/run_tests.gd:24)
SCRIPT ERROR: Cannot call method 'get_meta' on a null value.
   at: test_r30_refuses_another_advance (res://tests/modules/mind_cultivation/test_full_traversal.gd:211)
   GDScript backtrace (most recent call first):
       [0] test_r30_refuses_another_advance (res://tests/modules/mind_cultivation/test_full_traversal.gd:211)
       [1] _initialize (res://tests/run_tests.gd:24)
SCRIPT ERROR: Invalid call. Nonexistent function 'path_def' in base 'GDScript'.
   at: test_path_vocabulary (res://tests/modules/mind_cultivation/test_mind_path.gd:26)
   GDScript backtrace (most recent call first):
       [0] test_path_vocabulary (res://tests/modules/mind_cultivation/test_mind_path.gd:26)
       [1] _initialize (res://tests/run_tests.gd:24)
SCRIPT ERROR: Invalid call. Nonexistent function 'attach' in base 'GDScript'.
   at: _actor_with_module (res://tests/modules/mind_cultivation/test_mind_path.gd:21)
   GDScript backtrace (most recent call first):
       [0] _actor_with_module (res://tests/modules/mind_cultivation/test_mind_path.gd:21)
       [1] test_spiritual_sense_range_from_rank (res://tests/modules/mind_cultivation/test_mind_path.gd:46)
       [2] _initialize (res://tests/run_tests.gd:24)
SCRIPT ERROR: Invalid call. Nonexistent function 'set_path' in base 'Nil'.
   at: test_spiritual_sense_range_from_rank (res://tests/modules/mind_cultivation/test_mind_path.gd:47)
   GDScript backtrace (most recent call first):
       [0] test_spiritual_sense_range_from_rank (res://tests/modules/mind_cultivation/test_mind_path.gd:47)
       [1] _initialize (res://tests/run_tests.gd:24)
SCRIPT ERROR: Invalid call. Nonexistent function 'attach' in base 'GDScript'.
   at: _actor_with_module (res://tests/modules/mind_cultivation/test_mind_path.gd:21)
   GDScript backtrace (most recent call first):
       [0] _actor_with_module (res://tests/modules/mind_cultivation/test_mind_path.gd:21)
       [1] test_stats_scale_with_ladder_rank (res://tests/modules/mind_cultivation/test_mind_path.gd:35)
       [2] _initialize (res://tests/run_tests.gd:24)
SCRIPT ERROR: Invalid access to property or key 'stats' on a base object of type 'Nil'.
   at: test_stats_scale_with_ladder_rank (res://tests/modules/mind_cultivation/test_mind_path.gd:36)
   GDScript backtrace (most recent call first):
       [0] test_stats_scale_with_ladder_rank (res://tests/modules/mind_cultivation/test_mind_path.gd:36)
       [1] _initialize (res://tests/run_tests.gd:24)
SCRIPT ERROR: Invalid call. Nonexistent function 'sea' in base 'GDScript'.
   at: start (res://src/modules/mind_cultivation/advancement.gd:146)
   GDScript backtrace (most recent call first):
       [0] start (res://src/modules/mind_cultivation/advancement.gd:146)
       [1] test_a_legacy_v2_payload_loads_with_defaults (res://tests/modules/mind_cultivation/test_mind_persistence.gd:192)
       [2] _initialize (res://tests/run_tests.gd:24)
SCRIPT ERROR: Invalid call. Nonexistent function 'attach' in base 'GDScript'.
   at: test_a_legacy_v2_payload_loads_with_defaults (res://tests/modules/mind_cultivation/test_mind_persistence.gd:194)
   GDScript backtrace (most recent call first):
       [0] test_a_legacy_v2_payload_loads_with_defaults (res://tests/modules/mind_cultivation/test_mind_persistence.gd:194)
       [1] _initialize (res://tests/run_tests.gd:24)
SCRIPT ERROR: Invalid call. Nonexistent function 'attach' in base 'GDScript'.
   at: _actor (res://tests/modules/mind_cultivation/test_mind_persistence.gd:13)
   GDScript backtrace (most recent call first):
       [0] _actor (res://tests/modules/mind_cultivation/test_mind_persistence.gd:13)
       [1] _mid_attempt (res://tests/modules/mind_cultivation/test_mind_persistence.gd:79)
       [2] test_a_v3_payload_keeps_its_sea_and_has_no_attempt (res://tests/modules/mind_cultivation/test_mind_persistence.gd:205)
       [3] _initialize (res://tests/run_tests.gd:24)
SCRIPT ERROR: Invalid call. Nonexistent function 'path' in base 'Nil'.
   at: _prepare (res://tests/modules/mind_cultivation/test_mind_persistence.gd:30)
   GDScript backtrace (most recent call first):
       [0] _prepare (res://tests/modules/mind_cultivation/test_mind_persistence.gd:30)
       [1] _mid_attempt (res://tests/modules/mind_cultivation/test_mind_persistence.gd:80)
       [2] test_a_v3_payload_keeps_its_sea_and_has_no_attempt (res://tests/modules/mind_cultivation/test_mind_persistence.gd:205)
       [3] _initialize (res://tests/run_tests.gd:24)
SCRIPT ERROR: Invalid call. Nonexistent function 'attach' in base 'GDScript'.
   at: _actor (res://tests/modules/mind_cultivation/test_mind_persistence.gd:13)
   GDScript backtrace (most recent call first):
       [0] _actor (res://tests/modules/mind_cultivation/test_mind_persistence.gd:13)
       [1] _winning_seed (res://tests/modules/mind_cultivation/test_mind_persistence.gd:64)
       [2] _mid_attempt (res://tests/modules/mind_cultivation/test_mind_persistence.gd:82)
       [3] test_a_v3_payload_keeps_its_sea_and_has_no_attempt (res://tests/modules/mind_cultivation/test_mind_persistence.gd:205)
       [4] _initialize (res://tests/run_tests.gd:24)
SCRIPT ERROR: Invalid call. Nonexistent function 'path' in base 'Nil'.
   at: _prepare (res://tests/modules/mind_cultivation/test_mind_persistence.gd:30)
   GDScript backtrace (most recent call first):
       [0] _prepare (res://tests/modules/mind_cultivation/test_mind_persistence.gd:30)
       [1] _winning_seed (res://tests/modules/mind_cultivation/test_mind_persistence.gd:65)
       [2] _mid_attempt (res://tests/modules/mind_cultivation/test_mind_persistence.gd:82)
       [3] test_a_v3_payload_keeps_its_sea_and_has_no_attempt (res://tests/modules/mind_cultivation/test_mind_persistence.gd:205)
       [4] _initialize (res://tests/run_tests.gd:24)
SCRIPT ERROR: Invalid call. Nonexistent function 'attach' in base 'GDScript'.
   at: _actor (res://tests/modules/mind_cultivation/test_mind_persistence.gd:13)
   GDScript backtrace (most recent call first):
       [0] _actor (res://tests/modules/mind_cultivation/test_mind_persistence.gd:13)
       [1] _winning_seed (res://tests/modules/mind_cultivation/test_mind_persistence.gd:64)
       [2] _mid_attempt (res://tests/modules/mind_cultivation/test_mind_persistence.gd:82)
       [3] test_a_v3_payload_keeps_its_sea_and_has_no_attempt (res://tests/modules/mind_cultivation/test_mind_persistence.gd:205)
       [4] _initialize (res://tests/run_tests.gd:24)
SCRIPT ERROR: Invalid call. Nonexistent function 'path' in base 'Nil'.
   at: _prepare (res://tests/modules/mind_cultivation/test_mind_persistence.gd:30)
   GDScript backtrace (most recent call first):
       [0] _prepare (res://tests/modules/mind_cultivation/test_mind_persistence.gd:30)
       [1] _winning_seed (res://tests/modules/mind_cultivation/test_mind_persistence.gd:65)
       [2] _mid_attempt (res://tests/modules/mind_cultivation/test_mind_persistence.gd:82)
       [3] test_a_v3_payload_keeps_its_sea_and_has_no_attempt (res://tests/modules/mind_cultivation/test_mind_persistence.gd:205)
       [4] _initialize (res://tests/run_tests.gd:24)
SCRIPT ERROR: Invalid call. Nonexistent function 'attach' in base 'GDScript'.
   at: _actor (res://tests/modules/mind_cultivation/test_mind_persistence.gd:13)
   GDScript backtrace (most recent call first):
       [0] _actor (res://tests/modules/mind_cultivation/test_mind_persistence.gd:13)
       [1] _winning_seed (res://tests/modules/mind_cultivation/test_mind_persistence.gd:64)
       [2] _mid_attempt (res://tests/modules/mind_cultivation/test_mind_persistence.gd:82)
       [3] test_a_v3_payload_keeps_its_sea_and_has_no_attempt (res://tests/modules/mind_cultivation/test_mind_persistence.gd:205)
       [4] _initialize (res://tests/run_tests.gd:24)
SCRIPT ERROR: Invalid call. Nonexistent function 'path' in base 'Nil'.
   at: _prepare (res://tests/modules/mind_cultivation/test_mind_persistence.gd:30)
   GDScript backtrace (most recent call first):
       [0] _prepare (res://tests/modules/mind_cultivation/test_mind_persistence.gd:30)
       [1] _winning_seed (res://tests/modules/mind_cultivation/test_mind_persistence.gd:65)
       [2] _mid_attempt (res://tests/modules/mind_cultivation/test_mind_persistence.gd:82)
       [3] test_a_v3_payload_keeps_its_sea_and_has_no_attempt (res://tests/modules/mind_cultivation/test_mind_persistence.gd:205)
       [4] _initialize (res://tests/run_tests.gd:24)
SCRIPT ERROR: Invalid call. Nonexistent function 'attach' in base 'GDScript'.
   at: _actor (res://tests/modules/mind_cultivation/test_mind_persistence.gd:13)
   GDScript backtrace (most recent call first):
       [0] _actor (res://tests/modules/mind_cultivation/test_mind_persistence.gd:13)
       [1] _winning_seed (res://tests/modules/mind_cultivation/test_mind_persistence.gd:64)
       [2] _mid_attempt (res://tests/modules/mind_cultivation/test_mind_persistence.gd:82)
       [3] test_a_v3_payload_keeps_its_sea_and_has_no_attempt (res://tests/modules/mind_cultivation/test_mind_persistence.gd:205)
       [4] _initialize (res://tests/run_tests.gd:24)
SCRIPT ERROR: Invalid call. Nonexistent function 'path' in base 'Nil'.
   at: _prepare (res://tests/modules/mind_cultivation/test_mind_persistence.gd:30)
   GDScript backtrace (most recent call first):
       [0] _prepare (res://tests/modules/mind_cultivation/test_mind_persistence.gd:30)
       [1] _winning_seed (res://tests/modules/mind_cultivation/test_mind_persistence.gd:65)
       [2] _mid_attempt (res://tests/modules/mind_cultivation/test_mind_persistence.gd:82)
       [3] test_a_v3_payload_keeps_its_sea_and_has_no_attempt (res://tests/modules/mind_cultivation/test_mind_persistence.gd:205)
       [4] _initialize (res://tests/run_tests.gd:24)
SCRIPT ERROR: Invalid call. Nonexistent function 'attach' in base 'GDScript'.
   at: _actor (res://tests/modules/mind_cultivation/test_mind_persistence.gd:13)
   GDScript backtrace (most recent call first):
       [0] _actor (res://tests/modules/mind_cultivation/test_mind_persistence.gd:13)
       [1] _winning_seed (res://tests/modules/mind_cultivation/test_mind_persistence.gd:64)
       [2] _mid_attempt (res://tests/modules/mind_cultivation/test_mind_persistence.gd:82)
       [3] test_a_v3_payload_keeps_its_sea_and_has_no_attempt (res://tests/modules/mind_cultivation/test_mind_persistence.gd:205)
       [4] _initialize (res://tests/run_tests.gd:24)
SCRIPT ERROR: Invalid call. Nonexistent function 'path' in base 'Nil'.
   at: _prepare (res://tests/modules/mind_cultivation/test_mind_persistence.gd:30)
   GDScript backtrace (most recent call first):
       [0] _prepare (res://tests/modules/mind_cultivation/test_mind_persistence.gd:30)
       [1] _winning_seed (res://tests/modules/mind_cultivation/test_mind_persistence.gd:65)
       [2] _mid_attempt (res://tests/modules/mind_cultivation/test_mind_persistence.gd:82)
       [3] test_a_v3_payload_keeps_its_sea_and_has_no_attempt (res://tests/modules/mind_cultivation/test_mind_persistence.gd:205)
       [4] _initialize (res://tests/run_tests.gd:24)
SCRIPT ERROR: Invalid call. Nonexistent function 'attach' in base 'GDScript'.
   at: _actor (res://tests/modules/mind_cultivation/test_mind_persistence.gd:13)
   GDScript backtrace (most recent call first):
       [0] _actor (res://tests/modules/mind_cultivation/test_mind_persistence.gd:13)
       [1] _winning_seed (res://tests/modules/mind_cultivation/test_mind_persistence.gd:64)
       [2] _mid_attempt (res://tests/modules/mind_cultivation/test_mind_persistence.gd:82)
       [3] test_a_v3_payload_keeps_its_sea_and_has_no_attempt (res://tests/modules/mind_cultivation/test_mind_persistence.gd:205)
       [4] _initialize (res://tests/run_tests.gd:24)
SCRIPT ERROR: Invalid call. Nonexistent function 'path' in base 'Nil'.
   at: _prepare (res://tests/modules/mind_cultivation/test_mind_persistence.gd:30)
   GDScript backtrace (most recent call first):
       [0] _prepare (res://tests/modules/mind_cultivation/test_mind_persistence.gd:30)
       [1] _winning_seed (res://tests/modules/mind_cultivation/test_mind_persistence.gd:65)
       [2] _mid_attempt (res://tests/modules/mind_cultivation/test_mind_persistence.gd:82)
       [3] test_a_v3_payload_keeps_its_sea_and_has_no_attempt (res://tests/modules/mind_cultivation/test_mind_persistence.gd:205)
       [4] _initialize (res://tests/run_tests.gd:24)
SCRIPT ERROR: Invalid call. Nonexistent function 'attach' in base 'GDScript'.
   at: _actor (res://tests/modules/mind_cultivation/test_mind_persistence.gd:13)
   GDScript backtrace (most recent call first):
       [0] _actor (res://tests/modules/mind_cultivation/test_mind_persistence.gd:13)
       [1] _winning_seed (res://tests/modules/mind_cultivation/test_mind_persistence.gd:64)
       [2] _mid_attempt (res://tests/modules/mind_cultivation/test_mind_persistence.gd:82)
       [3] test_a_v3_payload_keeps_its_sea_and_has_no_attempt (res://tests/modules/mind_cultivation/test_mind_persistence.gd:205)
       [4] _initialize (res://tests/run_tests.gd:24)
SCRIPT ERROR: Invalid call. Nonexistent function 'path' in base 'Nil'.
   at: _prepare (res://tests/modules/mind_cultivation/test_mind_persistence.gd:30)
   GDScript backtrace (most recent call first):
       [0] _prepare (res://tests/modules/mind_cultivation/test_mind_persistence.gd:30)
       [1] _winning_seed (res://tests/modules/mind_cultivation/test_mind_persistence.gd:65)
       [2] _mid_attempt (res://tests/modules/mind_cultivation/test_mind_persistence.gd:82)
       [3] test_a_v3_payload_keeps_its_sea_and_has_no_attempt (res://tests/modules/mind_cultivation/test_mind_persistence.gd:205)
       [4] _initialize (res://tests/run_tests.gd:24)
SCRIPT ERROR: Invalid call. Nonexistent function 'attach' in base 'GDScript'.
   at: _actor (res://tests/modules/mind_cultivation/test_mind_persistence.gd:13)
   GDScript backtrace (most recent call first):
       [0] _actor (res://tests/modules/mind_cultivation/test_mind_persistence.gd:13)
       [1] _winning_seed (res://tests/modules/mind_cultivation/test_mind_persistence.gd:64)
       [2] _mid_attempt (res://tests/modules/mind_cultivation/test_mind_persistence.gd:82)
       [3] test_a_v3_payload_keeps_its_sea_and_has_no_attempt (res://tests/modules/mind_cultivation/test_mind_persistence.gd:205)
       [4] _initialize (res://tests/run_tests.gd:24)
SCRIPT ERROR: Invalid call. Nonexistent function 'path' in base 'Nil'.
   at: _prepare (res://tests/modules/mind_cultivation/test_mind_persistence.gd:30)
   GDScript backtrace (most recent call first):
       [0] _prepare (res://tests/modules/mind_cultivation/test_mind_persistence.gd:30)
       [1] _winning_seed (res://tests/modules/mind_cultivation/test_mind_persistence.gd:65)
       [2] _mid_attempt (res://tests/modules/mind_cultivation/test_mind_persistence.gd:82)
       [3] test_a_v3_payload_keeps_its_sea_and_has_no_attempt (res://tests/modules/mind_cultivation/test_mind_persistence.gd:205)
       [4] _initialize (res://tests/run_tests.gd:24)
SCRIPT ERROR: Invalid call. Nonexistent function 'attach' in base 'GDScript'.
   at: _actor (res://tests/modules/mind_cultivation/test_mind_persistence.gd:13)
   GDScript backtrace (most recent call first):
       [0] _actor (res://tests/modules/mind_cultivation/test_mind_persistence.gd:13)
       [1] _winning_seed (res://tests/modules/mind_cultivation/test_mind_persistence.gd:64)
       [2] _mid_attempt (res://tests/modules/mind_cultivation/test_mind_persistence.gd:82)
       [3] test_a_v3_payload_keeps_its_sea_and_has_no_attempt (res://tests/modules/mind_cultivation/test_mind_persistence.gd:205)
       [4] _initialize (res://tests/run_tests.gd:24)
SCRIPT ERROR: Invalid call. Nonexistent function 'path' in base 'Nil'.
   at: _prepare (res://tests/modules/mind_cultivation/test_mind_persistence.gd:30)
   GDScript backtrace (most recent call first):
       [0] _prepare (res://tests/modules/mind_cultivation/test_mind_persistence.gd:30)
       [1] _winning_seed (res://tests/modules/mind_cultivation/test_mind_persistence.gd:65)
       [2] _mid_attempt (res://tests/modules/mind_cultivation/test_mind_persistence.gd:82)
       [3] test_a_v3_payload_keeps_its_sea_and_has_no_attempt (res://tests/modules/mind_cultivation/test_mind_persistence.gd:205)
       [4] _initialize (res://tests/run_tests.gd:24)
SCRIPT ERROR: Invalid call. Nonexistent function 'attach' in base 'GDScript'.
   at: _actor (res://tests/modules/mind_cultivation/test_mind_persistence.gd:13)
   GDScript backtrace (most recent call first):
       [0] _actor (res://tests/modules/mind_cultivation/test_mind_persistence.gd:13)
       [1] _winning_seed (res://tests/modules/mind_cultivation/test_mind_persistence.gd:64)
       [2] _mid_attempt (res://tests/modules/mind_cultivation/test_mind_persistence.gd:82)
       [3] test_a_v3_payload_keeps_its_sea_and_has_no_attempt (res://tests/modules/mind_cultivation/test_mind_persistence.gd:205)
       [4] _initialize (res://tests/run_tests.gd:24)
SCRIPT ERROR: Invalid call. Nonexistent function 'path' in base 'Nil'.
   at: _prepare (res://tests/modules/mind_cultivation/test_mind_persistence.gd:30)
   GDScript backtrace (most recent call first):
       [0] _prepare (res://tests/modules/mind_cultivation/test_mind_persistence.gd:30)
       [1] _winning_seed (res://tests/modules/mind_cultivation/test_mind_persistence.gd:65)
       [2] _mid_attempt (res://tests/modules/mind_cultivation/test_mind_persistence.gd:82)
       [3] test_a_v3_payload_keeps_its_sea_and_has_no_attempt (res://tests/modules/mind_cultivation/test_mind_persistence.gd:205)
       [4] _initialize (res://tests/run_tests.gd:24)
SCRIPT ERROR: Invalid call. Nonexistent function 'attach' in base 'GDScript'.
   at: _actor (res://tests/modules/mind_cultivation/test_mind_persistence.gd:13)
   GDScript backtrace (most recent call first):
       [0] _actor (res://tests/modules/mind_cultivation/test_mind_persistence.gd:13)
       [1] _winning_seed (res://tests/modules/mind_cultivation/test_mind_persistence.gd:64)
       [2] _mid_attempt (res://tests/modules/mind_cultivation/test_mind_persistence.gd:82)
       [3] test_a_v3_payload_keeps_its_sea_and_has_no_attempt (res://tests/modules/mind_cultivation/test_mind_persistence.gd:205)
       [4] _initialize (res://tests/run_tests.gd:24)
SCRIPT ERROR: Invalid call. Nonexistent function 'path' in base 'Nil'.
   at: _prepare (res://tests/modules/mind_cultivation/test_mind_persistence.gd:30)
   GDScript backtrace (most recent call first):
       [0] _prepare (res://tests/modules/mind_cultivation/test_mind_persistence.gd:30)
       [1] _winning_seed (res://tests/modules/mind_cultivation/test_mind_persistence.gd:65)
       [2] _mid_attempt (res://tests/modules/mind_cultivation/test_mind_persistence.gd:82)
       [3] test_a_v3_payload_keeps_its_sea_and_has_no_attempt (res://tests/modules/mind_cultivation/test_mind_persistence.gd:205)
       [4] _initialize (res://tests/run_tests.gd:24)
SCRIPT ERROR: Invalid call. Nonexistent function 'attach' in base 'GDScript'.
   at: _actor (res://tests/modules/mind_cultivation/test_mind_persistence.gd:13)
   GDScript backtrace (most recent call first):
       [0] _actor (res://tests/modules/mind_cultivation/test_mind_persistence.gd:13)
       [1] _winning_seed (res://tests/modules/mind_cultivation/test_mind_persistence.gd:64)
       [2] _mid_attempt (res://tests/modules/mind_cultivation/test_mind_persistence.gd:82)
       [3] test_a_v3_payload_keeps_its_sea_and_has_no_attempt (res://tests/modules/mind_cultivation/test_mind_persistence.gd:205)
       [4] _initialize (res://tests/run_tests.gd:24)
SCRIPT ERROR: Invalid call. Nonexistent function 'path' in base 'Nil'.
   at: _prepare (res://tests/modules/mind_cultivation/test_mind_persistence.gd:30)
   GDScript backtrace (most recent call first):
       [0] _prepare (res://tests/modules/mind_cultivation/test_mind_persistence.gd:30)
       [1] _winning_seed (res://tests/modules/mind_cultivation/test_mind_persistence.gd:65)
       [2] _mid_attempt (res://tests/modules/mind_cultivation/test_mind_persistence.gd:82)
       [3] test_a_v3_payload_keeps_its_sea_and_has_no_attempt (res://tests/modules/mind_cultivation/test_mind_persistence.gd:205)
       [4] _initialize (res://tests/run_tests.gd:24)
SCRIPT ERROR: Invalid call. Nonexistent function 'attach' in base 'GDScript'.
   at: _actor (res://tests/modules/mind_cultivation/test_mind_persistence.gd:13)
   GDScript backtrace (most recent call first):
       [0] _actor (res://tests/modules/mind_cultivation/test_mind_persistence.gd:13)
       [1] _winning_seed (res://tests/modules/mind_cultivation/test_mind_persistence.gd:64)
       [2] _mid_attempt (res://tests/modules/mind_cultivation/test_mind_persistence.gd:82)
       [3] test_a_v3_payload_keeps_its_sea_and_has_no_attempt (res://tests/modules/mind_cultivation/test_mind_persistence.gd:205)
       [4] _initialize (res://tests/run_tests.gd:24)
SCRIPT ERROR: Invalid call. Nonexistent function 'path' in base 'Nil'.
   at: _prepare (res://tests/modules/mind_cultivation/test_mind_persistence.gd:30)
   GDScript backtrace (most recent call first):
       [0] _prepare (res://tests/modules/mind_cultivation/test_mind_persistence.gd:30)
       [1] _winning_seed (res://tests/modules/mind_cultivation/test_mind_persistence.gd:65)
       [2] _mid_attempt (res://tests/modules/mind_cultivation/test_mind_persistence.gd:82)
       [3] test_a_v3_payload_keeps_its_sea_and_has_no_attempt (res://tests/modules/mind_cultivation/test_mind_persistence.gd:205)
       [4] _initialize (res://tests/run_tests.gd:24)
SCRIPT ERROR: Invalid call. Nonexistent function 'attach' in base 'GDScript'.
   at: _actor (res://tests/modules/mind_cultivation/test_mind_persistence.gd:13)
   GDScript backtrace (most recent call first):
       [0] _actor (res://tests/modules/mind_cultivation/test_mind_persistence.gd:13)
       [1] _winning_seed (res://tests/modules/mind_cultivation/test_mind_persistence.gd:64)
       [2] _mid_attempt (res://tests/modules/mind_cultivation/test_mind_persistence.gd:82)
       [3] test_a_v3_payload_keeps_its_sea_and_has_no_attempt (res://tests/modules/mind_cultivation/test_mind_persistence.gd:205)
       [4] _initialize (res://tests/run_tests.gd:24)
SCRIPT ERROR: Invalid call. Nonexistent function 'path' in base 'Nil'.
   at: _prepare (res://tests/modules/mind_cultivation/test_mind_persistence.gd:30)
   GDScript backtrace (most recent call first):
       [0] _prepare (res://tests/modules/mind_cultivation/test_mind_persistence.gd:30)
       [1] _winning_seed (res://tests/modules/mind_cultivation/test_mind_persistence.gd:65)
       [2] _mid_attempt (res://tests/modules/mind_cultivation/test_mind_persistence.gd:82)
       [3] test_a_v3_payload_keeps_its_sea_and_has_no_attempt (res://tests/modules/mind_cultivation/test_mind_persistence.gd:205)
       [4] _initialize (res://tests/run_tests.gd:24)
SCRIPT ERROR: Invalid call. Nonexistent function 'attach' in base 'GDScript'.
   at: _actor (res://tests/modules/mind_cultivation/test_mind_persistence.gd:13)
   GDScript backtrace (most recent call first):
       [0] _actor (res://tests/modules/mind_cultivation/test_mind_persistence.gd:13)
       [1] _winning_seed (res://tests/modules/mind_cultivation/test_mind_persistence.gd:64)
       [2] _mid_attempt (res://tests/modules/mind_cultivation/test_mind_persistence.gd:82)
       [3] test_a_v3_payload_keeps_its_sea_and_has_no_attempt (res://tests/modules/mind_cultivation/test_mind_persistence.gd:205)
       [4] _initialize (res://tests/run_tests.gd:24)
SCRIPT ERROR: Invalid call. Nonexistent function 'path' in base 'Nil'.
   at: _prepare (res://tests/modules/mind_cultivation/test_mind_persistence.gd:30)
   GDScript backtrace (most recent call first):
       [0] _prepare (res://tests/modules/mind_cultivation/test_mind_persistence.gd:30)
       [1] _winning_seed (res://tests/modules/mind_cultivation/test_mind_persistence.gd:65)
       [2] _mid_attempt (res://tests/modules/mind_cultivation/test_mind_persistence.gd:82)
       [3] test_a_v3_payload_keeps_its_sea_and_has_no_attempt (res://tests/modules/mind_cultivation/test_mind_persistence.gd:205)
       [4] _initialize (res://tests/run_tests.gd:24)
SCRIPT ERROR: Invalid call. Nonexistent function 'attach' in base 'GDScript'.
   at: _actor (res://tests/modules/mind_cultivation/test_mind_persistence.gd:13)
   GDScript backtrace (most recent call first):
       [0] _actor (res://tests/modules/mind_cultivation/test_mind_persistence.gd:13)
       [1] _winning_seed (res://tests/modules/mind_cultivation/test_mind_persistence.gd:64)
       [2] _mid_attempt (res://tests/modules/mind_cultivation/test_mind_persistence.gd:82)
       [3] test_a_v3_payload_keeps_its_sea_and_has_no_attempt (res://tests/modules/mind_cultivation/test_mind_persistence.gd:205)
       [4] _initialize (res://tests/run_tests.gd:24)
SCRIPT ERROR: Invalid call. Nonexistent function 'path' in base 'Nil'.
   at: _prepare (res://tests/modules/mind_cultivation/test_mind_persistence.gd:30)
   GDScript backtrace (most recent call first):
       [0] _prepare (res://tests/modules/mind_cultivation/test_mind_persistence.gd:30)
       [1] _winning_seed (res://tests/modules/mind_cultivation/test_mind_persistence.gd:65)
       [2] _mid_attempt (res://tests/modules/mind_cultivation/test_mind_persistence.gd:82)
       [3] test_a_v3_payload_keeps_its_sea_and_has_no_attempt (res://tests/modules/mind_cultivation/test_mind_persistence.gd:205)
       [4] _initialize (res://tests/run_tests.gd:24)
SCRIPT ERROR: Invalid call. Nonexistent function 'attach' in base 'GDScript'.
   at: _actor (res://tests/modules/mind_cultivation/test_mind_persistence.gd:13)
   GDScript backtrace (most recent call first):
       [0] _actor (res://tests/modules/mind_cultivation/test_mind_persistence.gd:13)
       [1] _winning_seed (res://tests/modules/mind_cultivation/test_mind_persistence.gd:64)
       [2] _mid_attempt (res://tests/modules/mind_cultivation/test_mind_persistence.gd:82)
       [3] test_a_v3_payload_keeps_its_sea_and_has_no_attempt (res://tests/modules/mind_cultivation/test_mind_persistence.gd:205)
       [4] _initialize (res://tests/run_tests.gd:24)
SCRIPT ERROR: Invalid call. Nonexistent function 'path' in base 'Nil'.
   at: _prepare (res://tests/modules/mind_cultivation/test_mind_persistence.gd:30)
   GDScript backtrace (most recent call first):
       [0] _prepare (res://tests/modules/mind_cultivation/test_mind_persistence.gd:30)
       [1] _winning_seed (res://tests/modules/mind_cultivation/test_mind_persistence.gd:65)
       [2] _mid_attempt (res://tests/modules/mind_cultivation/test_mind_persistence.gd:82)
       [3] test_a_v3_payload_keeps_its_sea_and_has_no_attempt (res://tests/modules/mind_cultivation/test_mind_persistence.gd:205)
       [4] _initialize (res://tests/run_tests.gd:24)
SCRIPT ERROR: Invalid call. Nonexistent function 'attach' in base 'GDScript'.
   at: _actor (res://tests/modules/mind_cultivation/test_mind_persistence.gd:13)
   GDScript backtrace (most recent call first):
       [0] _actor (res://tests/modules/mind_cultivation/test_mind_persistence.gd:13)
       [1] _winning_seed (res://tests/modules/mind_cultivation/test_mind_persistence.gd:64)
       [2] _mid_attempt (res://tests/modules/mind_cultivation/test_mind_persistence.gd:82)
       [3] test_a_v3_payload_keeps_its_sea_and_has_no_attempt (res://tests/modules/mind_cultivation/test_mind_persistence.gd:205)
       [4] _initialize (res://tests/run_tests.gd:24)
SCRIPT ERROR: Invalid call. Nonexistent function 'path' in base 'Nil'.
   at: _prepare (res://tests/modules/mind_cultivation/test_mind_persistence.gd:30)
   GDScript backtrace (most recent call first):
       [0] _prepare (res://tests/modules/mind_cultivation/test_mind_persistence.gd:30)
       [1] _winning_seed (res://tests/modules/mind_cultivation/test_mind_persistence.gd:65)
       [2] _mid_attempt (res://tests/modules/mind_cultivation/test_mind_persistence.gd:82)
       [3] test_a_v3_payload_keeps_its_sea_and_has_no_attempt (res://tests/modules/mind_cultivation/test_mind_persistence.gd:205)
       [4] _initialize (res://tests/run_tests.gd:24)
SCRIPT ERROR: Invalid call. Nonexistent function 'attach' in base 'GDScript'.
   at: _actor (res://tests/modules/mind_cultivation/test_mind_persistence.gd:13)
   GDScript backtrace (most recent call first):
       [0] _actor (res://tests/modules/mind_cultivation/test_mind_persistence.gd:13)
       [1] _winning_seed (res://tests/modules/mind_cultivation/test_mind_persistence.gd:64)
       [2] _mid_attempt (res://tests/modules/mind_cultivation/test_mind_persistence.gd:82)
       [3] test_a_v3_payload_keeps_its_sea_and_has_no_attempt (res://tests/modules/mind_cultivation/test_mind_persistence.gd:205)
       [4] _initialize (res://tests/run_tests.gd:24)
SCRIPT ERROR: Invalid call. Nonexistent function 'path' in base 'Nil'.
   at: _prepare (res://tests/modules/mind_cultivation/test_mind_persistence.gd:30)
   GDScript backtrace (most recent call first):
       [0] _prepare (res://tests/modules/mind_cultivation/test_mind_persistence.gd:30)
       [1] _winning_seed (res://tests/modules/mind_cultivation/test_mind_persistence.gd:65)
       [2] _mid_attempt (res://tests/modules/mind_cultivation/test_mind_persistence.gd:82)
       [3] test_a_v3_payload_keeps_its_sea_and_has_no_attempt (res://tests/modules/mind_cultivation/test_mind_persistence.gd:205)
       [4] _initialize (res://tests/run_tests.gd:24)
SCRIPT ERROR: Invalid call. Nonexistent function 'attach' in base 'GDScript'.
   at: _actor (res://tests/modules/mind_cultivation/test_mind_persistence.gd:13)
   GDScript backtrace (most recent call first):
       [0] _actor (res://tests/modules/mind_cultivation/test_mind_persistence.gd:13)
       [1] _winning_seed (res://tests/modules/mind_cultivation/test_mind_persistence.gd:64)
       [2] _mid_attempt (res://tests/modules/mind_cultivation/test_mind_persistence.gd:82)
       [3] test_a_v3_payload_keeps_its_sea_and_has_no_attempt (res://tests/modules/mind_cultivation/test_mind_persistence.gd:205)
       [4] _initialize (res://tests/run_tests.gd:24)
SCRIPT ERROR: Invalid call. Nonexistent function 'path' in base 'Nil'.
   at: _prepare (res://tests/modules/mind_cultivation/test_mind_persistence.gd:30)
   GDScript backtrace (most recent call first):
       [0] _prepare (res://tests/modules/mind_cultivation/test_mind_persistence.gd:30)
       [1] _winning_seed (res://tests/modules/mind_cultivation/test_mind_persistence.gd:65)
       [2] _mid_attempt (res://tests/modules/mind_cultivation/test_mind_persistence.gd:82)
       [3] test_a_v3_payload_keeps_its_sea_and_has_no_attempt (res://tests/modules/mind_cultivation/test_mind_persistence.gd:205)
       [4] _initialize (res://tests/run_tests.gd:24)
SCRIPT ERROR: Invalid call. Nonexistent function 'attach' in base 'GDScript'.
   at: _actor (res://tests/modules/mind_cultivation/test_mind_persistence.gd:13)
   GDScript backtrace (most recent call first):
       [0] _actor (res://tests/modules/mind_cultivation/test_mind_persistence.gd:13)
       [1] _winning_seed (res://tests/modules/mind_cultivation/test_mind_persistence.gd:64)
       [2] _mid_attempt (res://tests/modules/mind_cultivation/test_mind_persistence.gd:82)
       [3] test_a_v3_payload_keeps_its_sea_and_has_no_attempt (res://tests/modules/mind_cultivation/test_mind_persistence.gd:205)
       [4] _initialize (res://tests/run_tests.gd:24)
SCRIPT ERROR: Invalid call. Nonexistent function 'path' in base 'Nil'.
   at: _prepare (res://tests/modules/mind_cultivation/test_mind_persistence.gd:30)
   GDScript backtrace (most recent call first):
       [0] _prepare (res://tests/modules/mind_cultivation/test_mind_persistence.gd:30)
       [1] _winning_seed (res://tests/modules/mind_cultivation/test_mind_persistence.gd:65)
       [2] _mid_attempt (res://tests/modules/mind_cultivation/test_mind_persistence.gd:82)
       [3] test_a_v3_payload_keeps_its_sea_and_has_no_attempt (res://tests/modules/mind_cultivation/test_mind_persistence.gd:205)
       [4] _initialize (res://tests/run_tests.gd:24)
SCRIPT ERROR: Invalid call. Nonexistent function 'attach' in base 'GDScript'.
   at: _actor (res://tests/modules/mind_cultivation/test_mind_persistence.gd:13)
   GDScript backtrace (most recent call first):
       [0] _actor (res://tests/modules/mind_cultivation/test_mind_persistence.gd:13)
       [1] _winning_seed (res://tests/modules/mind_cultivation/test_mind_persistence.gd:64)
       [2] _mid_attempt (res://tests/modules/mind_cultivation/test_mind_persistence.gd:82)
       [3] test_a_v3_payload_keeps_its_sea_and_has_no_attempt (res://tests/modules/mind_cultivation/test_mind_persistence.gd:205)
       [4] _initialize (res://tests/run_tests.gd:24)
SCRIPT ERROR: Invalid call. Nonexistent function 'path' in base 'Nil'.
   at: _prepare (res://tests/modules/mind_cultivation/test_mind_persistence.gd:30)
   GDScript backtrace (most recent call first):
       [0] _prepare (res://tests/modules/mind_cultivation/test_mind_persistence.gd:30)
       [1] _winning_seed (res://tests/modules/mind_cultivation/test_mind_persistence.gd:65)
       [2] _mid_attempt (res://tests/modules/mind_cultivation/test_mind_persistence.gd:82)
       [3] test_a_v3_payload_keeps_its_sea_and_has_no_attempt (res://tests/modules/mind_cultivation/test_mind_persistence.gd:205)
       [4] _initialize (res://tests/run_tests.gd:24)
SCRIPT ERROR: Invalid call. Nonexistent function 'attach' in base 'GDScript'.
   at: _actor (res://tests/modules/mind_cultivation/test_mind_persistence.gd:13)
   GDScript backtrace (most recent call first):
       [0] _actor (res://tests/modules/mind_cultivation/test_mind_persistence.gd:13)
       [1] _winning_seed (res://tests/modules/mind_cultivation/test_mind_persistence.gd:64)
       [2] _mid_attempt (res://tests/modules/mind_cultivation/test_mind_persistence.gd:82)
       [3] test_a_v3_payload_keeps_its_sea_and_has_no_attempt (res://tests/modules/mind_cultivation/test_mind_persistence.gd:205)
       [4] _initialize (res://tests/run_tests.gd:24)
SCRIPT ERROR: Invalid call. Nonexistent function 'path' in base 'Nil'.
   at: _prepare (res://tests/modules/mind_cultivation/test_mind_persistence.gd:30)
   GDScript backtrace (most recent call first):
       [0] _prepare (res://tests/modules/mind_cultivation/test_mind_persistence.gd:30)
       [1] _winning_seed (res://tests/modules/mind_cultivation/test_mind_persistence.gd:65)
       [2] _mid_attempt (res://tests/modules/mind_cultivation/test_mind_persistence.gd:82)
       [3] test_a_v3_payload_keeps_its_sea_and_has_no_attempt (res://tests/modules/mind_cultivation/test_mind_persistence.gd:205)
       [4] _initialize (res://tests/run_tests.gd:24)
SCRIPT ERROR: Invalid call. Nonexistent function 'attach' in base 'GDScript'.
   at: _actor (res://tests/modules/mind_cultivation/test_mind_persistence.gd:13)
   GDScript backtrace (most recent call first):
       [0] _actor (res://tests/modules/mind_cultivation/test_mind_persistence.gd:13)
       [1] _winning_seed (res://tests/modules/mind_cultivation/test_mind_persistence.gd:64)
       [2] _mid_attempt (res://tests/modules/mind_cultivation/test_mind_persistence.gd:82)
       [3] test_a_v3_payload_keeps_its_sea_and_has_no_attempt (res://tests/modules/mind_cultivation/test_mind_persistence.gd:205)
       [4] _initialize (res://tests/run_tests.gd:24)
SCRIPT ERROR: Invalid call. Nonexistent function 'path' in base 'Nil'.
   at: _prepare (res://tests/modules/mind_cultivation/test_mind_persistence.gd:30)
   GDScript backtrace (most recent call first):
       [0] _prepare (res://tests/modules/mind_cultivation/test_mind_persistence.gd:30)
       [1] _winning_seed (res://tests/modules/mind_cultivation/test_mind_persistence.gd:65)
       [2] _mid_attempt (res://tests/modules/mind_cultivation/test_mind_persistence.gd:82)
       [3] test_a_v3_payload_keeps_its_sea_and_has_no_attempt (res://tests/modules/mind_cultivation/test_mind_persistence.gd:205)
       [4] _initialize (res://tests/run_tests.gd:24)
SCRIPT ERROR: Invalid call. Nonexistent function 'attach' in base 'GDScript'.
   at: _actor (res://tests/modules/mind_cultivation/test_mind_persistence.gd:13)
   GDScript backtrace (most recent call first):
       [0] _actor (res://tests/modules/mind_cultivation/test_mind_persistence.gd:13)
       [1] _winning_seed (res://tests/modules/mind_cultivation/test_mind_persistence.gd:64)
       [2] _mid_attempt (res://tests/modules/mind_cultivation/test_mind_persistence.gd:82)
       [3] test_a_v3_payload_keeps_its_sea_and_has_no_attempt (res://tests/modules/mind_cultivation/test_mind_persistence.gd:205)
       [4] _initialize (res://tests/run_tests.gd:24)
SCRIPT ERROR: Invalid call. Nonexistent function 'path' in base 'Nil'.
   at: _prepare (res://tests/modules/mind_cultivation/test_mind_persistence.gd:30)
   GDScript backtrace (most recent call first):
       [0] _prepare (res://tests/modules/mind_cultivation/test_mind_persistence.gd:30)
       [1] _winning_seed (res://tests/modules/mind_cultivation/test_mind_persistence.gd:65)
       [2] _mid_attempt (res://tests/modules/mind_cultivation/test_mind_persistence.gd:82)
       [3] test_a_v3_payload_keeps_its_sea_and_has_no_attempt (res://tests/modules/mind_cultivation/test_mind_persistence.gd:205)
       [4] _initialize (res://tests/run_tests.gd:24)
SCRIPT ERROR: Invalid call. Nonexistent function 'attach' in base 'GDScript'.
   at: _actor (res://tests/modules/mind_cultivation/test_mind_persistence.gd:13)
   GDScript backtrace (most recent call first):
       [0] _actor (res://tests/modules/mind_cultivation/test_mind_persistence.gd:13)
       [1] _winning_seed (res://tests/modules/mind_cultivation/test_mind_persistence.gd:64)
       [2] _mid_attempt (res://tests/modules/mind_cultivation/test_mind_persistence.gd:82)
       [3] test_a_v3_payload_keeps_its_sea_and_has_no_attempt (res://tests/modules/mind_cultivation/test_mind_persistence.gd:205)
       [4] _initialize (res://tests/run_tests.gd:24)
SCRIPT ERROR: Invalid call. Nonexistent function 'path' in base 'Nil'.
   at: _prepare (res://tests/modules/mind_cultivation/test_mind_persistence.gd:30)
   GDScript backtrace (most recent call first):
       [0] _prepare (res://tests/modules/mind_cultivation/test_mind_persistence.gd:30)
       [1] _winning_seed (res://tests/modules/mind_cultivation/test_mind_persistence.gd:65)
       [2] _mid_attempt (res://tests/modules/mind_cultivation/test_mind_persistence.gd:82)
       [3] test_a_v3_payload_keeps_its_sea_and_has_no_attempt (res://tests/modules/mind_cultivation/test_mind_persistence.gd:205)
       [4] _initialize (res://tests/run_tests.gd:24)
SCRIPT ERROR: Invalid call. Nonexistent function 'attach' in base 'GDScript'.
   at: _actor (res://tests/modules/mind_cultivation/test_mind_persistence.gd:13)
   GDScript backtrace (most recent call first):
       [0] _actor (res://tests/modules/mind_cultivation/test_mind_persistence.gd:13)
       [1] _winning_seed (res://tests/modules/mind_cultivation/test_mind_persistence.gd:64)
       [2] _mid_attempt (res://tests/modules/mind_cultivation/test_mind_persistence.gd:82)
       [3] test_a_v3_payload_keeps_its_sea_and_has_no_attempt (res://tests/modules/mind_cultivation/test_mind_persistence.gd:205)
       [4] _initialize (res://tests/run_tests.gd:24)
SCRIPT ERROR: Invalid call. Nonexistent function 'path' in base 'Nil'.
   at: _prepare (res://tests/modules/mind_cultivation/test_mind_persistence.gd:30)
   GDScript backtrace (most recent call first):
       [0] _prepare (res://tests/modules/mind_cultivation/test_mind_persistence.gd:30)
       [1] _winning_seed (res://tests/modules/mind_cultivation/test_mind_persistence.gd:65)
       [2] _mid_attempt (res://tests/modules/mind_cultivation/test_mind_persistence.gd:82)
       [3] test_a_v3_payload_keeps_its_sea_and_has_no_attempt (res://tests/modules/mind_cultivation/test_mind_persistence.gd:205)
       [4] _initialize (res://tests/run_tests.gd:24)
SCRIPT ERROR: Invalid call. Nonexistent function 'attach' in base 'GDScript'.
   at: _actor (res://tests/modules/mind_cultivation/test_mind_persistence.gd:13)
   GDScript backtrace (most recent call first):
       [0] _actor (res://tests/modules/mind_cultivation/test_mind_persistence.gd:13)
       [1] _winning_seed (res://tests/modules/mind_cultivation/test_mind_persistence.gd:64)
       [2] _mid_attempt (res://tests/modules/mind_cultivation/test_mind_persistence.gd:82)
       [3] test_a_v3_payload_keeps_its_sea_and_has_no_attempt (res://tests/modules/mind_cultivation/test_mind_persistence.gd:205)
       [4] _initialize (res://tests/run_tests.gd:24)
SCRIPT ERROR: Invalid call. Nonexistent function 'path' in base 'Nil'.
   at: _prepare (res://tests/modules/mind_cultivation/test_mind_persistence.gd:30)
   GDScript backtrace (most recent call first):
       [0] _prepare (res://tests/modules/mind_cultivation/test_mind_persistence.gd:30)
       [1] _winning_seed (res://tests/modules/mind_cultivation/test_mind_persistence.gd:65)
       [2] _mid_attempt (res://tests/modules/mind_cultivation/test_mind_persistence.gd:82)
       [3] test_a_v3_payload_keeps_its_sea_and_has_no_attempt (res://tests/modules/mind_cultivation/test_mind_persistence.gd:205)
       [4] _initialize (res://tests/run_tests.gd:24)
SCRIPT ERROR: Invalid call. Nonexistent function 'attach' in base 'GDScript'.
   at: _actor (res://tests/modules/mind_cultivation/test_mind_persistence.gd:13)
   GDScript backtrace (most recent call first):
       [0] _actor (res://tests/modules/mind_cultivation/test_mind_persistence.gd:13)
       [1] _winning_seed (res://tests/modules/mind_cultivation/test_mind_persistence.gd:64)
       [2] _mid_attempt (res://tests/modules/mind_cultivation/test_mind_persistence.gd:82)
       [3] test_a_v3_payload_keeps_its_sea_and_has_no_attempt (res://tests/modules/mind_cultivation/test_mind_persistence.gd:205)
       [4] _initialize (res://tests/run_tests.gd:24)
SCRIPT ERROR: Invalid call. Nonexistent function 'path' in base 'Nil'.
   at: _prepare (res://tests/modules/mind_cultivation/test_mind_persistence.gd:30)
   GDScript backtrace (most recent call first):
       [0] _prepare (res://tests/modules/mind_cultivation/test_mind_persistence.gd:30)
       [1] _winning_seed (res://tests/modules/mind_cultivation/test_mind_persistence.gd:65)
       [2] _mid_attempt (res://tests/modules/mind_cultivation/test_mind_persistence.gd:82)
       [3] test_a_v3_payload_keeps_its_sea_and_has_no_attempt (res://tests/modules/mind_cultivation/test_mind_persistence.gd:205)
       [4] _initialize (res://tests/run_tests.gd:24)
SCRIPT ERROR: Invalid call. Nonexistent function 'attach' in base 'GDScript'.
   at: _actor (res://tests/modules/mind_cultivation/test_mind_persistence.gd:13)
   GDScript backtrace (most recent call first):
       [0] _actor (res://tests/modules/mind_cultivation/test_mind_persistence.gd:13)
       [1] _winning_seed (res://tests/modules/mind_cultivation/test_mind_persistence.gd:64)
       [2] _mid_attempt (res://tests/modules/mind_cultivation/test_mind_persistence.gd:82)
       [3] test_a_v3_payload_keeps_its_sea_and_has_no_attempt (res://tests/modules/mind_cultivation/test_mind_persistence.gd:205)
       [4] _initialize (res://tests/run_tests.gd:24)
SCRIPT ERROR: Invalid call. Nonexistent function 'path' in base 'Nil'.
   at: _prepare (res://tests/modules/mind_cultivation/test_mind_persistence.gd:30)
   GDScript backtrace (most recent call first):
       [0] _prepare (res://tests/modules/mind_cultivation/test_mind_persistence.gd:30)
       [1] _winning_seed (res://tests/modules/mind_cultivation/test_mind_persistence.gd:65)
       [2] _mid_attempt (res://tests/modules/mind_cultivation/test_mind_persistence.gd:82)
       [3] test_a_v3_payload_keeps_its_sea_and_has_no_attempt (res://tests/modules/mind_cultivation/test_mind_persistence.gd:205)
       [4] _initialize (res://tests/run_tests.gd:24)
SCRIPT ERROR: Invalid call. Nonexistent function 'attach' in base 'GDScript'.
   at: _actor (res://tests/modules/mind_cultivation/test_mind_persistence.gd:13)
   GDScript backtrace (most recent call first):
       [0] _actor (res://tests/modules/mind_cultivation/test_mind_persistence.gd:13)
       [1] _winning_seed (res://tests/modules/mind_cultivation/test_mind_persistence.gd:64)
       [2] _mid_attempt (res://tests/modules/mind_cultivation/test_mind_persistence.gd:82)
       [3] test_a_v3_payload_keeps_its_sea_and_has_no_attempt (res://tests/modules/mind_cultivation/test_mind_persistence.gd:205)
       [4] _initialize (res://tests/run_tests.gd:24)
SCRIPT ERROR: Invalid call. Nonexistent function 'path' in base 'Nil'.
   at: _prepare (res://tests/modules/mind_cultivation/test_mind_persistence.gd:30)
   GDScript backtrace (most recent call first):
       [0] _prepare (res://tests/modules/mind_cultivation/test_mind_persistence.gd:30)
       [1] _winning_seed (res://tests/modules/mind_cultivation/test_mind_persistence.gd:65)
       [2] _mid_attempt (res://tests/modules/mind_cultivation/test_mind_persistence.gd:82)
       [3] test_a_v3_payload_keeps_its_sea_and_has_no_attempt (res://tests/modules/mind_cultivation/test_mind_persistence.gd:205)
       [4] _initialize (res://tests/run_tests.gd:24)
SCRIPT ERROR: Invalid call. Nonexistent function 'attach' in base 'GDScript'.
   at: _actor (res://tests/modules/mind_cultivation/test_mind_persistence.gd:13)
   GDScript backtrace (most recent call first):
       [0] _actor (res://tests/modules/mind_cultivation/test_mind_persistence.gd:13)
       [1] _winning_seed (res://tests/modules/mind_cultivation/test_mind_persistence.gd:64)
       [2] _mid_attempt (res://tests/modules/mind_cultivation/test_mind_persistence.gd:82)
       [3] test_a_v3_payload_keeps_its_sea_and_has_no_attempt (res://tests/modules/mind_cultivation/test_mind_persistence.gd:205)
       [4] _initialize (res://tests/run_tests.gd:24)
SCRIPT ERROR: Invalid call. Nonexistent function 'path' in base 'Nil'.
   at: _prepare (res://tests/modules/mind_cultivation/test_mind_persistence.gd:30)
   GDScript backtrace (most recent call first):
       [0] _prepare (res://tests/modules/mind_cultivation/test_mind_persistence.gd:30)
       [1] _winning_seed (res://tests/modules/mind_cultivation/test_mind_persistence.gd:65)
       [2] _mid_attempt (res://tests/modules/mind_cultivation/test_mind_persistence.gd:82)
       [3] test_a_v3_payload_keeps_its_sea_and_has_no_attempt (res://tests/modules/mind_cultivation/test_mind_persistence.gd:205)
       [4] _initialize (res://tests/run_tests.gd:24)
SCRIPT ERROR: Invalid call. Nonexistent function 'attach' in base 'GDScript'.
   at: _actor (res://tests/modules/mind_cultivation/test_mind_persistence.gd:13)
   GDScript backtrace (most recent call first):
       [0] _actor (res://tests/modules/mind_cultivation/test_mind_persistence.gd:13)
       [1] _winning_seed (res://tests/modules/mind_cultivation/test_mind_persistence.gd:64)
       [2] _mid_attempt (res://tests/modules/mind_cultivation/test_mind_persistence.gd:82)
       [3] test_a_v3_payload_keeps_its_sea_and_has_no_attempt (res://tests/modules/mind_cultivation/test_mind_persistence.gd:205)
       [4] _initialize (res://tests/run_tests.gd:24)
SCRIPT ERROR: Invalid call. Nonexistent function 'path' in base 'Nil'.
   at: _prepare (res://tests/modules/mind_cultivation/test_mind_persistence.gd:30)
   GDScript backtrace (most recent call first):
       [0] _prepare (res://tests/modules/mind_cultivation/test_mind_persistence.gd:30)
       [1] _winning_seed (res://tests/modules/mind_cultivation/test_mind_persistence.gd:65)
       [2] _mid_attempt (res://tests/modules/mind_cultivation/test_mind_persistence.gd:82)
       [3] test_a_v3_payload_keeps_its_sea_and_has_no_attempt (res://tests/modules/mind_cultivation/test_mind_persistence.gd:205)
       [4] _initialize (res://tests/run_tests.gd:24)
SCRIPT ERROR: Invalid call. Nonexistent function 'attach' in base 'GDScript'.
   at: _actor (res://tests/modules/mind_cultivation/test_mind_persistence.gd:13)
   GDScript backtrace (most recent call first):
       [0] _actor (res://tests/modules/mind_cultivation/test_mind_persistence.gd:13)
       [1] _winning_seed (res://tests/modules/mind_cultivation/test_mind_persistence.gd:64)
       [2] _mid_attempt (res://tests/modules/mind_cultivation/test_mind_persistence.gd:82)
       [3] test_a_v3_payload_keeps_its_sea_and_has_no_attempt (res://tests/modules/mind_cultivation/test_mind_persistence.gd:205)
       [4] _initialize (res://tests/run_tests.gd:24)
SCRIPT ERROR: Invalid call. Nonexistent function 'path' in base 'Nil'.
   at: _prepare (res://tests/modules/mind_cultivation/test_mind_persistence.gd:30)
   GDScript backtrace (most recent call first):
       [0] _prepare (res://tests/modules/mind_cultivation/test_mind_persistence.gd:30)
       [1] _winning_seed (res://tests/modules/mind_cultivation/test_mind_persistence.gd:65)
       [2] _mid_attempt (res://tests/modules/mind_cultivation/test_mind_persistence.gd:82)
       [3] test_a_v3_payload_keeps_its_sea_and_has_no_attempt (res://tests/modules/mind_cultivation/test_mind_persistence.gd:205)
       [4] _initialize (res://tests/run_tests.gd:24)
SCRIPT ERROR: Invalid call. Nonexistent function 'attach' in base 'GDScript'.
   at: _actor (res://tests/modules/mind_cultivation/test_mind_persistence.gd:13)
   GDScript backtrace (most recent call first):
       [0] _actor (res://tests/modules/mind_cultivation/test_mind_persistence.gd:13)
       [1] _winning_seed (res://tests/modules/mind_cultivation/test_mind_persistence.gd:64)
       [2] _mid_attempt (res://tests/modules/mind_cultivation/test_mind_persistence.gd:82)
       [3] test_a_v3_payload_keeps_its_sea_and_has_no_attempt (res://tests/modules/mind_cultivation/test_mind_persistence.gd:205)
       [4] _initialize (res://tests/run_tests.gd:24)
SCRIPT ERROR: Invalid call. Nonexistent function 'path' in base 'Nil'.
   at: _prepare (res://tests/modules/mind_cultivation/test_mind_persistence.gd:30)
   GDScript backtrace (most recent call first):
       [0] _prepare (res://tests/modules/mind_cultivation/test_mind_persistence.gd:30)
       [1] _winning_seed (res://tests/modules/mind_cultivation/test_mind_persistence.gd:65)
       [2] _mid_attempt (res://tests/modules/mind_cultivation/test_mind_persistence.gd:82)
       [3] test_a_v3_payload_keeps_its_sea_and_has_no_attempt (res://tests/modules/mind_cultivation/test_mind_persistence.gd:205)
       [4] _initialize (res://tests/run_tests.gd:24)
SCRIPT ERROR: Invalid call. Nonexistent function 'attach' in base 'GDScript'.
   at: _actor (res://tests/modules/mind_cultivation/test_mind_persistence.gd:13)
   GDScript backtrace (most recent call first):
       [0] _actor (res://tests/modules/mind_cultivation/test_mind_persistence.gd:13)
       [1] _winning_seed (res://tests/modules/mind_cultivation/test_mind_persistence.gd:64)
       [2] _mid_attempt (res://tests/modules/mind_cultivation/test_mind_persistence.gd:82)
       [3] test_a_v3_payload_keeps_its_sea_and_has_no_attempt (res://tests/modules/mind_cultivation/test_mind_persistence.gd:205)
       [4] _initialize (res://tests/run_tests.gd:24)
SCRIPT ERROR: Invalid call. Nonexistent function 'path' in base 'Nil'.
   at: _prepare (res://tests/modules/mind_cultivation/test_mind_persistence.gd:30)
   GDScript backtrace (most recent call first):
       [0] _prepare (res://tests/modules/mind_cultivation/test_mind_persistence.gd:30)
       [1] _winning_seed (res://tests/modules/mind_cultivation/test_mind_persistence.gd:65)
       [2] _mid_attempt (res://tests/modules/mind_cultivation/test_mind_persistence.gd:82)
       [3] test_a_v3_payload_keeps_its_sea_and_has_no_attempt (res://tests/modules/mind_cultivation/test_mind_persistence.gd:205)
       [4] _initialize (res://tests/run_tests.gd:24)
SCRIPT ERROR: Invalid call. Nonexistent function 'attach' in base 'GDScript'.
   at: _actor (res://tests/modules/mind_cultivation/test_mind_persistence.gd:13)
   GDScript backtrace (most recent call first):
       [0] _actor (res://tests/modules/mind_cultivation/test_mind_persistence.gd:13)
       [1] _winning_seed (res://tests/modules/mind_cultivation/test_mind_persistence.gd:64)
       [2] _mid_attempt (res://tests/modules/mind_cultivation/test_mind_persistence.gd:82)
       [3] test_a_v3_payload_keeps_its_sea_and_has_no_attempt (res://tests/modules/mind_cultivation/test_mind_persistence.gd:205)
       [4] _initialize (res://tests/run_tests.gd:24)
SCRIPT ERROR: Invalid call. Nonexistent function 'path' in base 'Nil'.
   at: _prepare (res://tests/modules/mind_cultivation/test_mind_persistence.gd:30)
   GDScript backtrace (most recent call first):
       [0] _prepare (res://tests/modules/mind_cultivation/test_mind_persistence.gd:30)
       [1] _winning_seed (res://tests/modules/mind_cultivation/test_mind_persistence.gd:65)
       [2] _mid_attempt (res://tests/modules/mind_cultivation/test_mind_persistence.gd:82)
       [3] test_a_v3_payload_keeps_its_sea_and_has_no_attempt (res://tests/modules/mind_cultivation/test_mind_persistence.gd:205)
       [4] _initialize (res://tests/run_tests.gd:24)
SCRIPT ERROR: Invalid call. Nonexistent function 'attach' in base 'GDScript'.
   at: _actor (res://tests/modules/mind_cultivation/test_mind_persistence.gd:13)
   GDScript backtrace (most recent call first):
       [0] _actor (res://tests/modules/mind_cultivation/test_mind_persistence.gd:13)
       [1] _winning_seed (res://tests/modules/mind_cultivation/test_mind_persistence.gd:64)
       [2] _mid_attempt (res://tests/modules/mind_cultivation/test_mind_persistence.gd:82)
       [3] test_a_v3_payload_keeps_its_sea_and_has_no_attempt (res://tests/modules/mind_cultivation/test_mind_persistence.gd:205)
       [4] _initialize (res://tests/run_tests.gd:24)
SCRIPT ERROR: Invalid call. Nonexistent function 'path' in base 'Nil'.
   at: _prepare (res://tests/modules/mind_cultivation/test_mind_persistence.gd:30)
   GDScript backtrace (most recent call first):
       [0] _prepare (res://tests/modules/mind_cultivation/test_mind_persistence.gd:30)
       [1] _winning_seed (res://tests/modules/mind_cultivation/test_mind_persistence.gd:65)
       [2] _mid_attempt (res://tests/modules/mind_cultivation/test_mind_persistence.gd:82)
       [3] test_a_v3_payload_keeps_its_sea_and_has_no_attempt (res://tests/modules/mind_cultivation/test_mind_persistence.gd:205)
       [4] _initialize (res://tests/run_tests.gd:24)
SCRIPT ERROR: Invalid call. Nonexistent function 'attach' in base 'GDScript'.
   at: _actor (res://tests/modules/mind_cultivation/test_mind_persistence.gd:13)
   GDScript backtrace (most recent call first):
       [0] _actor (res://tests/modules/mind_cultivation/test_mind_persistence.gd:13)
       [1] _winning_seed (res://tests/modules/mind_cultivation/test_mind_persistence.gd:64)
       [2] _mid_attempt (res://tests/modules/mind_cultivation/test_mind_persistence.gd:82)
       [3] test_a_v3_payload_keeps_its_sea_and_has_no_attempt (res://tests/modules/mind_cultivation/test_mind_persistence.gd:205)
       [4] _initialize (res://tests/run_tests.gd:24)
SCRIPT ERROR: Invalid call. Nonexistent function 'path' in base 'Nil'.
   at: _prepare (res://tests/modules/mind_cultivation/test_mind_persistence.gd:30)
   GDScript backtrace (most recent call first):
       [0] _prepare (res://tests/modules/mind_cultivation/test_mind_persistence.gd:30)
       [1] _winning_seed (res://tests/modules/mind_cultivation/test_mind_persistence.gd:65)
       [2] _mid_attempt (res://tests/modules/mind_cultivation/test_mind_persistence.gd:82)
       [3] test_a_v3_payload_keeps_its_sea_and_has_no_attempt (res://tests/modules/mind_cultivation/test_mind_persistence.gd:205)
       [4] _initialize (res://tests/run_tests.gd:24)
SCRIPT ERROR: Invalid call. Nonexistent function 'attach' in base 'GDScript'.
   at: _actor (res://tests/modules/mind_cultivation/test_mind_persistence.gd:13)
   GDScript backtrace (most recent call first):
       [0] _actor (res://tests/modules/mind_cultivation/test_mind_persistence.gd:13)
       [1] _winning_seed (res://tests/modules/mind_cultivation/test_mind_persistence.gd:64)
       [2] _mid_attempt (res://tests/modules/mind_cultivation/test_mind_persistence.gd:82)
       [3] test_a_v3_payload_keeps_its_sea_and_has_no_attempt (res://tests/modules/mind_cultivation/test_mind_persistence.gd:205)
       [4] _initialize (res://tests/run_tests.gd:24)
SCRIPT ERROR: Invalid call. Nonexistent function 'path' in base 'Nil'.
   at: _prepare (res://tests/modules/mind_cultivation/test_mind_persistence.gd:30)
   GDScript backtrace (most recent call first):
       [0] _prepare (res://tests/modules/mind_cultivation/test_mind_persistence.gd:30)
       [1] _winning_seed (res://tests/modules/mind_cultivation/test_mind_persistence.gd:65)
       [2] _mid_attempt (res://tests/modules/mind_cultivation/test_mind_persistence.gd:82)
       [3] test_a_v3_payload_keeps_its_sea_and_has_no_attempt (res://tests/modules/mind_cultivation/test_mind_persistence.gd:205)
       [4] _initialize (res://tests/run_tests.gd:24)
SCRIPT ERROR: Invalid call. Nonexistent function 'attach' in base 'GDScript'.
   at: _actor (res://tests/modules/mind_cultivation/test_mind_persistence.gd:13)
   GDScript backtrace (most recent call first):
       [0] _actor (res://tests/modules/mind_cultivation/test_mind_persistence.gd:13)
       [1] _winning_seed (res://tests/modules/mind_cultivation/test_mind_persistence.gd:64)
       [2] _mid_attempt (res://tests/modules/mind_cultivation/test_mind_persistence.gd:82)
       [3] test_a_v3_payload_keeps_its_sea_and_has_no_attempt (res://tests/modules/mind_cultivation/test_mind_persistence.gd:205)
       [4] _initialize (res://tests/run_tests.gd:24)
SCRIPT ERROR: Invalid call. Nonexistent function 'path' in base 'Nil'.
   at: _prepare (res://tests/modules/mind_cultivation/test_mind_persistence.gd:30)
   GDScript backtrace (most recent call first):
       [0] _prepare (res://tests/modules/mind_cultivation/test_mind_persistence.gd:30)
       [1] _winning_seed (res://tests/modules/mind_cultivation/test_mind_persistence.gd:65)
       [2] _mid_attempt (res://tests/modules/mind_cultivation/test_mind_persistence.gd:82)
       [3] test_a_v3_payload_keeps_its_sea_and_has_no_attempt (res://tests/modules/mind_cultivation/test_mind_persistence.gd:205)
       [4] _initialize (res://tests/run_tests.gd:24)
SCRIPT ERROR: Invalid call. Nonexistent function 'attach' in base 'GDScript'.
   at: _actor (res://tests/modules/mind_cultivation/test_mind_persistence.gd:13)
   GDScript backtrace (most recent call first):
       [0] _actor (res://tests/modules/mind_cultivation/test_mind_persistence.gd:13)
       [1] _winning_seed (res://tests/modules/mind_cultivation/test_mind_persistence.gd:64)
       [2] _mid_attempt (res://tests/modules/mind_cultivation/test_mind_persistence.gd:82)
       [3] test_a_v3_payload_keeps_its_sea_and_has_no_attempt (res://tests/modules/mind_cultivation/test_mind_persistence.gd:205)
       [4] _initialize (res://tests/run_tests.gd:24)
SCRIPT ERROR: Invalid call. Nonexistent function 'path' in base 'Nil'.
   at: _prepare (res://tests/modules/mind_cultivation/test_mind_persistence.gd:30)
   GDScript backtrace (most recent call first):
       [0] _prepare (res://tests/modules/mind_cultivation/test_mind_persistence.gd:30)
       [1] _winning_seed (res://tests/modules/mind_cultivation/test_mind_persistence.gd:65)
       [2] _mid_attempt (res://tests/modules/mind_cultivation/test_mind_persistence.gd:82)
       [3] test_a_v3_payload_keeps_its_sea_and_has_no_attempt (res://tests/modules/mind_cultivation/test_mind_persistence.gd:205)
       [4] _initialize (res://tests/run_tests.gd:24)
SCRIPT ERROR: Invalid call. Nonexistent function 'attach' in base 'GDScript'.
   at: _actor (res://tests/modules/mind_cultivation/test_mind_persistence.gd:13)
   GDScript backtrace (most recent call first):
       [0] _actor (res://tests/modules/mind_cultivation/test_mind_persistence.gd:13)
       [1] _winning_seed (res://tests/modules/mind_cultivation/test_mind_persistence.gd:64)
       [2] _mid_attempt (res://tests/modules/mind_cultivation/test_mind_persistence.gd:82)
       [3] test_a_v3_payload_keeps_its_sea_and_has_no_attempt (res://tests/modules/mind_cultivation/test_mind_persistence.gd:205)
       [4] _initialize (res://tests/run_tests.gd:24)
SCRIPT ERROR: Invalid call. Nonexistent function 'path' in base 'Nil'.
   at: _prepare (res://tests/modules/mind_cultivation/test_mind_persistence.gd:30)
   GDScript backtrace (most recent call first):
       [0] _prepare (res://tests/modules/mind_cultivation/test_mind_persistence.gd:30)
       [1] _winning_seed (res://tests/modules/mind_cultivation/test_mind_persistence.gd:65)
       [2] _mid_attempt (res://tests/modules/mind_cultivation/test_mind_persistence.gd:82)
       [3] test_a_v3_payload_keeps_its_sea_and_has_no_attempt (res://tests/modules/mind_cultivation/test_mind_persistence.gd:205)
       [4] _initialize (res://tests/run_tests.gd:24)
SCRIPT ERROR: Invalid call. Nonexistent function 'attach' in base 'GDScript'.
   at: _actor (res://tests/modules/mind_cultivation/test_mind_persistence.gd:13)
   GDScript backtrace (most recent call first):
       [0] _actor (res://tests/modules/mind_cultivation/test_mind_persistence.gd:13)
       [1] _winning_seed (res://tests/modules/mind_cultivation/test_mind_persistence.gd:64)
       [2] _mid_attempt (res://tests/modules/mind_cultivation/test_mind_persistence.gd:82)
       [3] test_a_v3_payload_keeps_its_sea_and_has_no_attempt (res://tests/modules/mind_cultivation/test_mind_persistence.gd:205)
       [4] _initialize (res://tests/run_tests.gd:24)
SCRIPT ERROR: Invalid call. Nonexistent function 'path' in base 'Nil'.
   at: _prepare (res://tests/modules/mind_cultivation/test_mind_persistence.gd:30)
   GDScript backtrace (most recent call first):
       [0] _prepare (res://tests/modules/mind_cultivation/test_mind_persistence.gd:30)
       [1] _winning_seed (res://tests/modules/mind_cultivation/test_mind_persistence.gd:65)
       [2] _mid_attempt (res://tests/modules/mind_cultivation/test_mind_persistence.gd:82)
       [3] test_a_v3_payload_keeps_its_sea_and_has_no_attempt (res://tests/modules/mind_cultivation/test_mind_persistence.gd:205)
       [4] _initialize (res://tests/run_tests.gd:24)
SCRIPT ERROR: Invalid call. Nonexistent function 'attach' in base 'GDScript'.
   at: _actor (res://tests/modules/mind_cultivation/test_mind_persistence.gd:13)
   GDScript backtrace (most recent call first):
       [0] _actor (res://tests/modules/mind_cultivation/test_mind_persistence.gd:13)
       [1] _winning_seed (res://tests/modules/mind_cultivation/test_mind_persistence.gd:64)
       [2] _mid_attempt (res://tests/modules/mind_cultivation/test_mind_persistence.gd:82)
       [3] test_a_v3_payload_keeps_its_sea_and_has_no_attempt (res://tests/modules/mind_cultivation/test_mind_persistence.gd:205)
       [4] _initialize (res://tests/run_tests.gd:24)
SCRIPT ERROR: Invalid call. Nonexistent function 'path' in base 'Nil'.
   at: _prepare (res://tests/modules/mind_cultivation/test_mind_persistence.gd:30)
   GDScript backtrace (most recent call first):
       [0] _prepare (res://tests/modules/mind_cultivation/test_mind_persistence.gd:30)
       [1] _winning_seed (res://tests/modules/mind_cultivation/test_mind_persistence.gd:65)
       [2] _mid_attempt (res://tests/modules/mind_cultivation/test_mind_persistence.gd:82)
       [3] test_a_v3_payload_keeps_its_sea_and_has_no_attempt (res://tests/modules/mind_cultivation/test_mind_persistence.gd:205)
       [4] _initialize (res://tests/run_tests.gd:24)
SCRIPT ERROR: Invalid call. Nonexistent function 'attach' in base 'GDScript'.
   at: _actor (res://tests/modules/mind_cultivation/test_mind_persistence.gd:13)
   GDScript backtrace (most recent call first):
       [0] _actor (res://tests/modules/mind_cultivation/test_mind_persistence.gd:13)
       [1] _winning_seed (res://tests/modules/mind_cultivation/test_mind_persistence.gd:64)
       [2] _mid_attempt (res://tests/modules/mind_cultivation/test_mind_persistence.gd:82)
       [3] test_a_v3_payload_keeps_its_sea_and_has_no_attempt (res://tests/modules/mind_cultivation/test_mind_persistence.gd:205)
       [4] _initialize (res://tests/run_tests.gd:24)
SCRIPT ERROR: Invalid call. Nonexistent function 'path' in base 'Nil'.
   at: _prepare (res://tests/modules/mind_cultivation/test_mind_persistence.gd:30)
   GDScript backtrace (most recent call first):
       [0] _prepare (res://tests/modules/mind_cultivation/test_mind_persistence.gd:30)
       [1] _winning_seed (res://tests/modules/mind_cultivation/test_mind_persistence.gd:65)
       [2] _mid_attempt (res://tests/modules/mind_cultivation/test_mind_persistence.gd:82)
       [3] test_a_v3_payload_keeps_its_sea_and_has_no_attempt (res://tests/modules/mind_cultivation/test_mind_persistence.gd:205)
       [4] _initialize (res://tests/run_tests.gd:24)
SCRIPT ERROR: Invalid call. Nonexistent function 'attach' in base 'GDScript'.
   at: _actor (res://tests/modules/mind_cultivation/test_mind_persistence.gd:13)
   GDScript backtrace (most recent call first):
       [0] _actor (res://tests/modules/mind_cultivation/test_mind_persistence.gd:13)
       [1] _winning_seed (res://tests/modules/mind_cultivation/test_mind_persistence.gd:64)
       [2] _mid_attempt (res://tests/modules/mind_cultivation/test_mind_persistence.gd:82)
       [3] test_a_v3_payload_keeps_its_sea_and_has_no_attempt (res://tests/modules/mind_cultivation/test_mind_persistence.gd:205)
       [4] _initialize (res://tests/run_tests.gd:24)
SCRIPT ERROR: Invalid call. Nonexistent function 'path' in base 'Nil'.
   at: _prepare (res://tests/modules/mind_cultivation/test_mind_persistence.gd:30)
   GDScript backtrace (most recent call first):
       [0] _prepare (res://tests/modules/mind_cultivation/test_mind_persistence.gd:30)
       [1] _winning_seed (res://tests/modules/mind_cultivation/test_mind_persistence.gd:65)
       [2] _mid_attempt (res://tests/modules/mind_cultivation/test_mind_persistence.gd:82)
       [3] test_a_v3_payload_keeps_its_sea_and_has_no_attempt (res://tests/modules/mind_cultivation/test_mind_persistence.gd:205)
       [4] _initialize (res://tests/run_tests.gd:24)
SCRIPT ERROR: Invalid call. Nonexistent function 'attach' in base 'GDScript'.
   at: _actor (res://tests/modules/mind_cultivation/test_mind_persistence.gd:13)
   GDScript backtrace (most recent call first):
       [0] _actor (res://tests/modules/mind_cultivation/test_mind_persistence.gd:13)
       [1] _winning_seed (res://tests/modules/mind_cultivation/test_mind_persistence.gd:64)
       [2] _mid_attempt (res://tests/modules/mind_cultivation/test_mind_persistence.gd:82)
       [3] test_a_v3_payload_keeps_its_sea_and_has_no_attempt (res://tests/modules/mind_cultivation/test_mind_persistence.gd:205)
       [4] _initialize (res://tests/run_tests.gd:24)
SCRIPT ERROR: Invalid call. Nonexistent function 'path' in base 'Nil'.
   at: _prepare (res://tests/modules/mind_cultivation/test_mind_persistence.gd:30)
   GDScript backtrace (most recent call first):
       [0] _prepare (res://tests/modules/mind_cultivation/test_mind_persistence.gd:30)
       [1] _winning_seed (res://tests/modules/mind_cultivation/test_mind_persistence.gd:65)
       [2] _mid_attempt (res://tests/modules/mind_cultivation/test_mind_persistence.gd:82)
       [3] test_a_v3_payload_keeps_its_sea_and_has_no_attempt (res://tests/modules/mind_cultivation/test_mind_persistence.gd:205)
       [4] _initialize (res://tests/run_tests.gd:24)
SCRIPT ERROR: Invalid call. Nonexistent function 'attach' in base 'GDScript'.
   at: _actor (res://tests/modules/mind_cultivation/test_mind_persistence.gd:13)
   GDScript backtrace (most recent call first):
       [0] _actor (res://tests/modules/mind_cultivation/test_mind_persistence.gd:13)
       [1] _winning_seed (res://tests/modules/mind_cultivation/test_mind_persistence.gd:64)
       [2] _mid_attempt (res://tests/modules/mind_cultivation/test_mind_persistence.gd:82)
       [3] test_a_v3_payload_keeps_its_sea_and_has_no_attempt (res://tests/modules/mind_cultivation/test_mind_persistence.gd:205)
       [4] _initialize (res://tests/run_tests.gd:24)
SCRIPT ERROR: Invalid call. Nonexistent function 'path' in base 'Nil'.
   at: _prepare (res://tests/modules/mind_cultivation/test_mind_persistence.gd:30)
   GDScript backtrace (most recent call first):
       [0] _prepare (res://tests/modules/mind_cultivation/test_mind_persistence.gd:30)
       [1] _winning_seed (res://tests/modules/mind_cultivation/test_mind_persistence.gd:65)
       [2] _mid_attempt (res://tests/modules/mind_cultivation/test_mind_persistence.gd:82)
       [3] test_a_v3_payload_keeps_its_sea_and_has_no_attempt (res://tests/modules/mind_cultivation/test_mind_persistence.gd:205)
       [4] _initialize (res://tests/run_tests.gd:24)
SCRIPT ERROR: Invalid call. Nonexistent function 'attach' in base 'GDScript'.
   at: _actor (res://tests/modules/mind_cultivation/test_mind_persistence.gd:13)
   GDScript backtrace (most recent call first):
       [0] _actor (res://tests/modules/mind_cultivation/test_mind_persistence.gd:13)
       [1] _winning_seed (res://tests/modules/mind_cultivation/test_mind_persistence.gd:64)
       [2] _mid_attempt (res://tests/modules/mind_cultivation/test_mind_persistence.gd:82)
       [3] test_a_v3_payload_keeps_its_sea_and_has_no_attempt (res://tests/modules/mind_cultivation/test_mind_persistence.gd:205)
       [4] _initialize (res://tests/run_tests.gd:24)
SCRIPT ERROR: Invalid call. Nonexistent function 'path' in base 'Nil'.
   at: _prepare (res://tests/modules/mind_cultivation/test_mind_persistence.gd:30)
   GDScript backtrace (most recent call first):
       [0] _prepare (res://tests/modules/mind_cultivation/test_mind_persistence.gd:30)
       [1] _winning_seed (res://tests/modules/mind_cultivation/test_mind_persistence.gd:65)
       [2] _mid_attempt (res://tests/modules/mind_cultivation/test_mind_persistence.gd:82)
       [3] test_a_v3_payload_keeps_its_sea_and_has_no_attempt (res://tests/modules/mind_cultivation/test_mind_persistence.gd:205)
       [4] _initialize (res://tests/run_tests.gd:24)
SCRIPT ERROR: Invalid call. Nonexistent function 'attach' in base 'GDScript'.
   at: _actor (res://tests/modules/mind_cultivation/test_mind_persistence.gd:13)
   GDScript backtrace (most recent call first):
       [0] _actor (res://tests/modules/mind_cultivation/test_mind_persistence.gd:13)
       [1] _winning_seed (res://tests/modules/mind_cultivation/test_mind_persistence.gd:64)
       [2] _mid_attempt (res://tests/modules/mind_cultivation/test_mind_persistence.gd:82)
       [3] test_a_v3_payload_keeps_its_sea_and_has_no_attempt (res://tests/modules/mind_cultivation/test_mind_persistence.gd:205)
       [4] _initialize (res://tests/run_tests.gd:24)
SCRIPT ERROR: Invalid call. Nonexistent function 'path' in base 'Nil'.
   at: _prepare (res://tests/modules/mind_cultivation/test_mind_persistence.gd:30)
   GDScript backtrace (most recent call first):
       [0] _prepare (res://tests/modules/mind_cultivation/test_mind_persistence.gd:30)
       [1] _winning_seed (res://tests/modules/mind_cultivation/test_mind_persistence.gd:65)
       [2] _mid_attempt (res://tests/modules/mind_cultivation/test_mind_persistence.gd:82)
       [3] test_a_v3_payload_keeps_its_sea_and_has_no_attempt (res://tests/modules/mind_cultivation/test_mind_persistence.gd:205)
       [4] _initialize (res://tests/run_tests.gd:24)
SCRIPT ERROR: Invalid call. Nonexistent function 'attach' in base 'GDScript'.
   at: _actor (res://tests/modules/mind_cultivation/test_mind_persistence.gd:13)
   GDScript backtrace (most recent call first):
       [0] _actor (res://tests/modules/mind_cultivation/test_mind_persistence.gd:13)
       [1] _winning_seed (res://tests/modules/mind_cultivation/test_mind_persistence.gd:64)
       [2] _mid_attempt (res://tests/modules/mind_cultivation/test_mind_persistence.gd:82)
       [3] test_a_v3_payload_keeps_its_sea_and_has_no_attempt (res://tests/modules/mind_cultivation/test_mind_persistence.gd:205)
       [4] _initialize (res://tests/run_tests.gd:24)
SCRIPT ERROR: Invalid call. Nonexistent function 'path' in base 'Nil'.
   at: _prepare (res://tests/modules/mind_cultivation/test_mind_persistence.gd:30)
   GDScript backtrace (most recent call first):
       [0] _prepare (res://tests/modules/mind_cultivation/test_mind_persistence.gd:30)
       [1] _winning_seed (res://tests/modules/mind_cultivation/test_mind_persistence.gd:65)
       [2] _mid_attempt (res://tests/modules/mind_cultivation/test_mind_persistence.gd:82)
       [3] test_a_v3_payload_keeps_its_sea_and_has_no_attempt (res://tests/modules/mind_cultivation/test_mind_persistence.gd:205)
       [4] _initialize (res://tests/run_tests.gd:24)
SCRIPT ERROR: Invalid call. Nonexistent function 'attach' in base 'GDScript'.
   at: _actor (res://tests/modules/mind_cultivation/test_mind_persistence.gd:13)
   GDScript backtrace (most recent call first):
       [0] _actor (res://tests/modules/mind_cultivation/test_mind_persistence.gd:13)
       [1] _winning_seed (res://tests/modules/mind_cultivation/test_mind_persistence.gd:64)
       [2] _mid_attempt (res://tests/modules/mind_cultivation/test_mind_persistence.gd:82)
       [3] test_a_v3_payload_keeps_its_sea_and_has_no_attempt (res://tests/modules/mind_cultivation/test_mind_persistence.gd:205)
       [4] _initialize (res://tests/run_tests.gd:24)
SCRIPT ERROR: Invalid call. Nonexistent function 'path' in base 'Nil'.
   at: _prepare (res://tests/modules/mind_cultivation/test_mind_persistence.gd:30)
   GDScript backtrace (most recent call first):
       [0] _prepare (res://tests/modules/mind_cultivation/test_mind_persistence.gd:30)
       [1] _winning_seed (res://tests/modules/mind_cultivation/test_mind_persistence.gd:65)
       [2] _mid_attempt (res://tests/modules/mind_cultivation/test_mind_persistence.gd:82)
       [3] test_a_v3_payload_keeps_its_sea_and_has_no_attempt (res://tests/modules/mind_cultivation/test_mind_persistence.gd:205)
       [4] _initialize (res://tests/run_tests.gd:24)
SCRIPT ERROR: Invalid call. Nonexistent function 'attach' in base 'GDScript'.
   at: _actor (res://tests/modules/mind_cultivation/test_mind_persistence.gd:13)
   GDScript backtrace (most recent call first):
       [0] _actor (res://tests/modules/mind_cultivation/test_mind_persistence.gd:13)
       [1] _winning_seed (res://tests/modules/mind_cultivation/test_mind_persistence.gd:64)
       [2] _mid_attempt (res://tests/modules/mind_cultivation/test_mind_persistence.gd:82)
       [3] test_a_v3_payload_keeps_its_sea_and_has_no_attempt (res://tests/modules/mind_cultivation/test_mind_persistence.gd:205)
       [4] _initialize (res://tests/run_tests.gd:24)
SCRIPT ERROR: Invalid call. Nonexistent function 'path' in base 'Nil'.
   at: _prepare (res://tests/modules/mind_cultivation/test_mind_persistence.gd:30)
   GDScript backtrace (most recent call first):
       [0] _prepare (res://tests/modules/mind_cultivation/test_mind_persistence.gd:30)
       [1] _winning_seed (res://tests/modules/mind_cultivation/test_mind_persistence.gd:65)
       [2] _mid_attempt (res://tests/modules/mind_cultivation/test_mind_persistence.gd:82)
       [3] test_a_v3_payload_keeps_its_sea_and_has_no_attempt (res://tests/modules/mind_cultivation/test_mind_persistence.gd:205)
       [4] _initialize (res://tests/run_tests.gd:24)
SCRIPT ERROR: Invalid call. Nonexistent function 'attach' in base 'GDScript'.
   at: _actor (res://tests/modules/mind_cultivation/test_mind_persistence.gd:13)
   GDScript backtrace (most recent call first):
       [0] _actor (res://tests/modules/mind_cultivation/test_mind_persistence.gd:13)
       [1] _winning_seed (res://tests/modules/mind_cultivation/test_mind_persistence.gd:64)
       [2] _mid_attempt (res://tests/modules/mind_cultivation/test_mind_persistence.gd:82)
       [3] test_a_v3_payload_keeps_its_sea_and_has_no_attempt (res://tests/modules/mind_cultivation/test_mind_persistence.gd:205)
       [4] _initialize (res://tests/run_tests.gd:24)
SCRIPT ERROR: Invalid call. Nonexistent function 'path' in base 'Nil'.
   at: _prepare (res://tests/modules/mind_cultivation/test_mind_persistence.gd:30)
   GDScript backtrace (most recent call first):
       [0] _prepare (res://tests/modules/mind_cultivation/test_mind_persistence.gd:30)
       [1] _winning_seed (res://tests/modules/mind_cultivation/test_mind_persistence.gd:65)
       [2] _mid_attempt (res://tests/modules/mind_cultivation/test_mind_persistence.gd:82)
       [3] test_a_v3_payload_keeps_its_sea_and_has_no_attempt (res://tests/modules/mind_cultivation/test_mind_persistence.gd:205)
       [4] _initialize (res://tests/run_tests.gd:24)
SCRIPT ERROR: Invalid call. Nonexistent function 'attach' in base 'GDScript'.
   at: _actor (res://tests/modules/mind_cultivation/test_mind_persistence.gd:13)
   GDScript backtrace (most recent call first):
       [0] _actor (res://tests/modules/mind_cultivation/test_mind_persistence.gd:13)
       [1] _winning_seed (res://tests/modules/mind_cultivation/test_mind_persistence.gd:64)
       [2] _mid_attempt (res://tests/modules/mind_cultivation/test_mind_persistence.gd:82)
       [3] test_a_v3_payload_keeps_its_sea_and_has_no_attempt (res://tests/modules/mind_cultivation/test_mind_persistence.gd:205)
       [4] _initialize (res://tests/run_tests.gd:24)
SCRIPT ERROR: Invalid call. Nonexistent function 'path' in base 'Nil'.
   at: _prepare (res://tests/modules/mind_cultivation/test_mind_persistence.gd:30)
   GDScript backtrace (most recent call first):
       [0] _prepare (res://tests/modules/mind_cultivation/test_mind_persistence.gd:30)
       [1] _winning_seed (res://tests/modules/mind_cultivation/test_mind_persistence.gd:65)
       [2] _mid_attempt (res://tests/modules/mind_cultivation/test_mind_persistence.gd:82)
       [3] test_a_v3_payload_keeps_its_sea_and_has_no_attempt (res://tests/modules/mind_cultivation/test_mind_persistence.gd:205)
       [4] _initialize (res://tests/run_tests.gd:24)
SCRIPT ERROR: Invalid call. Nonexistent function 'attach' in base 'GDScript'.
   at: _actor (res://tests/modules/mind_cultivation/test_mind_persistence.gd:13)
   GDScript backtrace (most recent call first):
       [0] _actor (res://tests/modules/mind_cultivation/test_mind_persistence.gd:13)
       [1] _winning_seed (res://tests/modules/mind_cultivation/test_mind_persistence.gd:64)
       [2] _mid_attempt (res://tests/modules/mind_cultivation/test_mind_persistence.gd:82)
       [3] test_a_v3_payload_keeps_its_sea_and_has_no_attempt (res://tests/modules/mind_cultivation/test_mind_persistence.gd:205)
       [4] _initialize (res://tests/run_tests.gd:24)
SCRIPT ERROR: Invalid call. Nonexistent function 'path' in base 'Nil'.
   at: _prepare (res://tests/modules/mind_cultivation/test_mind_persistence.gd:30)
   GDScript backtrace (most recent call first):
       [0] _prepare (res://tests/modules/mind_cultivation/test_mind_persistence.gd:30)
       [1] _winning_seed (res://tests/modules/mind_cultivation/test_mind_persistence.gd:65)
       [2] _mid_attempt (res://tests/modules/mind_cultivation/test_mind_persistence.gd:82)
       [3] test_a_v3_payload_keeps_its_sea_and_has_no_attempt (res://tests/modules/mind_cultivation/test_mind_persistence.gd:205)
       [4] _initialize (res://tests/run_tests.gd:24)
SCRIPT ERROR: Invalid call. Nonexistent function 'attach' in base 'GDScript'.
   at: _actor (res://tests/modules/mind_cultivation/test_mind_persistence.gd:13)
   GDScript backtrace (most recent call first):
       [0] _actor (res://tests/modules/mind_cultivation/test_mind_persistence.gd:13)
       [1] _winning_seed (res://tests/modules/mind_cultivation/test_mind_persistence.gd:64)
       [2] _mid_attempt (res://tests/modules/mind_cultivation/test_mind_persistence.gd:82)
       [3] test_a_v3_payload_keeps_its_sea_and_has_no_attempt (res://tests/modules/mind_cultivation/test_mind_persistence.gd:205)
       [4] _initialize (res://tests/run_tests.gd:24)
SCRIPT ERROR: Invalid call. Nonexistent function 'path' in base 'Nil'.
   at: _prepare (res://tests/modules/mind_cultivation/test_mind_persistence.gd:30)
   GDScript backtrace (most recent call first):
       [0] _prepare (res://tests/modules/mind_cultivation/test_mind_persistence.gd:30)
       [1] _winning_seed (res://tests/modules/mind_cultivation/test_mind_persistence.gd:65)
       [2] _mid_attempt (res://tests/modules/mind_cultivation/test_mind_persistence.gd:82)
       [3] test_a_v3_payload_keeps_its_sea_and_has_no_attempt (res://tests/modules/mind_cultivation/test_mind_persistence.gd:205)
       [4] _initialize (res://tests/run_tests.gd:24)
SCRIPT ERROR: Invalid call. Nonexistent function 'attach' in base 'GDScript'.
   at: _actor (res://tests/modules/mind_cultivation/test_mind_persistence.gd:13)
   GDScript backtrace (most recent call first):
       [0] _actor (res://tests/modules/mind_cultivation/test_mind_persistence.gd:13)
       [1] _winning_seed (res://tests/modules/mind_cultivation/test_mind_persistence.gd:64)
       [2] _mid_attempt (res://tests/modules/mind_cultivation/test_mind_persistence.gd:82)
       [3] test_a_v3_payload_keeps_its_sea_and_has_no_attempt (res://tests/modules/mind_cultivation/test_mind_persistence.gd:205)
       [4] _initialize (res://tests/run_tests.gd:24)
SCRIPT ERROR: Invalid call. Nonexistent function 'path' in base 'Nil'.
   at: _prepare (res://tests/modules/mind_cultivation/test_mind_persistence.gd:30)
   GDScript backtrace (most recent call first):
       [0] _prepare (res://tests/modules/mind_cultivation/test_mind_persistence.gd:30)
       [1] _winning_seed (res://tests/modules/mind_cultivation/test_mind_persistence.gd:65)
       [2] _mid_attempt (res://tests/modules/mind_cultivation/test_mind_persistence.gd:82)
       [3] test_a_v3_payload_keeps_its_sea_and_has_no_attempt (res://tests/modules/mind_cultivation/test_mind_persistence.gd:205)
       [4] _initialize (res://tests/run_tests.gd:24)
SCRIPT ERROR: Invalid call. Nonexistent function 'attach' in base 'GDScript'.
   at: _actor (res://tests/modules/mind_cultivation/test_mind_persistence.gd:13)
   GDScript backtrace (most recent call first):
       [0] _actor (res://tests/modules/mind_cultivation/test_mind_persistence.gd:13)
       [1] _winning_seed (res://tests/modules/mind_cultivation/test_mind_persistence.gd:64)
       [2] _mid_attempt (res://tests/modules/mind_cultivation/test_mind_persistence.gd:82)
       [3] test_a_v3_payload_keeps_its_sea_and_has_no_attempt (res://tests/modules/mind_cultivation/test_mind_persistence.gd:205)
       [4] _initialize (res://tests/run_tests.gd:24)
SCRIPT ERROR: Invalid call. Nonexistent function 'path' in base 'Nil'.
   at: _prepare (res://tests/modules/mind_cultivation/test_mind_persistence.gd:30)
   GDScript backtrace (most recent call first):
       [0] _prepare (res://tests/modules/mind_cultivation/test_mind_persistence.gd:30)
       [1] _winning_seed (res://tests/modules/mind_cultivation/test_mind_persistence.gd:65)
       [2] _mid_attempt (res://tests/modules/mind_cultivation/test_mind_persistence.gd:82)
       [3] test_a_v3_payload_keeps_its_sea_and_has_no_attempt (res://tests/modules/mind_cultivation/test_mind_persistence.gd:205)
       [4] _initialize (res://tests/run_tests.gd:24)
SCRIPT ERROR: Invalid call. Nonexistent function 'attach' in base 'GDScript'.
   at: _actor (res://tests/modules/mind_cultivation/test_mind_persistence.gd:13)
   GDScript backtrace (most recent call first):
       [0] _actor (res://tests/modules/mind_cultivation/test_mind_persistence.gd:13)
       [1] _winning_seed (res://tests/modules/mind_cultivation/test_mind_persistence.gd:64)
       [2] _mid_attempt (res://tests/modules/mind_cultivation/test_mind_persistence.gd:82)
       [3] test_a_v3_payload_keeps_its_sea_and_has_no_attempt (res://tests/modules/mind_cultivation/test_mind_persistence.gd:205)
       [4] _initialize (res://tests/run_tests.gd:24)
SCRIPT ERROR: Invalid call. Nonexistent function 'path' in base 'Nil'.
   at: _prepare (res://tests/modules/mind_cultivation/test_mind_persistence.gd:30)
   GDScript backtrace (most recent call first):
       [0] _prepare (res://tests/modules/mind_cultivation/test_mind_persistence.gd:30)
       [1] _winning_seed (res://tests/modules/mind_cultivation/test_mind_persistence.gd:65)
       [2] _mid_attempt (res://tests/modules/mind_cultivation/test_mind_persistence.gd:82)
       [3] test_a_v3_payload_keeps_its_sea_and_has_no_attempt (res://tests/modules/mind_cultivation/test_mind_persistence.gd:205)
       [4] _initialize (res://tests/run_tests.gd:24)
SCRIPT ERROR: Invalid call. Nonexistent function 'attach' in base 'GDScript'.
   at: _actor (res://tests/modules/mind_cultivation/test_mind_persistence.gd:13)
   GDScript backtrace (most recent call first):
       [0] _actor (res://tests/modules/mind_cultivation/test_mind_persistence.gd:13)
       [1] _winning_seed (res://tests/modules/mind_cultivation/test_mind_persistence.gd:64)
       [2] _mid_attempt (res://tests/modules/mind_cultivation/test_mind_persistence.gd:82)
       [3] test_a_v3_payload_keeps_its_sea_and_has_no_attempt (res://tests/modules/mind_cultivation/test_mind_persistence.gd:205)
       [4] _initialize (res://tests/run_tests.gd:24)
SCRIPT ERROR: Invalid call. Nonexistent function 'path' in base 'Nil'.
   at: _prepare (res://tests/modules/mind_cultivation/test_mind_persistence.gd:30)
   GDScript backtrace (most recent call first):
       [0] _prepare (res://tests/modules/mind_cultivation/test_mind_persistence.gd:30)
       [1] _winning_seed (res://tests/modules/mind_cultivation/test_mind_persistence.gd:65)
       [2] _mid_attempt (res://tests/modules/mind_cultivation/test_mind_persistence.gd:82)
       [3] test_a_v3_payload_keeps_its_sea_and_has_no_attempt (res://tests/modules/mind_cultivation/test_mind_persistence.gd:205)
       [4] _initialize (res://tests/run_tests.gd:24)
SCRIPT ERROR: Invalid call. Nonexistent function 'attach' in base 'GDScript'.
   at: _actor (res://tests/modules/mind_cultivation/test_mind_persistence.gd:13)
   GDScript backtrace (most recent call first):
       [0] _actor (res://tests/modules/mind_cultivation/test_mind_persistence.gd:13)
       [1] _winning_seed (res://tests/modules/mind_cultivation/test_mind_persistence.gd:64)
       [2] _mid_attempt (res://tests/modules/mind_cultivation/test_mind_persistence.gd:82)
       [3] test_a_v3_payload_keeps_its_sea_and_has_no_attempt (res://tests/modules/mind_cultivation/test_mind_persistence.gd:205)
       [4] _initialize (res://tests/run_tests.gd:24)
SCRIPT ERROR: Invalid call. Nonexistent function 'path' in base 'Nil'.
   at: _prepare (res://tests/modules/mind_cultivation/test_mind_persistence.gd:30)
   GDScript backtrace (most recent call first):
       [0] _prepare (res://tests/modules/mind_cultivation/test_mind_persistence.gd:30)
       [1] _winning_seed (res://tests/modules/mind_cultivation/test_mind_persistence.gd:65)
       [2] _mid_attempt (res://tests/modules/mind_cultivation/test_mind_persistence.gd:82)
       [3] test_a_v3_payload_keeps_its_sea_and_has_no_attempt (res://tests/modules/mind_cultivation/test_mind_persistence.gd:205)
       [4] _initialize (res://tests/run_tests.gd:24)
SCRIPT ERROR: Invalid call. Nonexistent function 'get_module_data' in base 'Nil'.
   at: attempt (res://src/modules/mind_cultivation/advancement.gd:108)
   GDScript backtrace (most recent call first):
       [0] attempt (res://src/modules/mind_cultivation/advancement.gd:108)
       [1] active_attempt (res://src/modules/mind_cultivation/advancement.gd:116)
       [2] start (res://src/modules/mind_cultivation/advancement.gd:137)
       [3] _mid_attempt (res://tests/modules/mind_cultivation/test_mind_persistence.gd:83)
       [4] test_a_v3_payload_keeps_its_sea_and_has_no_attempt (res://tests/modules/mind_cultivation/test_mind_persistence.gd:205)
       [5] _initialize (res://tests/run_tests.gd:24)
SCRIPT ERROR: Invalid call. Nonexistent function 'path' in base 'Nil'.
   at: start (res://src/modules/mind_cultivation/advancement.gd:139)
   GDScript backtrace (most recent call first):
       [0] start (res://src/modules/mind_cultivation/advancement.gd:139)
       [1] _mid_attempt (res://tests/modules/mind_cultivation/test_mind_persistence.gd:83)
       [2] test_a_v3_payload_keeps_its_sea_and_has_no_attempt (res://tests/modules/mind_cultivation/test_mind_persistence.gd:205)
       [3] _initialize (res://tests/run_tests.gd:24)
SCRIPT ERROR: Invalid call. Nonexistent function 'sea' in base 'GDScript'.
   at: _mid_attempt (res://tests/modules/mind_cultivation/test_mind_persistence.gd:85)
   GDScript backtrace (most recent call first):
       [0] _mid_attempt (res://tests/modules/mind_cultivation/test_mind_persistence.gd:85)
       [1] test_a_v3_payload_keeps_its_sea_and_has_no_attempt (res://tests/modules/mind_cultivation/test_mind_persistence.gd:205)
       [2] _initialize (res://tests/run_tests.gd:24)
SCRIPT ERROR: Invalid call. Nonexistent function 'to_dict' in base 'Nil'.
   at: test_a_v3_payload_keeps_its_sea_and_has_no_attempt (res://tests/modules/mind_cultivation/test_mind_persistence.gd:206)
   GDScript backtrace (most recent call first):
       [0] test_a_v3_payload_keeps_its_sea_and_has_no_attempt (res://tests/modules/mind_cultivation/test_mind_persistence.gd:206)
       [1] _initialize (res://tests/run_tests.gd:24)
SCRIPT ERROR: Invalid call. Nonexistent function 'attach' in base 'GDScript'.
   at: _actor (res://tests/modules/mind_cultivation/test_mind_persistence.gd:13)
   GDScript backtrace (most recent call first):
       [0] _actor (res://tests/modules/mind_cultivation/test_mind_persistence.gd:13)
       [1] _mid_attempt (res://tests/modules/mind_cultivation/test_mind_persistence.gd:79)
       [2] test_full_round_trip_preserves_mind_state (res://tests/modules/mind_cultivation/test_mind_persistence.gd:105)
       [3] _initialize (res://tests/run_tests.gd:24)
SCRIPT ERROR: Invalid call. Nonexistent function 'path' in base 'Nil'.
   at: _prepare (res://tests/modules/mind_cultivation/test_mind_persistence.gd:30)
   GDScript backtrace (most recent call first):
       [0] _prepare (res://tests/modules/mind_cultivation/test_mind_persistence.gd:30)
       [1] _mid_attempt (res://tests/modules/mind_cultivation/test_mind_persistence.gd:80)
       [2] test_full_round_trip_preserves_mind_state (res://tests/modules/mind_cultivation/test_mind_persistence.gd:105)
       [3] _initialize (res://tests/run_tests.gd:24)
SCRIPT ERROR: Invalid call. Nonexistent function 'attach' in base 'GDScript'.
   at: _actor (res://tests/modules/mind_cultivation/test_mind_persistence.gd:13)
   GDScript backtrace (most recent call first):
       [0] _actor (res://tests/modules/mind_cultivation/test_mind_persistence.gd:13)
       [1] _winning_seed (res://tests/modules/mind_cultivation/test_mind_persistence.gd:64)
       [2] _mid_attempt (res://tests/modules/mind_cultivation/test_mind_persistence.gd:82)
       [3] test_full_round_trip_preserves_mind_state (res://tests/modules/mind_cultivation/test_mind_persistence.gd:105)
       [4] _initialize (res://tests/run_tests.gd:24)
SCRIPT ERROR: Invalid call. Nonexistent function 'path' in base 'Nil'.
   at: _prepare (res://tests/modules/mind_cultivation/test_mind_persistence.gd:30)
   GDScript backtrace (most recent call first):
       [0] _prepare (res://tests/modules/mind_cultivation/test_mind_persistence.gd:30)
       [1] _winning_seed (res://tests/modules/mind_cultivation/test_mind_persistence.gd:65)
       [2] _mid_attempt (res://tests/modules/mind_cultivation/test_mind_persistence.gd:82)
       [3] test_full_round_trip_preserves_mind_state (res://tests/modules/mind_cultivation/test_mind_persistence.gd:105)
       [4] _initialize (res://tests/run_tests.gd:24)
SCRIPT ERROR: Invalid call. Nonexistent function 'attach' in base 'GDScript'.
   at: _actor (res://tests/modules/mind_cultivation/test_mind_persistence.gd:13)
   GDScript backtrace (most recent call first):
       [0] _actor (res://tests/modules/mind_cultivation/test_mind_persistence.gd:13)
       [1] _winning_seed (res://tests/modules/mind_cultivation/test_mind_persistence.gd:64)
       [2] _mid_attempt (res://tests/modules/mind_cultivation/test_mind_persistence.gd:82)
       [3] test_full_round_trip_preserves_mind_state (res://tests/modules/mind_cultivation/test_mind_persistence.gd:105)
       [4] _initialize (res://tests/run_tests.gd:24)
SCRIPT ERROR: Invalid call. Nonexistent function 'path' in base 'Nil'.
   at: _prepare (res://tests/modules/mind_cultivation/test_mind_persistence.gd:30)
   GDScript backtrace (most recent call first):
       [0] _prepare (res://tests/modules/mind_cultivation/test_mind_persistence.gd:30)
       [1] _winning_seed (res://tests/modules/mind_cultivation/test_mind_persistence.gd:65)
       [2] _mid_attempt (res://tests/modules/mind_cultivation/test_mind_persistence.gd:82)
       [3] test_full_round_trip_preserves_mind_state (res://tests/modules/mind_cultivation/test_mind_persistence.gd:105)
       [4] _initialize (res://tests/run_tests.gd:24)
SCRIPT ERROR: Invalid call. Nonexistent function 'attach' in base 'GDScript'.
   at: _actor (res://tests/modules/mind_cultivation/test_mind_persistence.gd:13)
   GDScript backtrace (most recent call first):
       [0] _actor (res://tests/modules/mind_cultivation/test_mind_persistence.gd:13)
       [1] _winning_seed (res://tests/modules/mind_cultivation/test_mind_persistence.gd:64)
       [2] _mid_attempt (res://tests/modules/mind_cultivation/test_mind_persistence.gd:82)
       [3] test_full_round_trip_preserves_mind_state (res://tests/modules/mind_cultivation/test_mind_persistence.gd:105)
       [4] _initialize (res://tests/run_tests.gd:24)
SCRIPT ERROR: Invalid call. Nonexistent function 'path' in base 'Nil'.
   at: _prepare (res://tests/modules/mind_cultivation/test_mind_persistence.gd:30)
   GDScript backtrace (most recent call first):
       [0] _prepare (res://tests/modules/mind_cultivation/test_mind_persistence.gd:30)
       [1] _winning_seed (res://tests/modules/mind_cultivation/test_mind_persistence.gd:65)
       [2] _mid_attempt (res://tests/modules/mind_cultivation/test_mind_persistence.gd:82)
       [3] test_full_round_trip_preserves_mind_state (res://tests/modules/mind_cultivation/test_mind_persistence.gd:105)
       [4] _initialize (res://tests/run_tests.gd:24)
SCRIPT ERROR: Invalid call. Nonexistent function 'attach' in base 'GDScript'.
   at: _actor (res://tests/modules/mind_cultivation/test_mind_persistence.gd:13)
   GDScript backtrace (most recent call first):
       [0] _actor (res://tests/modules/mind_cultivation/test_mind_persistence.gd:13)
       [1] _winning_seed (res://tests/modules/mind_cultivation/test_mind_persistence.gd:64)
       [2] _mid_attempt (res://tests/modules/mind_cultivation/test_mind_persistence.gd:82)
       [3] test_full_round_trip_preserves_mind_state (res://tests/modules/mind_cultivation/test_mind_persistence.gd:105)
       [4] _initialize (res://tests/run_tests.gd:24)
SCRIPT ERROR: Invalid call. Nonexistent function 'path' in base 'Nil'.
   at: _prepare (res://tests/modules/mind_cultivation/test_mind_persistence.gd:30)
   GDScript backtrace (most recent call first):
       [0] _prepare (res://tests/modules/mind_cultivation/test_mind_persistence.gd:30)
       [1] _winning_seed (res://tests/modules/mind_cultivation/test_mind_persistence.gd:65)
       [2] _mid_attempt (res://tests/modules/mind_cultivation/test_mind_persistence.gd:82)
       [3] test_full_round_trip_preserves_mind_state (res://tests/modules/mind_cultivation/test_mind_persistence.gd:105)
       [4] _initialize (res://tests/run_tests.gd:24)
SCRIPT ERROR: Invalid call. Nonexistent function 'attach' in base 'GDScript'.
   at: _actor (res://tests/modules/mind_cultivation/test_mind_persistence.gd:13)
   GDScript backtrace (most recent call first):
       [0] _actor (res://tests/modules/mind_cultivation/test_mind_persistence.gd:13)
       [1] _winning_seed (res://tests/modules/mind_cultivation/test_mind_persistence.gd:64)
       [2] _mid_attempt (res://tests/modules/mind_cultivation/test_mind_persistence.gd:82)
       [3] test_full_round_trip_preserves_mind_state (res://tests/modules/mind_cultivation/test_mind_persistence.gd:105)
       [4] _initialize (res://tests/run_tests.gd:24)
SCRIPT ERROR: Invalid call. Nonexistent function 'path' in base 'Nil'.
   at: _prepare (res://tests/modules/mind_cultivation/test_mind_persistence.gd:30)
   GDScript backtrace (most recent call first):
       [0] _prepare (res://tests/modules/mind_cultivation/test_mind_persistence.gd:30)
       [1] _winning_seed (res://tests/modules/mind_cultivation/test_mind_persistence.gd:65)
       [2] _mid_attempt (res://tests/modules/mind_cultivation/test_mind_persistence.gd:82)
       [3] test_full_round_trip_preserves_mind_state (res://tests/modules/mind_cultivation/test_mind_persistence.gd:105)
       [4] _initialize (res://tests/run_tests.gd:24)
SCRIPT ERROR: Invalid call. Nonexistent function 'attach' in base 'GDScript'.
   at: _actor (res://tests/modules/mind_cultivation/test_mind_persistence.gd:13)
   GDScript backtrace (most recent call first):
       [0] _actor (res://tests/modules/mind_cultivation/test_mind_persistence.gd:13)
       [1] _winning_seed (res://tests/modules/mind_cultivation/test_mind_persistence.gd:64)
       [2] _mid_attempt (res://tests/modules/mind_cultivation/test_mind_persistence.gd:82)
       [3] test_full_round_trip_preserves_mind_state (res://tests/modules/mind_cultivation/test_mind_persistence.gd:105)
       [4] _initialize (res://tests/run_tests.gd:24)
SCRIPT ERROR: Invalid call. Nonexistent function 'path' in base 'Nil'.
   at: _prepare (res://tests/modules/mind_cultivation/test_mind_persistence.gd:30)
   GDScript backtrace (most recent call first):
       [0] _prepare (res://tests/modules/mind_cultivation/test_mind_persistence.gd:30)
       [1] _winning_seed (res://tests/modules/mind_cultivation/test_mind_persistence.gd:65)
       [2] _mid_attempt (res://tests/modules/mind_cultivation/test_mind_persistence.gd:82)
       [3] test_full_round_trip_preserves_mind_state (res://tests/modules/mind_cultivation/test_mind_persistence.gd:105)
       [4] _initialize (res://tests/run_tests.gd:24)
SCRIPT ERROR: Invalid call. Nonexistent function 'attach' in base 'GDScript'.
   at: _actor (res://tests/modules/mind_cultivation/test_mind_persistence.gd:13)
   GDScript backtrace (most recent call first):
       [0] _actor (res://tests/modules/mind_cultivation/test_mind_persistence.gd:13)
       [1] _winning_seed (res://tests/modules/mind_cultivation/test_mind_persistence.gd:64)
       [2] _mid_attempt (res://tests/modules/mind_cultivation/test_mind_persistence.gd:82)
       [3] test_full_round_trip_preserves_mind_state (res://tests/modules/mind_cultivation/test_mind_persistence.gd:105)
       [4] _initialize (res://tests/run_tests.gd:24)
SCRIPT ERROR: Invalid call. Nonexistent function 'path' in base 'Nil'.
   at: _prepare (res://tests/modules/mind_cultivation/test_mind_persistence.gd:30)
   GDScript backtrace (most recent call first):
       [0] _prepare (res://tests/modules/mind_cultivation/test_mind_persistence.gd:30)
       [1] _winning_seed (res://tests/modules/mind_cultivation/test_mind_persistence.gd:65)
       [2] _mid_attempt (res://tests/modules/mind_cultivation/test_mind_persistence.gd:82)
       [3] test_full_round_trip_preserves_mind_state (res://tests/modules/mind_cultivation/test_mind_persistence.gd:105)
       [4] _initialize (res://tests/run_tests.gd:24)
SCRIPT ERROR: Invalid call. Nonexistent function 'attach' in base 'GDScript'.
   at: _actor (res://tests/modules/mind_cultivation/test_mind_persistence.gd:13)
   GDScript backtrace (most recent call first):
       [0] _actor (res://tests/modules/mind_cultivation/test_mind_persistence.gd:13)
       [1] _winning_seed (res://tests/modules/mind_cultivation/test_mind_persistence.gd:64)
       [2] _mid_attempt (res://tests/modules/mind_cultivation/test_mind_persistence.gd:82)
       [3] test_full_round_trip_preserves_mind_state (res://tests/modules/mind_cultivation/test_mind_persistence.gd:105)
       [4] _initialize (res://tests/run_tests.gd:24)
SCRIPT ERROR: Invalid call. Nonexistent function 'path' in base 'Nil'.
   at: _prepare (res://tests/modules/mind_cultivation/test_mind_persistence.gd:30)
   GDScript backtrace (most recent call first):
       [0] _prepare (res://tests/modules/mind_cultivation/test_mind_persistence.gd:30)
       [1] _winning_seed (res://tests/modules/mind_cultivation/test_mind_persistence.gd:65)
       [2] _mid_attempt (res://tests/modules/mind_cultivation/test_mind_persistence.gd:82)
       [3] test_full_round_trip_preserves_mind_state (res://tests/modules/mind_cultivation/test_mind_persistence.gd:105)
       [4] _initialize (res://tests/run_tests.gd:24)
SCRIPT ERROR: Invalid call. Nonexistent function 'attach' in base 'GDScript'.
   at: _actor (res://tests/modules/mind_cultivation/test_mind_persistence.gd:13)
   GDScript backtrace (most recent call first):
       [0] _actor (res://tests/modules/mind_cultivation/test_mind_persistence.gd:13)
       [1] _winning_seed (res://tests/modules/mind_cultivation/test_mind_persistence.gd:64)
       [2] _mid_attempt (res://tests/modules/mind_cultivation/test_mind_persistence.gd:82)
       [3] test_full_round_trip_preserves_mind_state (res://tests/modules/mind_cultivation/test_mind_persistence.gd:105)
       [4] _initialize (res://tests/run_tests.gd:24)
SCRIPT ERROR: Invalid call. Nonexistent function 'path' in base 'Nil'.
   at: _prepare (res://tests/modules/mind_cultivation/test_mind_persistence.gd:30)
   GDScript backtrace (most recent call first):
       [0] _prepare (res://tests/modules/mind_cultivation/test_mind_persistence.gd:30)
       [1] _winning_seed (res://tests/modules/mind_cultivation/test_mind_persistence.gd:65)
       [2] _mid_attempt (res://tests/modules/mind_cultivation/test_mind_persistence.gd:82)
       [3] test_full_round_trip_preserves_mind_state (res://tests/modules/mind_cultivation/test_mind_persistence.gd:105)
       [4] _initialize (res://tests/run_tests.gd:24)
SCRIPT ERROR: Invalid call. Nonexistent function 'attach' in base 'GDScript'.
   at: _actor (res://tests/modules/mind_cultivation/test_mind_persistence.gd:13)
   GDScript backtrace (most recent call first):
       [0] _actor (res://tests/modules/mind_cultivation/test_mind_persistence.gd:13)
       [1] _winning_seed (res://tests/modules/mind_cultivation/test_mind_persistence.gd:64)
       [2] _mid_attempt (res://tests/modules/mind_cultivation/test_mind_persistence.gd:82)
       [3] test_full_round_trip_preserves_mind_state (res://tests/modules/mind_cultivation/test_mind_persistence.gd:105)
       [4] _initialize (res://tests/run_tests.gd:24)
SCRIPT ERROR: Invalid call. Nonexistent function 'path' in base 'Nil'.
   at: _prepare (res://tests/modules/mind_cultivation/test_mind_persistence.gd:30)
   GDScript backtrace (most recent call first):
       [0] _prepare (res://tests/modules/mind_cultivation/test_mind_persistence.gd:30)
       [1] _winning_seed (res://tests/modules/mind_cultivation/test_mind_persistence.gd:65)
       [2] _mid_attempt (res://tests/modules/mind_cultivation/test_mind_persistence.gd:82)
       [3] test_full_round_trip_preserves_mind_state (res://tests/modules/mind_cultivation/test_mind_persistence.gd:105)
       [4] _initialize (res://tests/run_tests.gd:24)
SCRIPT ERROR: Invalid call. Nonexistent function 'attach' in base 'GDScript'.
   at: _actor (res://tests/modules/mind_cultivation/test_mind_persistence.gd:13)
   GDScript backtrace (most recent call first):
       [0] _actor (res://tests/modules/mind_cultivation/test_mind_persistence.gd:13)
       [1] _winning_seed (res://tests/modules/mind_cultivation/test_mind_persistence.gd:64)
       [2] _mid_attempt (res://tests/modules/mind_cultivation/test_mind_persistence.gd:82)
       [3] test_full_round_trip_preserves_mind_state (res://tests/modules/mind_cultivation/test_mind_persistence.gd:105)
       [4] _initialize (res://tests/run_tests.gd:24)
SCRIPT ERROR: Invalid call. Nonexistent function 'path' in base 'Nil'.
   at: _prepare (res://tests/modules/mind_cultivation/test_mind_persistence.gd:30)
   GDScript backtrace (most recent call first):
       [0] _prepare (res://tests/modules/mind_cultivation/test_mind_persistence.gd:30)
       [1] _winning_seed (res://tests/modules/mind_cultivation/test_mind_persistence.gd:65)
       [2] _mid_attempt (res://tests/modules/mind_cultivation/test_mind_persistence.gd:82)
       [3] test_full_round_trip_preserves_mind_state (res://tests/modules/mind_cultivation/test_mind_persistence.gd:105)
       [4] _initialize (res://tests/run_tests.gd:24)
SCRIPT ERROR: Invalid call. Nonexistent function 'attach' in base 'GDScript'.
   at: _actor (res://tests/modules/mind_cultivation/test_mind_persistence.gd:13)
   GDScript backtrace (most recent call first):
       [0] _actor (res://tests/modules/mind_cultivation/test_mind_persistence.gd:13)
       [1] _winning_seed (res://tests/modules/mind_cultivation/test_mind_persistence.gd:64)
       [2] _mid_attempt (res://tests/modules/mind_cultivation/test_mind_persistence.gd:82)
       [3] test_full_round_trip_preserves_mind_state (res://tests/modules/mind_cultivation/test_mind_persistence.gd:105)
       [4] _initialize (res://tests/run_tests.gd:24)
SCRIPT ERROR: Invalid call. Nonexistent function 'path' in base 'Nil'.
   at: _prepare (res://tests/modules/mind_cultivation/test_mind_persistence.gd:30)
   GDScript backtrace (most recent call first):
       [0] _prepare (res://tests/modules/mind_cultivation/test_mind_persistence.gd:30)
       [1] _winning_seed (res://tests/modules/mind_cultivation/test_mind_persistence.gd:65)
       [2] _mid_attempt (res://tests/modules/mind_cultivation/test_mind_persistence.gd:82)
       [3] test_full_round_trip_preserves_mind_state (res://tests/modules/mind_cultivation/test_mind_persistence.gd:105)
       [4] _initialize (res://tests/run_tests.gd:24)
SCRIPT ERROR: Invalid call. Nonexistent function 'attach' in base 'GDScript'.
   at: _actor (res://tests/modules/mind_cultivation/test_mind_persistence.gd:13)
   GDScript backtrace (most recent call first):
       [0] _actor (res://tests/modules/mind_cultivation/test_mind_persistence.gd:13)
       [1] _winning_seed (res://tests/modules/mind_cultivation/test_mind_persistence.gd:64)
       [2] _mid_attempt (res://tests/modules/mind_cultivation/test_mind_persistence.gd:82)
       [3] test_full_round_trip_preserves_mind_state (res://tests/modules/mind_cultivation/test_mind_persistence.gd:105)
       [4] _initialize (res://tests/run_tests.gd:24)
SCRIPT ERROR: Invalid call. Nonexistent function 'path' in base 'Nil'.
   at: _prepare (res://tests/modules/mind_cultivation/test_mind_persistence.gd:30)
   GDScript backtrace (most recent call first):
       [0] _prepare (res://tests/modules/mind_cultivation/test_mind_persistence.gd:30)
       [1] _winning_seed (res://tests/modules/mind_cultivation/test_mind_persistence.gd:65)
       [2] _mid_attempt (res://tests/modules/mind_cultivation/test_mind_persistence.gd:82)
       [3] test_full_round_trip_preserves_mind_state (res://tests/modules/mind_cultivation/test_mind_persistence.gd:105)
       [4] _initialize (res://tests/run_tests.gd:24)
SCRIPT ERROR: Invalid call. Nonexistent function 'attach' in base 'GDScript'.
   at: _actor (res://tests/modules/mind_cultivation/test_mind_persistence.gd:13)
   GDScript backtrace (most recent call first):
       [0] _actor (res://tests/modules/mind_cultivation/test_mind_persistence.gd:13)
       [1] _winning_seed (res://tests/modules/mind_cultivation/test_mind_persistence.gd:64)
       [2] _mid_attempt (res://tests/modules/mind_cultivation/test_mind_persistence.gd:82)
       [3] test_full_round_trip_preserves_mind_state (res://tests/modules/mind_cultivation/test_mind_persistence.gd:105)
       [4] _initialize (res://tests/run_tests.gd:24)
SCRIPT ERROR: Invalid call. Nonexistent function 'path' in base 'Nil'.
   at: _prepare (res://tests/modules/mind_cultivation/test_mind_persistence.gd:30)
   GDScript backtrace (most recent call first):
       [0] _prepare (res://tests/modules/mind_cultivation/test_mind_persistence.gd:30)
       [1] _winning_seed (res://tests/modules/mind_cultivation/test_mind_persistence.gd:65)
       [2] _mid_attempt (res://tests/modules/mind_cultivation/test_mind_persistence.gd:82)
       [3] test_full_round_trip_preserves_mind_state (res://tests/modules/mind_cultivation/test_mind_persistence.gd:105)
       [4] _initialize (res://tests/run_tests.gd:24)
SCRIPT ERROR: Invalid call. Nonexistent function 'attach' in base 'GDScript'.
   at: _actor (res://tests/modules/mind_cultivation/test_mind_persistence.gd:13)
   GDScript backtrace (most recent call first):
       [0] _actor (res://tests/modules/mind_cultivation/test_mind_persistence.gd:13)
       [1] _winning_seed (res://tests/modules/mind_cultivation/test_mind_persistence.gd:64)
       [2] _mid_attempt (res://tests/modules/mind_cultivation/test_mind_persistence.gd:82)
       [3] test_full_round_trip_preserves_mind_state (res://tests/modules/mind_cultivation/test_mind_persistence.gd:105)
       [4] _initialize (res://tests/run_tests.gd:24)
SCRIPT ERROR: Invalid call. Nonexistent function 'path' in base 'Nil'.
   at: _prepare (res://tests/modules/mind_cultivation/test_mind_persistence.gd:30)
   GDScript backtrace (most recent call first):
       [0] _prepare (res://tests/modules/mind_cultivation/test_mind_persistence.gd:30)
       [1] _winning_seed (res://tests/modules/mind_cultivation/test_mind_persistence.gd:65)
       [2] _mid_attempt (res://tests/modules/mind_cultivation/test_mind_persistence.gd:82)
       [3] test_full_round_trip_preserves_mind_state (res://tests/modules/mind_cultivation/test_mind_persistence.gd:105)
       [4] _initialize (res://tests/run_tests.gd:24)
SCRIPT ERROR: Invalid call. Nonexistent function 'attach' in base 'GDScript'.
   at: _actor (res://tests/modules/mind_cultivation/test_mind_persistence.gd:13)
   GDScript backtrace (most recent call first):
       [0] _actor (res://tests/modules/mind_cultivation/test_mind_persistence.gd:13)
       [1] _winning_seed (res://tests/modules/mind_cultivation/test_mind_persistence.gd:64)
       [2] _mid_attempt (res://tests/modules/mind_cultivation/test_mind_persistence.gd:82)
       [3] test_full_round_trip_preserves_mind_state (res://tests/modules/mind_cultivation/test_mind_persistence.gd:105)
       [4] _initialize (res://tests/run_tests.gd:24)
SCRIPT ERROR: Invalid call. Nonexistent function 'path' in base 'Nil'.
   at: _prepare (res://tests/modules/mind_cultivation/test_mind_persistence.gd:30)
   GDScript backtrace (most recent call first):
       [0] _prepare (res://tests/modules/mind_cultivation/test_mind_persistence.gd:30)
       [1] _winning_seed (res://tests/modules/mind_cultivation/test_mind_persistence.gd:65)
       [2] _mid_attempt (res://tests/modules/mind_cultivation/test_mind_persistence.gd:82)
       [3] test_full_round_trip_preserves_mind_state (res://tests/modules/mind_cultivation/test_mind_persistence.gd:105)
       [4] _initialize (res://tests/run_tests.gd:24)
SCRIPT ERROR: Invalid call. Nonexistent function 'attach' in base 'GDScript'.
   at: _actor (res://tests/modules/mind_cultivation/test_mind_persistence.gd:13)
   GDScript backtrace (most recent call first):
       [0] _actor (res://tests/modules/mind_cultivation/test_mind_persistence.gd:13)
       [1] _winning_seed (res://tests/modules/mind_cultivation/test_mind_persistence.gd:64)
       [2] _mid_attempt (res://tests/modules/mind_cultivation/test_mind_persistence.gd:82)
       [3] test_full_round_trip_preserves_mind_state (res://tests/modules/mind_cultivation/test_mind_persistence.gd:105)
       [4] _initialize (res://tests/run_tests.gd:24)
SCRIPT ERROR: Invalid call. Nonexistent function 'path' in base 'Nil'.
   at: _prepare (res://tests/modules/mind_cultivation/test_mind_persistence.gd:30)
   GDScript backtrace (most recent call first):
       [0] _prepare (res://tests/modules/mind_cultivation/test_mind_persistence.gd:30)
       [1] _winning_seed (res://tests/modules/mind_cultivation/test_mind_persistence.gd:65)
       [2] _mid_attempt (res://tests/modules/mind_cultivation/test_mind_persistence.gd:82)
       [3] test_full_round_trip_preserves_mind_state (res://tests/modules/mind_cultivation/test_mind_persistence.gd:105)
       [4] _initialize (res://tests/run_tests.gd:24)
SCRIPT ERROR: Invalid call. Nonexistent function 'attach' in base 'GDScript'.
   at: _actor (res://tests/modules/mind_cultivation/test_mind_persistence.gd:13)
   GDScript backtrace (most recent call first):
       [0] _actor (res://tests/modules/mind_cultivation/test_mind_persistence.gd:13)
       [1] _winning_seed (res://tests/modules/mind_cultivation/test_mind_persistence.gd:64)
       [2] _mid_attempt (res://tests/modules/mind_cultivation/test_mind_persistence.gd:82)
       [3] test_full_round_trip_preserves_mind_state (res://tests/modules/mind_cultivation/test_mind_persistence.gd:105)
       [4] _initialize (res://tests/run_tests.gd:24)
SCRIPT ERROR: Invalid call. Nonexistent function 'path' in base 'Nil'.
   at: _prepare (res://tests/modules/mind_cultivation/test_mind_persistence.gd:30)
   GDScript backtrace (most recent call first):
       [0] _prepare (res://tests/modules/mind_cultivation/test_mind_persistence.gd:30)
       [1] _winning_seed (res://tests/modules/mind_cultivation/test_mind_persistence.gd:65)
       [2] _mid_attempt (res://tests/modules/mind_cultivation/test_mind_persistence.gd:82)
       [3] test_full_round_trip_preserves_mind_state (res://tests/modules/mind_cultivation/test_mind_persistence.gd:105)
       [4] _initialize (res://tests/run_tests.gd:24)
SCRIPT ERROR: Invalid call. Nonexistent function 'attach' in base 'GDScript'.
   at: _actor (res://tests/modules/mind_cultivation/test_mind_persistence.gd:13)
   GDScript backtrace (most recent call first):
       [0] _actor (res://tests/modules/mind_cultivation/test_mind_persistence.gd:13)
       [1] _winning_seed (res://tests/modules/mind_cultivation/test_mind_persistence.gd:64)
       [2] _mid_attempt (res://tests/modules/mind_cultivation/test_mind_persistence.gd:82)
       [3] test_full_round_trip_preserves_mind_state (res://tests/modules/mind_cultivation/test_mind_persistence.gd:105)
       [4] _initialize (res://tests/run_tests.gd:24)
SCRIPT ERROR: Invalid call. Nonexistent function 'path' in base 'Nil'.
   at: _prepare (res://tests/modules/mind_cultivation/test_mind_persistence.gd:30)
   GDScript backtrace (most recent call first):
       [0] _prepare (res://tests/modules/mind_cultivation/test_mind_persistence.gd:30)
       [1] _winning_seed (res://tests/modules/mind_cultivation/test_mind_persistence.gd:65)
       [2] _mid_attempt (res://tests/modules/mind_cultivation/test_mind_persistence.gd:82)
       [3] test_full_round_trip_preserves_mind_state (res://tests/modules/mind_cultivation/test_mind_persistence.gd:105)
       [4] _initialize (res://tests/run_tests.gd:24)
SCRIPT ERROR: Invalid call. Nonexistent function 'attach' in base 'GDScript'.
   at: _actor (res://tests/modules/mind_cultivation/test_mind_persistence.gd:13)
   GDScript backtrace (most recent call first):
       [0] _actor (res://tests/modules/mind_cultivation/test_mind_persistence.gd:13)
       [1] _winning_seed (res://tests/modules/mind_cultivation/test_mind_persistence.gd:64)
       [2] _mid_attempt (res://tests/modules/mind_cultivation/test_mind_persistence.gd:82)
       [3] test_full_round_trip_preserves_mind_state (res://tests/modules/mind_cultivation/test_mind_persistence.gd:105)
       [4] _initialize (res://tests/run_tests.gd:24)
SCRIPT ERROR: Invalid call. Nonexistent function 'path' in base 'Nil'.
   at: _prepare (res://tests/modules/mind_cultivation/test_mind_persistence.gd:30)
   GDScript backtrace (most recent call first):
       [0] _prepare (res://tests/modules/mind_cultivation/test_mind_persistence.gd:30)
       [1] _winning_seed (res://tests/modules/mind_cultivation/test_mind_persistence.gd:65)
       [2] _mid_attempt (res://tests/modules/mind_cultivation/test_mind_persistence.gd:82)
       [3] test_full_round_trip_preserves_mind_state (res://tests/modules/mind_cultivation/test_mind_persistence.gd:105)
       [4] _initialize (res://tests/run_tests.gd:24)
SCRIPT ERROR: Invalid call. Nonexistent function 'attach' in base 'GDScript'.
   at: _actor (res://tests/modules/mind_cultivation/test_mind_persistence.gd:13)
   GDScript backtrace (most recent call first):
       [0] _actor (res://tests/modules/mind_cultivation/test_mind_persistence.gd:13)
       [1] _winning_seed (res://tests/modules/mind_cultivation/test_mind_persistence.gd:64)
       [2] _mid_attempt (res://tests/modules/mind_cultivation/test_mind_persistence.gd:82)
       [3] test_full_round_trip_preserves_mind_state (res://tests/modules/mind_cultivation/test_mind_persistence.gd:105)
       [4] _initialize (res://tests/run_tests.gd:24)
SCRIPT ERROR: Invalid call. Nonexistent function 'path' in base 'Nil'.
   at: _prepare (res://tests/modules/mind_cultivation/test_mind_persistence.gd:30)
   GDScript backtrace (most recent call first):
       [0] _prepare (res://tests/modules/mind_cultivation/test_mind_persistence.gd:30)
       [1] _winning_seed (res://tests/modules/mind_cultivation/test_mind_persistence.gd:65)
       [2] _mid_attempt (res://tests/modules/mind_cultivation/test_mind_persistence.gd:82)
       [3] test_full_round_trip_preserves_mind_state (res://tests/modules/mind_cultivation/test_mind_persistence.gd:105)
       [4] _initialize (res://tests/run_tests.gd:24)
SCRIPT ERROR: Invalid call. Nonexistent function 'attach' in base 'GDScript'.
   at: _actor (res://tests/modules/mind_cultivation/test_mind_persistence.gd:13)
   GDScript backtrace (most recent call first):
       [0] _actor (res://tests/modules/mind_cultivation/test_mind_persistence.gd:13)
       [1] _winning_seed (res://tests/modules/mind_cultivation/test_mind_persistence.gd:64)
       [2] _mid_attempt (res://tests/modules/mind_cultivation/test_mind_persistence.gd:82)
       [3] test_full_round_trip_preserves_mind_state (res://tests/modules/mind_cultivation/test_mind_persistence.gd:105)
       [4] _initialize (res://tests/run_tests.gd:24)
SCRIPT ERROR: Invalid call. Nonexistent function 'path' in base 'Nil'.
   at: _prepare (res://tests/modules/mind_cultivation/test_mind_persistence.gd:30)
   GDScript backtrace (most recent call first):
       [0] _prepare (res://tests/modules/mind_cultivation/test_mind_persistence.gd:30)
       [1] _winning_seed (res://tests/modules/mind_cultivation/test_mind_persistence.gd:65)
       [2] _mid_attempt (res://tests/modules/mind_cultivation/test_mind_persistence.gd:82)
       [3] test_full_round_trip_preserves_mind_state (res://tests/modules/mind_cultivation/test_mind_persistence.gd:105)
       [4] _initialize (res://tests/run_tests.gd:24)
SCRIPT ERROR: Invalid call. Nonexistent function 'attach' in base 'GDScript'.
   at: _actor (res://tests/modules/mind_cultivation/test_mind_persistence.gd:13)
   GDScript backtrace (most recent call first):
       [0] _actor (res://tests/modules/mind_cultivation/test_mind_persistence.gd:13)
       [1] _winning_seed (res://tests/modules/mind_cultivation/test_mind_persistence.gd:64)
       [2] _mid_attempt (res://tests/modules/mind_cultivation/test_mind_persistence.gd:82)
       [3] test_full_round_trip_preserves_mind_state (res://tests/modules/mind_cultivation/test_mind_persistence.gd:105)
       [4] _initialize (res://tests/run_tests.gd:24)
SCRIPT ERROR: Invalid call. Nonexistent function 'path' in base 'Nil'.
   at: _prepare (res://tests/modules/mind_cultivation/test_mind_persistence.gd:30)
   GDScript backtrace (most recent call first):
       [0] _prepare (res://tests/modules/mind_cultivation/test_mind_persistence.gd:30)
       [1] _winning_seed (res://tests/modules/mind_cultivation/test_mind_persistence.gd:65)
       [2] _mid_attempt (res://tests/modules/mind_cultivation/test_mind_persistence.gd:82)
       [3] test_full_round_trip_preserves_mind_state (res://tests/modules/mind_cultivation/test_mind_persistence.gd:105)
       [4] _initialize (res://tests/run_tests.gd:24)
SCRIPT ERROR: Invalid call. Nonexistent function 'attach' in base 'GDScript'.
   at: _actor (res://tests/modules/mind_cultivation/test_mind_persistence.gd:13)
   GDScript backtrace (most recent call first):
       [0] _actor (res://tests/modules/mind_cultivation/test_mind_persistence.gd:13)
       [1] _winning_seed (res://tests/modules/mind_cultivation/test_mind_persistence.gd:64)
       [2] _mid_attempt (res://tests/modules/mind_cultivation/test_mind_persistence.gd:82)
       [3] test_full_round_trip_preserves_mind_state (res://tests/modules/mind_cultivation/test_mind_persistence.gd:105)
       [4] _initialize (res://tests/run_tests.gd:24)
SCRIPT ERROR: Invalid call. Nonexistent function 'path' in base 'Nil'.
   at: _prepare (res://tests/modules/mind_cultivation/test_mind_persistence.gd:30)
   GDScript backtrace (most recent call first):
       [0] _prepare (res://tests/modules/mind_cultivation/test_mind_persistence.gd:30)
       [1] _winning_seed (res://tests/modules/mind_cultivation/test_mind_persistence.gd:65)
       [2] _mid_attempt (res://tests/modules/mind_cultivation/test_mind_persistence.gd:82)
       [3] test_full_round_trip_preserves_mind_state (res://tests/modules/mind_cultivation/test_mind_persistence.gd:105)
       [4] _initialize (res://tests/run_tests.gd:24)
SCRIPT ERROR: Invalid call. Nonexistent function 'attach' in base 'GDScript'.
   at: _actor (res://tests/modules/mind_cultivation/test_mind_persistence.gd:13)
   GDScript backtrace (most recent call first):
       [0] _actor (res://tests/modules/mind_cultivation/test_mind_persistence.gd:13)
       [1] _winning_seed (res://tests/modules/mind_cultivation/test_mind_persistence.gd:64)
       [2] _mid_attempt (res://tests/modules/mind_cultivation/test_mind_persistence.gd:82)
       [3] test_full_round_trip_preserves_mind_state (res://tests/modules/mind_cultivation/test_mind_persistence.gd:105)
       [4] _initialize (res://tests/run_tests.gd:24)
SCRIPT ERROR: Invalid call. Nonexistent function 'path' in base 'Nil'.
   at: _prepare (res://tests/modules/mind_cultivation/test_mind_persistence.gd:30)
   GDScript backtrace (most recent call first):
       [0] _prepare (res://tests/modules/mind_cultivation/test_mind_persistence.gd:30)
       [1] _winning_seed (res://tests/modules/mind_cultivation/test_mind_persistence.gd:65)
       [2] _mid_attempt (res://tests/modules/mind_cultivation/test_mind_persistence.gd:82)
       [3] test_full_round_trip_preserves_mind_state (res://tests/modules/mind_cultivation/test_mind_persistence.gd:105)
       [4] _initialize (res://tests/run_tests.gd:24)
SCRIPT ERROR: Invalid call. Nonexistent function 'attach' in base 'GDScript'.
   at: _actor (res://tests/modules/mind_cultivation/test_mind_persistence.gd:13)
   GDScript backtrace (most recent call first):
       [0] _actor (res://tests/modules/mind_cultivation/test_mind_persistence.gd:13)
       [1] _winning_seed (res://tests/modules/mind_cultivation/test_mind_persistence.gd:64)
       [2] _mid_attempt (res://tests/modules/mind_cultivation/test_mind_persistence.gd:82)
       [3] test_full_round_trip_preserves_mind_state (res://tests/modules/mind_cultivation/test_mind_persistence.gd:105)
       [4] _initialize (res://tests/run_tests.gd:24)
SCRIPT ERROR: Invalid call. Nonexistent function 'path' in base 'Nil'.
   at: _prepare (res://tests/modules/mind_cultivation/test_mind_persistence.gd:30)
   GDScript backtrace (most recent call first):
       [0] _prepare (res://tests/modules/mind_cultivation/test_mind_persistence.gd:30)
       [1] _winning_seed (res://tests/modules/mind_cultivation/test_mind_persistence.gd:65)
       [2] _mid_attempt (res://tests/modules/mind_cultivation/test_mind_persistence.gd:82)
       [3] test_full_round_trip_preserves_mind_state (res://tests/modules/mind_cultivation/test_mind_persistence.gd:105)
       [4] _initialize (res://tests/run_tests.gd:24)
SCRIPT ERROR: Invalid call. Nonexistent function 'attach' in base 'GDScript'.
   at: _actor (res://tests/modules/mind_cultivation/test_mind_persistence.gd:13)
   GDScript backtrace (most recent call first):
       [0] _actor (res://tests/modules/mind_cultivation/test_mind_persistence.gd:13)
       [1] _winning_seed (res://tests/modules/mind_cultivation/test_mind_persistence.gd:64)
       [2] _mid_attempt (res://tests/modules/mind_cultivation/test_mind_persistence.gd:82)
       [3] test_full_round_trip_preserves_mind_state (res://tests/modules/mind_cultivation/test_mind_persistence.gd:105)
       [4] _initialize (res://tests/run_tests.gd:24)
SCRIPT ERROR: Invalid call. Nonexistent function 'path' in base 'Nil'.
   at: _prepare (res://tests/modules/mind_cultivation/test_mind_persistence.gd:30)
   GDScript backtrace (most recent call first):
       [0] _prepare (res://tests/modules/mind_cultivation/test_mind_persistence.gd:30)
       [1] _winning_seed (res://tests/modules/mind_cultivation/test_mind_persistence.gd:65)
       [2] _mid_attempt (res://tests/modules/mind_cultivation/test_mind_persistence.gd:82)
       [3] test_full_round_trip_preserves_mind_state (res://tests/modules/mind_cultivation/test_mind_persistence.gd:105)
       [4] _initialize (res://tests/run_tests.gd:24)
SCRIPT ERROR: Invalid call. Nonexistent function 'attach' in base 'GDScript'.
   at: _actor (res://tests/modules/mind_cultivation/test_mind_persistence.gd:13)
   GDScript backtrace (most recent call first):
       [0] _actor (res://tests/modules/mind_cultivation/test_mind_persistence.gd:13)
       [1] _winning_seed (res://tests/modules/mind_cultivation/test_mind_persistence.gd:64)
       [2] _mid_attempt (res://tests/modules/mind_cultivation/test_mind_persistence.gd:82)
       [3] test_full_round_trip_preserves_mind_state (res://tests/modules/mind_cultivation/test_mind_persistence.gd:105)
       [4] _initialize (res://tests/run_tests.gd:24)
SCRIPT ERROR: Invalid call. Nonexistent function 'path' in base 'Nil'.
   at: _prepare (res://tests/modules/mind_cultivation/test_mind_persistence.gd:30)
   GDScript backtrace (most recent call first):
       [0] _prepare (res://tests/modules/mind_cultivation/test_mind_persistence.gd:30)
       [1] _winning_seed (res://tests/modules/mind_cultivation/test_mind_persistence.gd:65)
       [2] _mid_attempt (res://tests/modules/mind_cultivation/test_mind_persistence.gd:82)
       [3] test_full_round_trip_preserves_mind_state (res://tests/modules/mind_cultivation/test_mind_persistence.gd:105)
       [4] _initialize (res://tests/run_tests.gd:24)
SCRIPT ERROR: Invalid call. Nonexistent function 'attach' in base 'GDScript'.
   at: _actor (res://tests/modules/mind_cultivation/test_mind_persistence.gd:13)
   GDScript backtrace (most recent call first):
       [0] _actor (res://tests/modules/mind_cultivation/test_mind_persistence.gd:13)
       [1] _winning_seed (res://tests/modules/mind_cultivation/test_mind_persistence.gd:64)
       [2] _mid_attempt (res://tests/modules/mind_cultivation/test_mind_persistence.gd:82)
       [3] test_full_round_trip_preserves_mind_state (res://tests/modules/mind_cultivation/test_mind_persistence.gd:105)
       [4] _initialize (res://tests/run_tests.gd:24)
SCRIPT ERROR: Invalid call. Nonexistent function 'path' in base 'Nil'.
   at: _prepare (res://tests/modules/mind_cultivation/test_mind_persistence.gd:30)
   GDScript backtrace (most recent call first):
       [0] _prepare (res://tests/modules/mind_cultivation/test_mind_persistence.gd:30)
       [1] _winning_seed (res://tests/modules/mind_cultivation/test_mind_persistence.gd:65)
       [2] _mid_attempt (res://tests/modules/mind_cultivation/test_mind_persistence.gd:82)
       [3] test_full_round_trip_preserves_mind_state (res://tests/modules/mind_cultivation/test_mind_persistence.gd:105)
       [4] _initialize (res://tests/run_tests.gd:24)
SCRIPT ERROR: Invalid call. Nonexistent function 'attach' in base 'GDScript'.
   at: _actor (res://tests/modules/mind_cultivation/test_mind_persistence.gd:13)
   GDScript backtrace (most recent call first):
       [0] _actor (res://tests/modules/mind_cultivation/test_mind_persistence.gd:13)
       [1] _winning_seed (res://tests/modules/mind_cultivation/test_mind_persistence.gd:64)
       [2] _mid_attempt (res://tests/modules/mind_cultivation/test_mind_persistence.gd:82)
       [3] test_full_round_trip_preserves_mind_state (res://tests/modules/mind_cultivation/test_mind_persistence.gd:105)
       [4] _initialize (res://tests/run_tests.gd:24)
SCRIPT ERROR: Invalid call. Nonexistent function 'path' in base 'Nil'.
   at: _prepare (res://tests/modules/mind_cultivation/test_mind_persistence.gd:30)
   GDScript backtrace (most recent call first):
       [0] _prepare (res://tests/modules/mind_cultivation/test_mind_persistence.gd:30)
       [1] _winning_seed (res://tests/modules/mind_cultivation/test_mind_persistence.gd:65)
       [2] _mid_attempt (res://tests/modules/mind_cultivation/test_mind_persistence.gd:82)
       [3] test_full_round_trip_preserves_mind_state (res://tests/modules/mind_cultivation/test_mind_persistence.gd:105)
       [4] _initialize (res://tests/run_tests.gd:24)
SCRIPT ERROR: Invalid call. Nonexistent function 'attach' in base 'GDScript'.
   at: _actor (res://tests/modules/mind_cultivation/test_mind_persistence.gd:13)
   GDScript backtrace (most recent call first):
       [0] _actor (res://tests/modules/mind_cultivation/test_mind_persistence.gd:13)
       [1] _winning_seed (res://tests/modules/mind_cultivation/test_mind_persistence.gd:64)
       [2] _mid_attempt (res://tests/modules/mind_cultivation/test_mind_persistence.gd:82)
       [3] test_full_round_trip_preserves_mind_state (res://tests/modules/mind_cultivation/test_mind_persistence.gd:105)
       [4] _initialize (res://tests/run_tests.gd:24)
SCRIPT ERROR: Invalid call. Nonexistent function 'path' in base 'Nil'.
   at: _prepare (res://tests/modules/mind_cultivation/test_mind_persistence.gd:30)
   GDScript backtrace (most recent call first):
       [0] _prepare (res://tests/modules/mind_cultivation/test_mind_persistence.gd:30)
       [1] _winning_seed (res://tests/modules/mind_cultivation/test_mind_persistence.gd:65)
       [2] _mid_attempt (res://tests/modules/mind_cultivation/test_mind_persistence.gd:82)
       [3] test_full_round_trip_preserves_mind_state (res://tests/modules/mind_cultivation/test_mind_persistence.gd:105)
       [4] _initialize (res://tests/run_tests.gd:24)
SCRIPT ERROR: Invalid call. Nonexistent function 'attach' in base 'GDScript'.
   at: _actor (res://tests/modules/mind_cultivation/test_mind_persistence.gd:13)
   GDScript backtrace (most recent call first):
       [0] _actor (res://tests/modules/mind_cultivation/test_mind_persistence.gd:13)
       [1] _winning_seed (res://tests/modules/mind_cultivation/test_mind_persistence.gd:64)
       [2] _mid_attempt (res://tests/modules/mind_cultivation/test_mind_persistence.gd:82)
       [3] test_full_round_trip_preserves_mind_state (res://tests/modules/mind_cultivation/test_mind_persistence.gd:105)
       [4] _initialize (res://tests/run_tests.gd:24)
SCRIPT ERROR: Invalid call. Nonexistent function 'path' in base 'Nil'.
   at: _prepare (res://tests/modules/mind_cultivation/test_mind_persistence.gd:30)
   GDScript backtrace (most recent call first):
       [0] _prepare (res://tests/modules/mind_cultivation/test_mind_persistence.gd:30)
       [1] _winning_seed (res://tests/modules/mind_cultivation/test_mind_persistence.gd:65)
       [2] _mid_attempt (res://tests/modules/mind_cultivation/test_mind_persistence.gd:82)
       [3] test_full_round_trip_preserves_mind_state (res://tests/modules/mind_cultivation/test_mind_persistence.gd:105)
       [4] _initialize (res://tests/run_tests.gd:24)
SCRIPT ERROR: Invalid call. Nonexistent function 'attach' in base 'GDScript'.
   at: _actor (res://tests/modules/mind_cultivation/test_mind_persistence.gd:13)
   GDScript backtrace (most recent call first):
       [0] _actor (res://tests/modules/mind_cultivation/test_mind_persistence.gd:13)
       [1] _winning_seed (res://tests/modules/mind_cultivation/test_mind_persistence.gd:64)
       [2] _mid_attempt (res://tests/modules/mind_cultivation/test_mind_persistence.gd:82)
       [3] test_full_round_trip_preserves_mind_state (res://tests/modules/mind_cultivation/test_mind_persistence.gd:105)
       [4] _initialize (res://tests/run_tests.gd:24)
SCRIPT ERROR: Invalid call. Nonexistent function 'path' in base 'Nil'.
   at: _prepare (res://tests/modules/mind_cultivation/test_mind_persistence.gd:30)
   GDScript backtrace (most recent call first):
       [0] _prepare (res://tests/modules/mind_cultivation/test_mind_persistence.gd:30)
       [1] _winning_seed (res://tests/modules/mind_cultivation/test_mind_persistence.gd:65)
       [2] _mid_attempt (res://tests/modules/mind_cultivation/test_mind_persistence.gd:82)
       [3] test_full_round_trip_preserves_mind_state (res://tests/modules/mind_cultivation/test_mind_persistence.gd:105)
       [4] _initialize (res://tests/run_tests.gd:24)
SCRIPT ERROR: Invalid call. Nonexistent function 'attach' in base 'GDScript'.
   at: _actor (res://tests/modules/mind_cultivation/test_mind_persistence.gd:13)
   GDScript backtrace (most recent call first):
       [0] _actor (res://tests/modules/mind_cultivation/test_mind_persistence.gd:13)
       [1] _winning_seed (res://tests/modules/mind_cultivation/test_mind_persistence.gd:64)
       [2] _mid_attempt (res://tests/modules/mind_cultivation/test_mind_persistence.gd:82)
       [3] test_full_round_trip_preserves_mind_state (res://tests/modules/mind_cultivation/test_mind_persistence.gd:105)
       [4] _initialize (res://tests/run_tests.gd:24)
SCRIPT ERROR: Invalid call. Nonexistent function 'path' in base 'Nil'.
   at: _prepare (res://tests/modules/mind_cultivation/test_mind_persistence.gd:30)
   GDScript backtrace (most recent call first):
       [0] _prepare (res://tests/modules/mind_cultivation/test_mind_persistence.gd:30)
       [1] _winning_seed (res://tests/modules/mind_cultivation/test_mind_persistence.gd:65)
       [2] _mid_attempt (res://tests/modules/mind_cultivation/test_mind_persistence.gd:82)
       [3] test_full_round_trip_preserves_mind_state (res://tests/modules/mind_cultivation/test_mind_persistence.gd:105)
       [4] _initialize (res://tests/run_tests.gd:24)
SCRIPT ERROR: Invalid call. Nonexistent function 'attach' in base 'GDScript'.
   at: _actor (res://tests/modules/mind_cultivation/test_mind_persistence.gd:13)
   GDScript backtrace (most recent call first):
       [0] _actor (res://tests/modules/mind_cultivation/test_mind_persistence.gd:13)
       [1] _winning_seed (res://tests/modules/mind_cultivation/test_mind_persistence.gd:64)
       [2] _mid_attempt (res://tests/modules/mind_cultivation/test_mind_persistence.gd:82)
       [3] test_full_round_trip_preserves_mind_state (res://tests/modules/mind_cultivation/test_mind_persistence.gd:105)
       [4] _initialize (res://tests/run_tests.gd:24)
SCRIPT ERROR: Invalid call. Nonexistent function 'path' in base 'Nil'.
   at: _prepare (res://tests/modules/mind_cultivation/test_mind_persistence.gd:30)
   GDScript backtrace (most recent call first):
       [0] _prepare (res://tests/modules/mind_cultivation/test_mind_persistence.gd:30)
       [1] _winning_seed (res://tests/modules/mind_cultivation/test_mind_persistence.gd:65)
       [2] _mid_attempt (res://tests/modules/mind_cultivation/test_mind_persistence.gd:82)
       [3] test_full_round_trip_preserves_mind_state (res://tests/modules/mind_cultivation/test_mind_persistence.gd:105)
       [4] _initialize (res://tests/run_tests.gd:24)
SCRIPT ERROR: Invalid call. Nonexistent function 'attach' in base 'GDScript'.
   at: _actor (res://tests/modules/mind_cultivation/test_mind_persistence.gd:13)
   GDScript backtrace (most recent call first):
       [0] _actor (res://tests/modules/mind_cultivation/test_mind_persistence.gd:13)
       [1] _winning_seed (res://tests/modules/mind_cultivation/test_mind_persistence.gd:64)
       [2] _mid_attempt (res://tests/modules/mind_cultivation/test_mind_persistence.gd:82)
       [3] test_full_round_trip_preserves_mind_state (res://tests/modules/mind_cultivation/test_mind_persistence.gd:105)
       [4] _initialize (res://tests/run_tests.gd:24)
SCRIPT ERROR: Invalid call. Nonexistent function 'path' in base 'Nil'.
   at: _prepare (res://tests/modules/mind_cultivation/test_mind_persistence.gd:30)
   GDScript backtrace (most recent call first):
       [0] _prepare (res://tests/modules/mind_cultivation/test_mind_persistence.gd:30)
       [1] _winning_seed (res://tests/modules/mind_cultivation/test_mind_persistence.gd:65)
       [2] _mid_attempt (res://tests/modules/mind_cultivation/test_mind_persistence.gd:82)
       [3] test_full_round_trip_preserves_mind_state (res://tests/modules/mind_cultivation/test_mind_persistence.gd:105)
       [4] _initialize (res://tests/run_tests.gd:24)
SCRIPT ERROR: Invalid call. Nonexistent function 'attach' in base 'GDScript'.
   at: _actor (res://tests/modules/mind_cultivation/test_mind_persistence.gd:13)
   GDScript backtrace (most recent call first):
       [0] _actor (res://tests/modules/mind_cultivation/test_mind_persistence.gd:13)
       [1] _winning_seed (res://tests/modules/mind_cultivation/test_mind_persistence.gd:64)
       [2] _mid_attempt (res://tests/modules/mind_cultivation/test_mind_persistence.gd:82)
       [3] test_full_round_trip_preserves_mind_state (res://tests/modules/mind_cultivation/test_mind_persistence.gd:105)
       [4] _initialize (res://tests/run_tests.gd:24)
SCRIPT ERROR: Invalid call. Nonexistent function 'path' in base 'Nil'.
   at: _prepare (res://tests/modules/mind_cultivation/test_mind_persistence.gd:30)
   GDScript backtrace (most recent call first):
       [0] _prepare (res://tests/modules/mind_cultivation/test_mind_persistence.gd:30)
       [1] _winning_seed (res://tests/modules/mind_cultivation/test_mind_persistence.gd:65)
       [2] _mid_attempt (res://tests/modules/mind_cultivation/test_mind_persistence.gd:82)
       [3] test_full_round_trip_preserves_mind_state (res://tests/modules/mind_cultivation/test_mind_persistence.gd:105)
       [4] _initialize (res://tests/run_tests.gd:24)
SCRIPT ERROR: Invalid call. Nonexistent function 'attach' in base 'GDScript'.
   at: _actor (res://tests/modules/mind_cultivation/test_mind_persistence.gd:13)
   GDScript backtrace (most recent call first):
       [0] _actor (res://tests/modules/mind_cultivation/test_mind_persistence.gd:13)
       [1] _winning_seed (res://tests/modules/mind_cultivation/test_mind_persistence.gd:64)
       [2] _mid_attempt (res://tests/modules/mind_cultivation/test_mind_persistence.gd:82)
       [3] test_full_round_trip_preserves_mind_state (res://tests/modules/mind_cultivation/test_mind_persistence.gd:105)
       [4] _initialize (res://tests/run_tests.gd:24)
SCRIPT ERROR: Invalid call. Nonexistent function 'path' in base 'Nil'.
   at: _prepare (res://tests/modules/mind_cultivation/test_mind_persistence.gd:30)
   GDScript backtrace (most recent call first):
       [0] _prepare (res://tests/modules/mind_cultivation/test_mind_persistence.gd:30)
       [1] _winning_seed (res://tests/modules/mind_cultivation/test_mind_persistence.gd:65)
       [2] _mid_attempt (res://tests/modules/mind_cultivation/test_mind_persistence.gd:82)
       [3] test_full_round_trip_preserves_mind_state (res://tests/modules/mind_cultivation/test_mind_persistence.gd:105)
       [4] _initialize (res://tests/run_tests.gd:24)
SCRIPT ERROR: Invalid call. Nonexistent function 'attach' in base 'GDScript'.
   at: _actor (res://tests/modules/mind_cultivation/test_mind_persistence.gd:13)
   GDScript backtrace (most recent call first):
       [0] _actor (res://tests/modules/mind_cultivation/test_mind_persistence.gd:13)
       [1] _winning_seed (res://tests/modules/mind_cultivation/test_mind_persistence.gd:64)
       [2] _mid_attempt (res://tests/modules/mind_cultivation/test_mind_persistence.gd:82)
       [3] test_full_round_trip_preserves_mind_state (res://tests/modules/mind_cultivation/test_mind_persistence.gd:105)
       [4] _initialize (res://tests/run_tests.gd:24)
SCRIPT ERROR: Invalid call. Nonexistent function 'path' in base 'Nil'.
   at: _prepare (res://tests/modules/mind_cultivation/test_mind_persistence.gd:30)
   GDScript backtrace (most recent call first):
       [0] _prepare (res://tests/modules/mind_cultivation/test_mind_persistence.gd:30)
       [1] _winning_seed (res://tests/modules/mind_cultivation/test_mind_persistence.gd:65)
       [2] _mid_attempt (res://tests/modules/mind_cultivation/test_mind_persistence.gd:82)
       [3] test_full_round_trip_preserves_mind_state (res://tests/modules/mind_cultivation/test_mind_persistence.gd:105)
       [4] _initialize (res://tests/run_tests.gd:24)
SCRIPT ERROR: Invalid call. Nonexistent function 'attach' in base 'GDScript'.
   at: _actor (res://tests/modules/mind_cultivation/test_mind_persistence.gd:13)
   GDScript backtrace (most recent call first):
       [0] _actor (res://tests/modules/mind_cultivation/test_mind_persistence.gd:13)
       [1] _winning_seed (res://tests/modules/mind_cultivation/test_mind_persistence.gd:64)
       [2] _mid_attempt (res://tests/modules/mind_cultivation/test_mind_persistence.gd:82)
       [3] test_full_round_trip_preserves_mind_state (res://tests/modules/mind_cultivation/test_mind_persistence.gd:105)
       [4] _initialize (res://tests/run_tests.gd:24)
SCRIPT ERROR: Invalid call. Nonexistent function 'path' in base 'Nil'.
   at: _prepare (res://tests/modules/mind_cultivation/test_mind_persistence.gd:30)
   GDScript backtrace (most recent call first):
       [0] _prepare (res://tests/modules/mind_cultivation/test_mind_persistence.gd:30)
       [1] _winning_seed (res://tests/modules/mind_cultivation/test_mind_persistence.gd:65)
       [2] _mid_attempt (res://tests/modules/mind_cultivation/test_mind_persistence.gd:82)
       [3] test_full_round_trip_preserves_mind_state (res://tests/modules/mind_cultivation/test_mind_persistence.gd:105)
       [4] _initialize (res://tests/run_tests.gd:24)
SCRIPT ERROR: Invalid call. Nonexistent function 'attach' in base 'GDScript'.
   at: _actor (res://tests/modules/mind_cultivation/test_mind_persistence.gd:13)
   GDScript backtrace (most recent call first):
       [0] _actor (res://tests/modules/mind_cultivation/test_mind_persistence.gd:13)
       [1] _winning_seed (res://tests/modules/mind_cultivation/test_mind_persistence.gd:64)
       [2] _mid_attempt (res://tests/modules/mind_cultivation/test_mind_persistence.gd:82)
       [3] test_full_round_trip_preserves_mind_state (res://tests/modules/mind_cultivation/test_mind_persistence.gd:105)
       [4] _initialize (res://tests/run_tests.gd:24)
SCRIPT ERROR: Invalid call. Nonexistent function 'path' in base 'Nil'.
   at: _prepare (res://tests/modules/mind_cultivation/test_mind_persistence.gd:30)
   GDScript backtrace (most recent call first):
       [0] _prepare (res://tests/modules/mind_cultivation/test_mind_persistence.gd:30)
       [1] _winning_seed (res://tests/modules/mind_cultivation/test_mind_persistence.gd:65)
       [2] _mid_attempt (res://tests/modules/mind_cultivation/test_mind_persistence.gd:82)
       [3] test_full_round_trip_preserves_mind_state (res://tests/modules/mind_cultivation/test_mind_persistence.gd:105)
       [4] _initialize (res://tests/run_tests.gd:24)
SCRIPT ERROR: Invalid call. Nonexistent function 'attach' in base 'GDScript'.
   at: _actor (res://tests/modules/mind_cultivation/test_mind_persistence.gd:13)
   GDScript backtrace (most recent call first):
       [0] _actor (res://tests/modules/mind_cultivation/test_mind_persistence.gd:13)
       [1] _winning_seed (res://tests/modules/mind_cultivation/test_mind_persistence.gd:64)
       [2] _mid_attempt (res://tests/modules/mind_cultivation/test_mind_persistence.gd:82)
       [3] test_full_round_trip_preserves_mind_state (res://tests/modules/mind_cultivation/test_mind_persistence.gd:105)
       [4] _initialize (res://tests/run_tests.gd:24)
SCRIPT ERROR: Invalid call. Nonexistent function 'path' in base 'Nil'.
   at: _prepare (res://tests/modules/mind_cultivation/test_mind_persistence.gd:30)
   GDScript backtrace (most recent call first):
       [0] _prepare (res://tests/modules/mind_cultivation/test_mind_persistence.gd:30)
       [1] _winning_seed (res://tests/modules/mind_cultivation/test_mind_persistence.gd:65)
       [2] _mid_attempt (res://tests/modules/mind_cultivation/test_mind_persistence.gd:82)
       [3] test_full_round_trip_preserves_mind_state (res://tests/modules/mind_cultivation/test_mind_persistence.gd:105)
       [4] _initialize (res://tests/run_tests.gd:24)
SCRIPT ERROR: Invalid call. Nonexistent function 'attach' in base 'GDScript'.
   at: _actor (res://tests/modules/mind_cultivation/test_mind_persistence.gd:13)
   GDScript backtrace (most recent call first):
       [0] _actor (res://tests/modules/mind_cultivation/test_mind_persistence.gd:13)
       [1] _winning_seed (res://tests/modules/mind_cultivation/test_mind_persistence.gd:64)
       [2] _mid_attempt (res://tests/modules/mind_cultivation/test_mind_persistence.gd:82)
       [3] test_full_round_trip_preserves_mind_state (res://tests/modules/mind_cultivation/test_mind_persistence.gd:105)
       [4] _initialize (res://tests/run_tests.gd:24)
SCRIPT ERROR: Invalid call. Nonexistent function 'path' in base 'Nil'.
   at: _prepare (res://tests/modules/mind_cultivation/test_mind_persistence.gd:30)
   GDScript backtrace (most recent call first):
       [0] _prepare (res://tests/modules/mind_cultivation/test_mind_persistence.gd:30)
       [1] _winning_seed (res://tests/modules/mind_cultivation/test_mind_persistence.gd:65)
       [2] _mid_attempt (res://tests/modules/mind_cultivation/test_mind_persistence.gd:82)
       [3] test_full_round_trip_preserves_mind_state (res://tests/modules/mind_cultivation/test_mind_persistence.gd:105)
       [4] _initialize (res://tests/run_tests.gd:24)
SCRIPT ERROR: Invalid call. Nonexistent function 'attach' in base 'GDScript'.
   at: _actor (res://tests/modules/mind_cultivation/test_mind_persistence.gd:13)
   GDScript backtrace (most recent call first):
       [0] _actor (res://tests/modules/mind_cultivation/test_mind_persistence.gd:13)
       [1] _winning_seed (res://tests/modules/mind_cultivation/test_mind_persistence.gd:64)
       [2] _mid_attempt (res://tests/modules/mind_cultivation/test_mind_persistence.gd:82)
       [3] test_full_round_trip_preserves_mind_state (res://tests/modules/mind_cultivation/test_mind_persistence.gd:105)
       [4] _initialize (res://tests/run_tests.gd:24)
SCRIPT ERROR: Invalid call. Nonexistent function 'path' in base 'Nil'.
   at: _prepare (res://tests/modules/mind_cultivation/test_mind_persistence.gd:30)
   GDScript backtrace (most recent call first):
       [0] _prepare (res://tests/modules/mind_cultivation/test_mind_persistence.gd:30)
       [1] _winning_seed (res://tests/modules/mind_cultivation/test_mind_persistence.gd:65)
       [2] _mid_attempt (res://tests/modules/mind_cultivation/test_mind_persistence.gd:82)
       [3] test_full_round_trip_preserves_mind_state (res://tests/modules/mind_cultivation/test_mind_persistence.gd:105)
       [4] _initialize (res://tests/run_tests.gd:24)
SCRIPT ERROR: Invalid call. Nonexistent function 'attach' in base 'GDScript'.
   at: _actor (res://tests/modules/mind_cultivation/test_mind_persistence.gd:13)
   GDScript backtrace (most recent call first):
       [0] _actor (res://tests/modules/mind_cultivation/test_mind_persistence.gd:13)
       [1] _winning_seed (res://tests/modules/mind_cultivation/test_mind_persistence.gd:64)
       [2] _mid_attempt (res://tests/modules/mind_cultivation/test_mind_persistence.gd:82)
       [3] test_full_round_trip_preserves_mind_state (res://tests/modules/mind_cultivation/test_mind_persistence.gd:105)
       [4] _initialize (res://tests/run_tests.gd:24)
SCRIPT ERROR: Invalid call. Nonexistent function 'path' in base 'Nil'.
   at: _prepare (res://tests/modules/mind_cultivation/test_mind_persistence.gd:30)
   GDScript backtrace (most recent call first):
       [0] _prepare (res://tests/modules/mind_cultivation/test_mind_persistence.gd:30)
       [1] _winning_seed (res://tests/modules/mind_cultivation/test_mind_persistence.gd:65)
       [2] _mid_attempt (res://tests/modules/mind_cultivation/test_mind_persistence.gd:82)
       [3] test_full_round_trip_preserves_mind_state (res://tests/modules/mind_cultivation/test_mind_persistence.gd:105)
       [4] _initialize (res://tests/run_tests.gd:24)
SCRIPT ERROR: Invalid call. Nonexistent function 'attach' in base 'GDScript'.
   at: _actor (res://tests/modules/mind_cultivation/test_mind_persistence.gd:13)
   GDScript backtrace (most recent call first):
       [0] _actor (res://tests/modules/mind_cultivation/test_mind_persistence.gd:13)
       [1] _winning_seed (res://tests/modules/mind_cultivation/test_mind_persistence.gd:64)
       [2] _mid_attempt (res://tests/modules/mind_cultivation/test_mind_persistence.gd:82)
       [3] test_full_round_trip_preserves_mind_state (res://tests/modules/mind_cultivation/test_mind_persistence.gd:105)
       [4] _initialize (res://tests/run_tests.gd:24)
SCRIPT ERROR: Invalid call. Nonexistent function 'path' in base 'Nil'.
   at: _prepare (res://tests/modules/mind_cultivation/test_mind_persistence.gd:30)
   GDScript backtrace (most recent call first):
       [0] _prepare (res://tests/modules/mind_cultivation/test_mind_persistence.gd:30)
       [1] _winning_seed (res://tests/modules/mind_cultivation/test_mind_persistence.gd:65)
       [2] _mid_attempt (res://tests/modules/mind_cultivation/test_mind_persistence.gd:82)
       [3] test_full_round_trip_preserves_mind_state (res://tests/modules/mind_cultivation/test_mind_persistence.gd:105)
       [4] _initialize (res://tests/run_tests.gd:24)
SCRIPT ERROR: Invalid call. Nonexistent function 'attach' in base 'GDScript'.
   at: _actor (res://tests/modules/mind_cultivation/test_mind_persistence.gd:13)
   GDScript backtrace (most recent call first):
       [0] _actor (res://tests/modules/mind_cultivation/test_mind_persistence.gd:13)
       [1] _winning_seed (res://tests/modules/mind_cultivation/test_mind_persistence.gd:64)
       [2] _mid_attempt (res://tests/modules/mind_cultivation/test_mind_persistence.gd:82)
       [3] test_full_round_trip_preserves_mind_state (res://tests/modules/mind_cultivation/test_mind_persistence.gd:105)
       [4] _initialize (res://tests/run_tests.gd:24)
SCRIPT ERROR: Invalid call. Nonexistent function 'path' in base 'Nil'.
   at: _prepare (res://tests/modules/mind_cultivation/test_mind_persistence.gd:30)
   GDScript backtrace (most recent call first):
       [0] _prepare (res://tests/modules/mind_cultivation/test_mind_persistence.gd:30)
       [1] _winning_seed (res://tests/modules/mind_cultivation/test_mind_persistence.gd:65)
       [2] _mid_attempt (res://tests/modules/mind_cultivation/test_mind_persistence.gd:82)
       [3] test_full_round_trip_preserves_mind_state (res://tests/modules/mind_cultivation/test_mind_persistence.gd:105)
       [4] _initialize (res://tests/run_tests.gd:24)
SCRIPT ERROR: Invalid call. Nonexistent function 'attach' in base 'GDScript'.
   at: _actor (res://tests/modules/mind_cultivation/test_mind_persistence.gd:13)
   GDScript backtrace (most recent call first):
       [0] _actor (res://tests/modules/mind_cultivation/test_mind_persistence.gd:13)
       [1] _winning_seed (res://tests/modules/mind_cultivation/test_mind_persistence.gd:64)
       [2] _mid_attempt (res://tests/modules/mind_cultivation/test_mind_persistence.gd:82)
       [3] test_full_round_trip_preserves_mind_state (res://tests/modules/mind_cultivation/test_mind_persistence.gd:105)
       [4] _initialize (res://tests/run_tests.gd:24)
SCRIPT ERROR: Invalid call. Nonexistent function 'path' in base 'Nil'.
   at: _prepare (res://tests/modules/mind_cultivation/test_mind_persistence.gd:30)
   GDScript backtrace (most recent call first):
       [0] _prepare (res://tests/modules/mind_cultivation/test_mind_persistence.gd:30)
       [1] _winning_seed (res://tests/modules/mind_cultivation/test_mind_persistence.gd:65)
       [2] _mid_attempt (res://tests/modules/mind_cultivation/test_mind_persistence.gd:82)
       [3] test_full_round_trip_preserves_mind_state (res://tests/modules/mind_cultivation/test_mind_persistence.gd:105)
       [4] _initialize (res://tests/run_tests.gd:24)
SCRIPT ERROR: Invalid call. Nonexistent function 'attach' in base 'GDScript'.
   at: _actor (res://tests/modules/mind_cultivation/test_mind_persistence.gd:13)
   GDScript backtrace (most recent call first):
       [0] _actor (res://tests/modules/mind_cultivation/test_mind_persistence.gd:13)
       [1] _winning_seed (res://tests/modules/mind_cultivation/test_mind_persistence.gd:64)
       [2] _mid_attempt (res://tests/modules/mind_cultivation/test_mind_persistence.gd:82)
       [3] test_full_round_trip_preserves_mind_state (res://tests/modules/mind_cultivation/test_mind_persistence.gd:105)
       [4] _initialize (res://tests/run_tests.gd:24)
SCRIPT ERROR: Invalid call. Nonexistent function 'path' in base 'Nil'.
   at: _prepare (res://tests/modules/mind_cultivation/test_mind_persistence.gd:30)
   GDScript backtrace (most recent call first):
       [0] _prepare (res://tests/modules/mind_cultivation/test_mind_persistence.gd:30)
       [1] _winning_seed (res://tests/modules/mind_cultivation/test_mind_persistence.gd:65)
       [2] _mid_attempt (res://tests/modules/mind_cultivation/test_mind_persistence.gd:82)
       [3] test_full_round_trip_preserves_mind_state (res://tests/modules/mind_cultivation/test_mind_persistence.gd:105)
       [4] _initialize (res://tests/run_tests.gd:24)
SCRIPT ERROR: Invalid call. Nonexistent function 'attach' in base 'GDScript'.
   at: _actor (res://tests/modules/mind_cultivation/test_mind_persistence.gd:13)
   GDScript backtrace (most recent call first):
       [0] _actor (res://tests/modules/mind_cultivation/test_mind_persistence.gd:13)
       [1] _winning_seed (res://tests/modules/mind_cultivation/test_mind_persistence.gd:64)
       [2] _mid_attempt (res://tests/modules/mind_cultivation/test_mind_persistence.gd:82)
       [3] test_full_round_trip_preserves_mind_state (res://tests/modules/mind_cultivation/test_mind_persistence.gd:105)
       [4] _initialize (res://tests/run_tests.gd:24)
SCRIPT ERROR: Invalid call. Nonexistent function 'path' in base 'Nil'.
   at: _prepare (res://tests/modules/mind_cultivation/test_mind_persistence.gd:30)
   GDScript backtrace (most recent call first):
       [0] _prepare (res://tests/modules/mind_cultivation/test_mind_persistence.gd:30)
       [1] _winning_seed (res://tests/modules/mind_cultivation/test_mind_persistence.gd:65)
       [2] _mid_attempt (res://tests/modules/mind_cultivation/test_mind_persistence.gd:82)
       [3] test_full_round_trip_preserves_mind_state (res://tests/modules/mind_cultivation/test_mind_persistence.gd:105)
       [4] _initialize (res://tests/run_tests.gd:24)
SCRIPT ERROR: Invalid call. Nonexistent function 'attach' in base 'GDScript'.
   at: _actor (res://tests/modules/mind_cultivation/test_mind_persistence.gd:13)
   GDScript backtrace (most recent call first):
       [0] _actor (res://tests/modules/mind_cultivation/test_mind_persistence.gd:13)
       [1] _winning_seed (res://tests/modules/mind_cultivation/test_mind_persistence.gd:64)
       [2] _mid_attempt (res://tests/modules/mind_cultivation/test_mind_persistence.gd:82)
       [3] test_full_round_trip_preserves_mind_state (res://tests/modules/mind_cultivation/test_mind_persistence.gd:105)
       [4] _initialize (res://tests/run_tests.gd:24)
SCRIPT ERROR: Invalid call. Nonexistent function 'path' in base 'Nil'.
   at: _prepare (res://tests/modules/mind_cultivation/test_mind_persistence.gd:30)
   GDScript backtrace (most recent call first):
       [0] _prepare (res://tests/modules/mind_cultivation/test_mind_persistence.gd:30)
       [1] _winning_seed (res://tests/modules/mind_cultivation/test_mind_persistence.gd:65)
       [2] _mid_attempt (res://tests/modules/mind_cultivation/test_mind_persistence.gd:82)
       [3] test_full_round_trip_preserves_mind_state (res://tests/modules/mind_cultivation/test_mind_persistence.gd:105)
       [4] _initialize (res://tests/run_tests.gd:24)
SCRIPT ERROR: Invalid call. Nonexistent function 'attach' in base 'GDScript'.
   at: _actor (res://tests/modules/mind_cultivation/test_mind_persistence.gd:13)
   GDScript backtrace (most recent call first):
       [0] _actor (res://tests/modules/mind_cultivation/test_mind_persistence.gd:13)
       [1] _winning_seed (res://tests/modules/mind_cultivation/test_mind_persistence.gd:64)
       [2] _mid_attempt (res://tests/modules/mind_cultivation/test_mind_persistence.gd:82)
       [3] test_full_round_trip_preserves_mind_state (res://tests/modules/mind_cultivation/test_mind_persistence.gd:105)
       [4] _initialize (res://tests/run_tests.gd:24)
SCRIPT ERROR: Invalid call. Nonexistent function 'path' in base 'Nil'.
   at: _prepare (res://tests/modules/mind_cultivation/test_mind_persistence.gd:30)
   GDScript backtrace (most recent call first):
       [0] _prepare (res://tests/modules/mind_cultivation/test_mind_persistence.gd:30)
       [1] _winning_seed (res://tests/modules/mind_cultivation/test_mind_persistence.gd:65)
       [2] _mid_attempt (res://tests/modules/mind_cultivation/test_mind_persistence.gd:82)
       [3] test_full_round_trip_preserves_mind_state (res://tests/modules/mind_cultivation/test_mind_persistence.gd:105)
       [4] _initialize (res://tests/run_tests.gd:24)
SCRIPT ERROR: Invalid call. Nonexistent function 'attach' in base 'GDScript'.
   at: _actor (res://tests/modules/mind_cultivation/test_mind_persistence.gd:13)
   GDScript backtrace (most recent call first):
       [0] _actor (res://tests/modules/mind_cultivation/test_mind_persistence.gd:13)
       [1] _winning_seed (res://tests/modules/mind_cultivation/test_mind_persistence.gd:64)
       [2] _mid_attempt (res://tests/modules/mind_cultivation/test_mind_persistence.gd:82)
       [3] test_full_round_trip_preserves_mind_state (res://tests/modules/mind_cultivation/test_mind_persistence.gd:105)
       [4] _initialize (res://tests/run_tests.gd:24)
SCRIPT ERROR: Invalid call. Nonexistent function 'path' in base 'Nil'.
   at: _prepare (res://tests/modules/mind_cultivation/test_mind_persistence.gd:30)
   GDScript backtrace (most recent call first):
       [0] _prepare (res://tests/modules/mind_cultivation/test_mind_persistence.gd:30)
       [1] _winning_seed (res://tests/modules/mind_cultivation/test_mind_persistence.gd:65)
       [2] _mid_attempt (res://tests/modules/mind_cultivation/test_mind_persistence.gd:82)
       [3] test_full_round_trip_preserves_mind_state (res://tests/modules/mind_cultivation/test_mind_persistence.gd:105)
       [4] _initialize (res://tests/run_tests.gd:24)
SCRIPT ERROR: Invalid call. Nonexistent function 'attach' in base 'GDScript'.
   at: _actor (res://tests/modules/mind_cultivation/test_mind_persistence.gd:13)
   GDScript backtrace (most recent call first):
       [0] _actor (res://tests/modules/mind_cultivation/test_mind_persistence.gd:13)
       [1] _winning_seed (res://tests/modules/mind_cultivation/test_mind_persistence.gd:64)
       [2] _mid_attempt (res://tests/modules/mind_cultivation/test_mind_persistence.gd:82)
       [3] test_full_round_trip_preserves_mind_state (res://tests/modules/mind_cultivation/test_mind_persistence.gd:105)
       [4] _initialize (res://tests/run_tests.gd:24)
SCRIPT ERROR: Invalid call. Nonexistent function 'path' in base 'Nil'.
   at: _prepare (res://tests/modules/mind_cultivation/test_mind_persistence.gd:30)
   GDScript backtrace (most recent call first):
       [0] _prepare (res://tests/modules/mind_cultivation/test_mind_persistence.gd:30)
       [1] _winning_seed (res://tests/modules/mind_cultivation/test_mind_persistence.gd:65)
       [2] _mid_attempt (res://tests/modules/mind_cultivation/test_mind_persistence.gd:82)
       [3] test_full_round_trip_preserves_mind_state (res://tests/modules/mind_cultivation/test_mind_persistence.gd:105)
       [4] _initialize (res://tests/run_tests.gd:24)
SCRIPT ERROR: Invalid call. Nonexistent function 'attach' in base 'GDScript'.
   at: _actor (res://tests/modules/mind_cultivation/test_mind_persistence.gd:13)
   GDScript backtrace (most recent call first):
       [0] _actor (res://tests/modules/mind_cultivation/test_mind_persistence.gd:13)
       [1] _winning_seed (res://tests/modules/mind_cultivation/test_mind_persistence.gd:64)
       [2] _mid_attempt (res://tests/modules/mind_cultivation/test_mind_persistence.gd:82)
       [3] test_full_round_trip_preserves_mind_state (res://tests/modules/mind_cultivation/test_mind_persistence.gd:105)
       [4] _initialize (res://tests/run_tests.gd:24)
SCRIPT ERROR: Invalid call. Nonexistent function 'path' in base 'Nil'.
   at: _prepare (res://tests/modules/mind_cultivation/test_mind_persistence.gd:30)
   GDScript backtrace (most recent call first):
       [0] _prepare (res://tests/modules/mind_cultivation/test_mind_persistence.gd:30)
       [1] _winning_seed (res://tests/modules/mind_cultivation/test_mind_persistence.gd:65)
       [2] _mid_attempt (res://tests/modules/mind_cultivation/test_mind_persistence.gd:82)
       [3] test_full_round_trip_preserves_mind_state (res://tests/modules/mind_cultivation/test_mind_persistence.gd:105)
       [4] _initialize (res://tests/run_tests.gd:24)
SCRIPT ERROR: Invalid call. Nonexistent function 'attach' in base 'GDScript'.
   at: _actor (res://tests/modules/mind_cultivation/test_mind_persistence.gd:13)
   GDScript backtrace (most recent call first):
       [0] _actor (res://tests/modules/mind_cultivation/test_mind_persistence.gd:13)
       [1] _winning_seed (res://tests/modules/mind_cultivation/test_mind_persistence.gd:64)
       [2] _mid_attempt (res://tests/modules/mind_cultivation/test_mind_persistence.gd:82)
       [3] test_full_round_trip_preserves_mind_state (res://tests/modules/mind_cultivation/test_mind_persistence.gd:105)
       [4] _initialize (res://tests/run_tests.gd:24)
SCRIPT ERROR: Invalid call. Nonexistent function 'path' in base 'Nil'.
   at: _prepare (res://tests/modules/mind_cultivation/test_mind_persistence.gd:30)
   GDScript backtrace (most recent call first):
       [0] _prepare (res://tests/modules/mind_cultivation/test_mind_persistence.gd:30)
       [1] _winning_seed (res://tests/modules/mind_cultivation/test_mind_persistence.gd:65)
       [2] _mid_attempt (res://tests/modules/mind_cultivation/test_mind_persistence.gd:82)
       [3] test_full_round_trip_preserves_mind_state (res://tests/modules/mind_cultivation/test_mind_persistence.gd:105)
       [4] _initialize (res://tests/run_tests.gd:24)
SCRIPT ERROR: Invalid call. Nonexistent function 'attach' in base 'GDScript'.
   at: _actor (res://tests/modules/mind_cultivation/test_mind_persistence.gd:13)
   GDScript backtrace (most recent call first):
       [0] _actor (res://tests/modules/mind_cultivation/test_mind_persistence.gd:13)
       [1] _winning_seed (res://tests/modules/mind_cultivation/test_mind_persistence.gd:64)
       [2] _mid_attempt (res://tests/modules/mind_cultivation/test_mind_persistence.gd:82)
       [3] test_full_round_trip_preserves_mind_state (res://tests/modules/mind_cultivation/test_mind_persistence.gd:105)
       [4] _initialize (res://tests/run_tests.gd:24)
SCRIPT ERROR: Invalid call. Nonexistent function 'path' in base 'Nil'.
   at: _prepare (res://tests/modules/mind_cultivation/test_mind_persistence.gd:30)
   GDScript backtrace (most recent call first):
       [0] _prepare (res://tests/modules/mind_cultivation/test_mind_persistence.gd:30)
       [1] _winning_seed (res://tests/modules/mind_cultivation/test_mind_persistence.gd:65)
       [2] _mid_attempt (res://tests/modules/mind_cultivation/test_mind_persistence.gd:82)
       [3] test_full_round_trip_preserves_mind_state (res://tests/modules/mind_cultivation/test_mind_persistence.gd:105)
       [4] _initialize (res://tests/run_tests.gd:24)
SCRIPT ERROR: Invalid call. Nonexistent function 'attach' in base 'GDScript'.
   at: _actor (res://tests/modules/mind_cultivation/test_mind_persistence.gd:13)
   GDScript backtrace (most recent call first):
       [0] _actor (res://tests/modules/mind_cultivation/test_mind_persistence.gd:13)
       [1] _winning_seed (res://tests/modules/mind_cultivation/test_mind_persistence.gd:64)
       [2] _mid_attempt (res://tests/modules/mind_cultivation/test_mind_persistence.gd:82)
       [3] test_full_round_trip_preserves_mind_state (res://tests/modules/mind_cultivation/test_mind_persistence.gd:105)
       [4] _initialize (res://tests/run_tests.gd:24)
SCRIPT ERROR: Invalid call. Nonexistent function 'path' in base 'Nil'.
   at: _prepare (res://tests/modules/mind_cultivation/test_mind_persistence.gd:30)
   GDScript backtrace (most recent call first):
       [0] _prepare (res://tests/modules/mind_cultivation/test_mind_persistence.gd:30)
       [1] _winning_seed (res://tests/modules/mind_cultivation/test_mind_persistence.gd:65)
       [2] _mid_attempt (res://tests/modules/mind_cultivation/test_mind_persistence.gd:82)
       [3] test_full_round_trip_preserves_mind_state (res://tests/modules/mind_cultivation/test_mind_persistence.gd:105)
       [4] _initialize (res://tests/run_tests.gd:24)
SCRIPT ERROR: Invalid call. Nonexistent function 'attach' in base 'GDScript'.
   at: _actor (res://tests/modules/mind_cultivation/test_mind_persistence.gd:13)
   GDScript backtrace (most recent call first):
       [0] _actor (res://tests/modules/mind_cultivation/test_mind_persistence.gd:13)
       [1] _winning_seed (res://tests/modules/mind_cultivation/test_mind_persistence.gd:64)
       [2] _mid_attempt (res://tests/modules/mind_cultivation/test_mind_persistence.gd:82)
       [3] test_full_round_trip_preserves_mind_state (res://tests/modules/mind_cultivation/test_mind_persistence.gd:105)
       [4] _initialize (res://tests/run_tests.gd:24)
SCRIPT ERROR: Invalid call. Nonexistent function 'path' in base 'Nil'.
   at: _prepare (res://tests/modules/mind_cultivation/test_mind_persistence.gd:30)
   GDScript backtrace (most recent call first):
       [0] _prepare (res://tests/modules/mind_cultivation/test_mind_persistence.gd:30)
       [1] _winning_seed (res://tests/modules/mind_cultivation/test_mind_persistence.gd:65)
       [2] _mid_attempt (res://tests/modules/mind_cultivation/test_mind_persistence.gd:82)
       [3] test_full_round_trip_preserves_mind_state (res://tests/modules/mind_cultivation/test_mind_persistence.gd:105)
       [4] _initialize (res://tests/run_tests.gd:24)
SCRIPT ERROR: Invalid call. Nonexistent function 'attach' in base 'GDScript'.
   at: _actor (res://tests/modules/mind_cultivation/test_mind_persistence.gd:13)
   GDScript backtrace (most recent call first):
       [0] _actor (res://tests/modules/mind_cultivation/test_mind_persistence.gd:13)
       [1] _winning_seed (res://tests/modules/mind_cultivation/test_mind_persistence.gd:64)
       [2] _mid_attempt (res://tests/modules/mind_cultivation/test_mind_persistence.gd:82)
       [3] test_full_round_trip_preserves_mind_state (res://tests/modules/mind_cultivation/test_mind_persistence.gd:105)
       [4] _initialize (res://tests/run_tests.gd:24)
SCRIPT ERROR: Invalid call. Nonexistent function 'path' in base 'Nil'.
   at: _prepare (res://tests/modules/mind_cultivation/test_mind_persistence.gd:30)
   GDScript backtrace (most recent call first):
       [0] _prepare (res://tests/modules/mind_cultivation/test_mind_persistence.gd:30)
       [1] _winning_seed (res://tests/modules/mind_cultivation/test_mind_persistence.gd:65)
       [2] _mid_attempt (res://tests/modules/mind_cultivation/test_mind_persistence.gd:82)
       [3] test_full_round_trip_preserves_mind_state (res://tests/modules/mind_cultivation/test_mind_persistence.gd:105)
       [4] _initialize (res://tests/run_tests.gd:24)
SCRIPT ERROR: Invalid call. Nonexistent function 'attach' in base 'GDScript'.
   at: _actor (res://tests/modules/mind_cultivation/test_mind_persistence.gd:13)
   GDScript backtrace (most recent call first):
       [0] _actor (res://tests/modules/mind_cultivation/test_mind_persistence.gd:13)
       [1] _winning_seed (res://tests/modules/mind_cultivation/test_mind_persistence.gd:64)
       [2] _mid_attempt (res://tests/modules/mind_cultivation/test_mind_persistence.gd:82)
       [3] test_full_round_trip_preserves_mind_state (res://tests/modules/mind_cultivation/test_mind_persistence.gd:105)
       [4] _initialize (res://tests/run_tests.gd:24)
SCRIPT ERROR: Invalid call. Nonexistent function 'path' in base 'Nil'.
   at: _prepare (res://tests/modules/mind_cultivation/test_mind_persistence.gd:30)
   GDScript backtrace (most recent call first):
       [0] _prepare (res://tests/modules/mind_cultivation/test_mind_persistence.gd:30)
       [1] _winning_seed (res://tests/modules/mind_cultivation/test_mind_persistence.gd:65)
       [2] _mid_attempt (res://tests/modules/mind_cultivation/test_mind_persistence.gd:82)
       [3] test_full_round_trip_preserves_mind_state (res://tests/modules/mind_cultivation/test_mind_persistence.gd:105)
       [4] _initialize (res://tests/run_tests.gd:24)
SCRIPT ERROR: Invalid call. Nonexistent function 'attach' in base 'GDScript'.
   at: _actor (res://tests/modules/mind_cultivation/test_mind_persistence.gd:13)
   GDScript backtrace (most recent call first):
       [0] _actor (res://tests/modules/mind_cultivation/test_mind_persistence.gd:13)
       [1] _winning_seed (res://tests/modules/mind_cultivation/test_mind_persistence.gd:64)
       [2] _mid_attempt (res://tests/modules/mind_cultivation/test_mind_persistence.gd:82)
       [3] test_full_round_trip_preserves_mind_state (res://tests/modules/mind_cultivation/test_mind_persistence.gd:105)
       [4] _initialize (res://tests/run_tests.gd:24)
SCRIPT ERROR: Invalid call. Nonexistent function 'path' in base 'Nil'.
   at: _prepare (res://tests/modules/mind_cultivation/test_mind_persistence.gd:30)
   GDScript backtrace (most recent call first):
       [0] _prepare (res://tests/modules/mind_cultivation/test_mind_persistence.gd:30)
       [1] _winning_seed (res://tests/modules/mind_cultivation/test_mind_persistence.gd:65)
       [2] _mid_attempt (res://tests/modules/mind_cultivation/test_mind_persistence.gd:82)
       [3] test_full_round_trip_preserves_mind_state (res://tests/modules/mind_cultivation/test_mind_persistence.gd:105)
       [4] _initialize (res://tests/run_tests.gd:24)
SCRIPT ERROR: Invalid call. Nonexistent function 'attach' in base 'GDScript'.
   at: _actor (res://tests/modules/mind_cultivation/test_mind_persistence.gd:13)
   GDScript backtrace (most recent call first):
       [0] _actor (res://tests/modules/mind_cultivation/test_mind_persistence.gd:13)
       [1] _winning_seed (res://tests/modules/mind_cultivation/test_mind_persistence.gd:64)
       [2] _mid_attempt (res://tests/modules/mind_cultivation/test_mind_persistence.gd:82)
       [3] test_full_round_trip_preserves_mind_state (res://tests/modules/mind_cultivation/test_mind_persistence.gd:105)
       [4] _initialize (res://tests/run_tests.gd:24)
SCRIPT ERROR: Invalid call. Nonexistent function 'path' in base 'Nil'.
   at: _prepare (res://tests/modules/mind_cultivation/test_mind_persistence.gd:30)
   GDScript backtrace (most recent call first):
       [0] _prepare (res://tests/modules/mind_cultivation/test_mind_persistence.gd:30)
       [1] _winning_seed (res://tests/modules/mind_cultivation/test_mind_persistence.gd:65)
       [2] _mid_attempt (res://tests/modules/mind_cultivation/test_mind_persistence.gd:82)
       [3] test_full_round_trip_preserves_mind_state (res://tests/modules/mind_cultivation/test_mind_persistence.gd:105)
       [4] _initialize (res://tests/run_tests.gd:24)
SCRIPT ERROR: Invalid call. Nonexistent function 'get_module_data' in base 'Nil'.
   at: attempt (res://src/modules/mind_cultivation/advancement.gd:108)
   GDScript backtrace (most recent call first):
       [0] attempt (res://src/modules/mind_cultivation/advancement.gd:108)
       [1] active_attempt (res://src/modules/mind_cultivation/advancement.gd:116)
       [2] start (res://src/modules/mind_cultivation/advancement.gd:137)
       [3] _mid_attempt (res://tests/modules/mind_cultivation/test_mind_persistence.gd:83)
       [4] test_full_round_trip_preserves_mind_state (res://tests/modules/mind_cultivation/test_mind_persistence.gd:105)
       [5] _initialize (res://tests/run_tests.gd:24)
SCRIPT ERROR: Invalid call. Nonexistent function 'path' in base 'Nil'.
   at: start (res://src/modules/mind_cultivation/advancement.gd:139)
   GDScript backtrace (most recent call first):
       [0] start (res://src/modules/mind_cultivation/advancement.gd:139)
       [1] _mid_attempt (res://tests/modules/mind_cultivation/test_mind_persistence.gd:83)
       [2] test_full_round_trip_preserves_mind_state (res://tests/modules/mind_cultivation/test_mind_persistence.gd:105)
       [3] _initialize (res://tests/run_tests.gd:24)
SCRIPT ERROR: Invalid call. Nonexistent function 'sea' in base 'GDScript'.
   at: _mid_attempt (res://tests/modules/mind_cultivation/test_mind_persistence.gd:85)
   GDScript backtrace (most recent call first):
       [0] _mid_attempt (res://tests/modules/mind_cultivation/test_mind_persistence.gd:85)
       [1] test_full_round_trip_preserves_mind_state (res://tests/modules/mind_cultivation/test_mind_persistence.gd:105)
       [2] _initialize (res://tests/run_tests.gd:24)
SCRIPT ERROR: Invalid call. Nonexistent function 'get_module_data' in base 'Nil'.
   at: attempt (res://src/modules/mind_cultivation/advancement.gd:108)
   GDScript backtrace (most recent call first):
       [0] attempt (res://src/modules/mind_cultivation/advancement.gd:108)
       [1] test_full_round_trip_preserves_mind_state (res://tests/modules/mind_cultivation/test_mind_persistence.gd:106)
       [2] _initialize (res://tests/run_tests.gd:24)
SCRIPT ERROR: Invalid call. Nonexistent function 'to_dict' in base 'Nil'.
   at: test_full_round_trip_preserves_mind_state (res://tests/modules/mind_cultivation/test_mind_persistence.gd:108)
   GDScript backtrace (most recent call first):
       [0] test_full_round_trip_preserves_mind_state (res://tests/modules/mind_cultivation/test_mind_persistence.gd:108)
       [1] _initialize (res://tests/run_tests.gd:24)
SCRIPT ERROR: Invalid call. Nonexistent function 'attach' in base 'GDScript'.
   at: _actor (res://tests/modules/mind_cultivation/test_mind_persistence.gd:13)
   GDScript backtrace (most recent call first):
       [0] _actor (res://tests/modules/mind_cultivation/test_mind_persistence.gd:13)
       [1] _mid_attempt (res://tests/modules/mind_cultivation/test_mind_persistence.gd:79)
       [2] test_restored_actor_can_resolve_the_loaded_attempt (res://tests/modules/mind_cultivation/test_mind_persistence.gd:148)
       [3] _initialize (res://tests/run_tests.gd:24)
SCRIPT ERROR: Invalid call. Nonexistent function 'path' in base 'Nil'.
   at: _prepare (res://tests/modules/mind_cultivation/test_mind_persistence.gd:30)
   GDScript backtrace (most recent call first):
       [0] _prepare (res://tests/modules/mind_cultivation/test_mind_persistence.gd:30)
       [1] _mid_attempt (res://tests/modules/mind_cultivation/test_mind_persistence.gd:80)
       [2] test_restored_actor_can_resolve_the_loaded_attempt (res://tests/modules/mind_cultivation/test_mind_persistence.gd:148)
       [3] _initialize (res://tests/run_tests.gd:24)
SCRIPT ERROR: Invalid call. Nonexistent function 'attach' in base 'GDScript'.
   at: _actor (res://tests/modules/mind_cultivation/test_mind_persistence.gd:13)
   GDScript backtrace (most recent call first):
       [0] _actor (res://tests/modules/mind_cultivation/test_mind_persistence.gd:13)
       [1] _winning_seed (res://tests/modules/mind_cultivation/test_mind_persistence.gd:64)
       [2] _mid_attempt (res://tests/modules/mind_cultivation/test_mind_persistence.gd:82)
       [3] test_restored_actor_can_resolve_the_loaded_attempt (res://tests/modules/mind_cultivation/test_mind_persistence.gd:148)
       [4] _initialize (res://tests/run_tests.gd:24)
SCRIPT ERROR: Invalid call. Nonexistent function 'path' in base 'Nil'.
   at: _prepare (res://tests/modules/mind_cultivation/test_mind_persistence.gd:30)
   GDScript backtrace (most recent call first):
       [0] _prepare (res://tests/modules/mind_cultivation/test_mind_persistence.gd:30)
       [1] _winning_seed (res://tests/modules/mind_cultivation/test_mind_persistence.gd:65)
       [2] _mid_attempt (res://tests/modules/mind_cultivation/test_mind_persistence.gd:82)
       [3] test_restored_actor_can_resolve_the_loaded_attempt (res://tests/modules/mind_cultivation/test_mind_persistence.gd:148)
       [4] _initialize (res://tests/run_tests.gd:24)
SCRIPT ERROR: Invalid call. Nonexistent function 'attach' in base 'GDScript'.
   at: _actor (res://tests/modules/mind_cultivation/test_mind_persistence.gd:13)
   GDScript backtrace (most recent call first):
       [0] _actor (res://tests/modules/mind_cultivation/test_mind_persistence.gd:13)
       [1] _winning_seed (res://tests/modules/mind_cultivation/test_mind_persistence.gd:64)
       [2] _mid_attempt (res://tests/modules/mind_cultivation/test_mind_persistence.gd:82)
       [3] test_restored_actor_can_resolve_the_loaded_attempt (res://tests/modules/mind_cultivation/test_mind_persistence.gd:148)
       [4] _initialize (res://tests/run_tests.gd:24)
SCRIPT ERROR: Invalid call. Nonexistent function 'path' in base 'Nil'.
   at: _prepare (res://tests/modules/mind_cultivation/test_mind_persistence.gd:30)
   GDScript backtrace (most recent call first):
       [0] _prepare (res://tests/modules/mind_cultivation/test_mind_persistence.gd:30)
       [1] _winning_seed (res://tests/modules/mind_cultivation/test_mind_persistence.gd:65)
       [2] _mid_attempt (res://tests/modules/mind_cultivation/test_mind_persistence.gd:82)
       [3] test_restored_actor_can_resolve_the_loaded_attempt (res://tests/modules/mind_cultivation/test_mind_persistence.gd:148)
       [4] _initialize (res://tests/run_tests.gd:24)
SCRIPT ERROR: Invalid call. Nonexistent function 'attach' in base 'GDScript'.
   at: _actor (res://tests/modules/mind_cultivation/test_mind_persistence.gd:13)
   GDScript backtrace (most recent call first):
       [0] _actor (res://tests/modules/mind_cultivation/test_mind_persistence.gd:13)
       [1] _winning_seed (res://tests/modules/mind_cultivation/test_mind_persistence.gd:64)
       [2] _mid_attempt (res://tests/modules/mind_cultivation/test_mind_persistence.gd:82)
       [3] test_restored_actor_can_resolve_the_loaded_attempt (res://tests/modules/mind_cultivation/test_mind_persistence.gd:148)
       [4] _initialize (res://tests/run_tests.gd:24)
SCRIPT ERROR: Invalid call. Nonexistent function 'path' in base 'Nil'.
   at: _prepare (res://tests/modules/mind_cultivation/test_mind_persistence.gd:30)
   GDScript backtrace (most recent call first):
       [0] _prepare (res://tests/modules/mind_cultivation/test_mind_persistence.gd:30)
       [1] _winning_seed (res://tests/modules/mind_cultivation/test_mind_persistence.gd:65)
       [2] _mid_attempt (res://tests/modules/mind_cultivation/test_mind_persistence.gd:82)
       [3] test_restored_actor_can_resolve_the_loaded_attempt (res://tests/modules/mind_cultivation/test_mind_persistence.gd:148)
       [4] _initialize (res://tests/run_tests.gd:24)
SCRIPT ERROR: Invalid call. Nonexistent function 'attach' in base 'GDScript'.
   at: _actor (res://tests/modules/mind_cultivation/test_mind_persistence.gd:13)
   GDScript backtrace (most recent call first):
       [0] _actor (res://tests/modules/mind_cultivation/test_mind_persistence.gd:13)
       [1] _winning_seed (res://tests/modules/mind_cultivation/test_mind_persistence.gd:64)
       [2] _mid_attempt (res://tests/modules/mind_cultivation/test_mind_persistence.gd:82)
       [3] test_restored_actor_can_resolve_the_loaded_attempt (res://tests/modules/mind_cultivation/test_mind_persistence.gd:148)
       [4] _initialize (res://tests/run_tests.gd:24)
SCRIPT ERROR: Invalid call. Nonexistent function 'path' in base 'Nil'.
   at: _prepare (res://tests/modules/mind_cultivation/test_mind_persistence.gd:30)
   GDScript backtrace (most recent call first):
       [0] _prepare (res://tests/modules/mind_cultivation/test_mind_persistence.gd:30)
       [1] _winning_seed (res://tests/modules/mind_cultivation/test_mind_persistence.gd:65)
       [2] _mid_attempt (res://tests/modules/mind_cultivation/test_mind_persistence.gd:82)
       [3] test_restored_actor_can_resolve_the_loaded_attempt (res://tests/modules/mind_cultivation/test_mind_persistence.gd:148)
       [4] _initialize (res://tests/run_tests.gd:24)
SCRIPT ERROR: Invalid call. Nonexistent function 'attach' in base 'GDScript'.
   at: _actor (res://tests/modules/mind_cultivation/test_mind_persistence.gd:13)
   GDScript backtrace (most recent call first):
       [0] _actor (res://tests/modules/mind_cultivation/test_mind_persistence.gd:13)
       [1] _winning_seed (res://tests/modules/mind_cultivation/test_mind_persistence.gd:64)
       [2] _mid_attempt (res://tests/modules/mind_cultivation/test_mind_persistence.gd:82)
       [3] test_restored_actor_can_resolve_the_loaded_attempt (res://tests/modules/mind_cultivation/test_mind_persistence.gd:148)
       [4] _initialize (res://tests/run_tests.gd:24)
SCRIPT ERROR: Invalid call. Nonexistent function 'path' in base 'Nil'.
   at: _prepare (res://tests/modules/mind_cultivation/test_mind_persistence.gd:30)
   GDScript backtrace (most recent call first):
       [0] _prepare (res://tests/modules/mind_cultivation/test_mind_persistence.gd:30)
       [1] _winning_seed (res://tests/modules/mind_cultivation/test_mind_persistence.gd:65)
       [2] _mid_attempt (res://tests/modules/mind_cultivation/test_mind_persistence.gd:82)
       [3] test_restored_actor_can_resolve_the_loaded_attempt (res://tests/modules/mind_cultivation/test_mind_persistence.gd:148)
       [4] _initialize (res://tests/run_tests.gd:24)
SCRIPT ERROR: Invalid call. Nonexistent function 'attach' in base 'GDScript'.
   at: _actor (res://tests/modules/mind_cultivation/test_mind_persistence.gd:13)
   GDScript backtrace (most recent call first):
       [0] _actor (res://tests/modules/mind_cultivation/test_mind_persistence.gd:13)
       [1] _winning_seed (res://tests/modules/mind_cultivation/test_mind_persistence.gd:64)
       [2] _mid_attempt (res://tests/modules/mind_cultivation/test_mind_persistence.gd:82)
       [3] test_restored_actor_can_resolve_the_loaded_attempt (res://tests/modules/mind_cultivation/test_mind_persistence.gd:148)
       [4] _initialize (res://tests/run_tests.gd:24)
SCRIPT ERROR: Invalid call. Nonexistent function 'path' in base 'Nil'.
   at: _prepare (res://tests/modules/mind_cultivation/test_mind_persistence.gd:30)
   GDScript backtrace (most recent call first):
       [0] _prepare (res://tests/modules/mind_cultivation/test_mind_persistence.gd:30)
       [1] _winning_seed (res://tests/modules/mind_cultivation/test_mind_persistence.gd:65)
       [2] _mid_attempt (res://tests/modules/mind_cultivation/test_mind_persistence.gd:82)
       [3] test_restored_actor_can_resolve_the_loaded_attempt (res://tests/modules/mind_cultivation/test_mind_persistence.gd:148)
       [4] _initialize (res://tests/run_tests.gd:24)
SCRIPT ERROR: Invalid call. Nonexistent function 'attach' in base 'GDScript'.
   at: _actor (res://tests/modules/mind_cultivation/test_mind_persistence.gd:13)
   GDScript backtrace (most recent call first):
       [0] _actor (res://tests/modules/mind_cultivation/test_mind_persistence.gd:13)
       [1] _winning_seed (res://tests/modules/mind_cultivation/test_mind_persistence.gd:64)
       [2] _mid_attempt (res://tests/modules/mind_cultivation/test_mind_persistence.gd:82)
       [3] test_restored_actor_can_resolve_the_loaded_attempt (res://tests/modules/mind_cultivation/test_mind_persistence.gd:148)
       [4] _initialize (res://tests/run_tests.gd:24)
SCRIPT ERROR: Invalid call. Nonexistent function 'path' in base 'Nil'.
   at: _prepare (res://tests/modules/mind_cultivation/test_mind_persistence.gd:30)
   GDScript backtrace (most recent call first):
       [0] _prepare (res://tests/modules/mind_cultivation/test_mind_persistence.gd:30)
       [1] _winning_seed (res://tests/modules/mind_cultivation/test_mind_persistence.gd:65)
       [2] _mid_attempt (res://tests/modules/mind_cultivation/test_mind_persistence.gd:82)
       [3] test_restored_actor_can_resolve_the_loaded_attempt (res://tests/modules/mind_cultivation/test_mind_persistence.gd:148)
       [4] _initialize (res://tests/run_tests.gd:24)
SCRIPT ERROR: Invalid call. Nonexistent function 'attach' in base 'GDScript'.
   at: _actor (res://tests/modules/mind_cultivation/test_mind_persistence.gd:13)
   GDScript backtrace (most recent call first):
       [0] _actor (res://tests/modules/mind_cultivation/test_mind_persistence.gd:13)
       [1] _winning_seed (res://tests/modules/mind_cultivation/test_mind_persistence.gd:64)
       [2] _mid_attempt (res://tests/modules/mind_cultivation/test_mind_persistence.gd:82)
       [3] test_restored_actor_can_resolve_the_loaded_attempt (res://tests/modules/mind_cultivation/test_mind_persistence.gd:148)
       [4] _initialize (res://tests/run_tests.gd:24)
SCRIPT ERROR: Invalid call. Nonexistent function 'path' in base 'Nil'.
   at: _prepare (res://tests/modules/mind_cultivation/test_mind_persistence.gd:30)
   GDScript backtrace (most recent call first):
       [0] _prepare (res://tests/modules/mind_cultivation/test_mind_persistence.gd:30)
       [1] _winning_seed (res://tests/modules/mind_cultivation/test_mind_persistence.gd:65)
       [2] _mid_attempt (res://tests/modules/mind_cultivation/test_mind_persistence.gd:82)
       [3] test_restored_actor_can_resolve_the_loaded_attempt (res://tests/modules/mind_cultivation/test_mind_persistence.gd:148)
       [4] _initialize (res://tests/run_tests.gd:24)
SCRIPT ERROR: Invalid call. Nonexistent function 'attach' in base 'GDScript'.
   at: _actor (res://tests/modules/mind_cultivation/test_mind_persistence.gd:13)
   GDScript backtrace (most recent call first):
       [0] _actor (res://tests/modules/mind_cultivation/test_mind_persistence.gd:13)
       [1] _winning_seed (res://tests/modules/mind_cultivation/test_mind_persistence.gd:64)
       [2] _mid_attempt (res://tests/modules/mind_cultivation/test_mind_persistence.gd:82)
       [3] test_restored_actor_can_resolve_the_loaded_attempt (res://tests/modules/mind_cultivation/test_mind_persistence.gd:148)
       [4] _initialize (res://tests/run_tests.gd:24)
SCRIPT ERROR: Invalid call. Nonexistent function 'path' in base 'Nil'.
   at: _prepare (res://tests/modules/mind_cultivation/test_mind_persistence.gd:30)
   GDScript backtrace (most recent call first):
       [0] _prepare (res://tests/modules/mind_cultivation/test_mind_persistence.gd:30)
       [1] _winning_seed (res://tests/modules/mind_cultivation/test_mind_persistence.gd:65)
       [2] _mid_attempt (res://tests/modules/mind_cultivation/test_mind_persistence.gd:82)
       [3] test_restored_actor_can_resolve_the_loaded_attempt (res://tests/modules/mind_cultivation/test_mind_persistence.gd:148)
       [4] _initialize (res://tests/run_tests.gd:24)
SCRIPT ERROR: Invalid call. Nonexistent function 'attach' in base 'GDScript'.
   at: _actor (res://tests/modules/mind_cultivation/test_mind_persistence.gd:13)
   GDScript backtrace (most recent call first):
       [0] _actor (res://tests/modules/mind_cultivation/test_mind_persistence.gd:13)
       [1] _winning_seed (res://tests/modules/mind_cultivation/test_mind_persistence.gd:64)
       [2] _mid_attempt (res://tests/modules/mind_cultivation/test_mind_persistence.gd:82)
       [3] test_restored_actor_can_resolve_the_loaded_attempt (res://tests/modules/mind_cultivation/test_mind_persistence.gd:148)
       [4] _initialize (res://tests/run_tests.gd:24)
SCRIPT ERROR: Invalid call. Nonexistent function 'path' in base 'Nil'.
   at: _prepare (res://tests/modules/mind_cultivation/test_mind_persistence.gd:30)
   GDScript backtrace (most recent call first):
       [0] _prepare (res://tests/modules/mind_cultivation/test_mind_persistence.gd:30)
       [1] _winning_seed (res://tests/modules/mind_cultivation/test_mind_persistence.gd:65)
       [2] _mid_attempt (res://tests/modules/mind_cultivation/test_mind_persistence.gd:82)
       [3] test_restored_actor_can_resolve_the_loaded_attempt (res://tests/modules/mind_cultivation/test_mind_persistence.gd:148)
       [4] _initialize (res://tests/run_tests.gd:24)
SCRIPT ERROR: Invalid call. Nonexistent function 'attach' in base 'GDScript'.
   at: _actor (res://tests/modules/mind_cultivation/test_mind_persistence.gd:13)
   GDScript backtrace (most recent call first):
       [0] _actor (res://tests/modules/mind_cultivation/test_mind_persistence.gd:13)
       [1] _winning_seed (res://tests/modules/mind_cultivation/test_mind_persistence.gd:64)
       [2] _mid_attempt (res://tests/modules/mind_cultivation/test_mind_persistence.gd:82)
       [3] test_restored_actor_can_resolve_the_loaded_attempt (res://tests/modules/mind_cultivation/test_mind_persistence.gd:148)
       [4] _initialize (res://tests/run_tests.gd:24)
SCRIPT ERROR: Invalid call. Nonexistent function 'path' in base 'Nil'.
   at: _prepare (res://tests/modules/mind_cultivation/test_mind_persistence.gd:30)
   GDScript backtrace (most recent call first):
       [0] _prepare (res://tests/modules/mind_cultivation/test_mind_persistence.gd:30)
       [1] _winning_seed (res://tests/modules/mind_cultivation/test_mind_persistence.gd:65)
       [2] _mid_attempt (res://tests/modules/mind_cultivation/test_mind_persistence.gd:82)
       [3] test_restored_actor_can_resolve_the_loaded_attempt (res://tests/modules/mind_cultivation/test_mind_persistence.gd:148)
       [4] _initialize (res://tests/run_tests.gd:24)
SCRIPT ERROR: Invalid call. Nonexistent function 'attach' in base 'GDScript'.
   at: _actor (res://tests/modules/mind_cultivation/test_mind_persistence.gd:13)
   GDScript backtrace (most recent call first):
       [0] _actor (res://tests/modules/mind_cultivation/test_mind_persistence.gd:13)
       [1] _winning_seed (res://tests/modules/mind_cultivation/test_mind_persistence.gd:64)
       [2] _mid_attempt (res://tests/modules/mind_cultivation/test_mind_persistence.gd:82)
       [3] test_restored_actor_can_resolve_the_loaded_attempt (res://tests/modules/mind_cultivation/test_mind_persistence.gd:148)
       [4] _initialize (res://tests/run_tests.gd:24)
SCRIPT ERROR: Invalid call. Nonexistent function 'path' in base 'Nil'.
   at: _prepare (res://tests/modules/mind_cultivation/test_mind_persistence.gd:30)
   GDScript backtrace (most recent call first):
       [0] _prepare (res://tests/modules/mind_cultivation/test_mind_persistence.gd:30)
       [1] _winning_seed (res://tests/modules/mind_cultivation/test_mind_persistence.gd:65)
       [2] _mid_attempt (res://tests/modules/mind_cultivation/test_mind_persistence.gd:82)
       [3] test_restored_actor_can_resolve_the_loaded_attempt (res://tests/modules/mind_cultivation/test_mind_persistence.gd:148)
       [4] _initialize (res://tests/run_tests.gd:24)
SCRIPT ERROR: Invalid call. Nonexistent function 'attach' in base 'GDScript'.
   at: _actor (res://tests/modules/mind_cultivation/test_mind_persistence.gd:13)
   GDScript backtrace (most recent call first):
       [0] _actor (res://tests/modules/mind_cultivation/test_mind_persistence.gd:13)
       [1] _winning_seed (res://tests/modules/mind_cultivation/test_mind_persistence.gd:64)
       [2] _mid_attempt (res://tests/modules/mind_cultivation/test_mind_persistence.gd:82)
       [3] test_restored_actor_can_resolve_the_loaded_attempt (res://tests/modules/mind_cultivation/test_mind_persistence.gd:148)
       [4] _initialize (res://tests/run_tests.gd:24)
SCRIPT ERROR: Invalid call. Nonexistent function 'path' in base 'Nil'.
   at: _prepare (res://tests/modules/mind_cultivation/test_mind_persistence.gd:30)
   GDScript backtrace (most recent call first):
       [0] _prepare (res://tests/modules/mind_cultivation/test_mind_persistence.gd:30)
       [1] _winning_seed (res://tests/modules/mind_cultivation/test_mind_persistence.gd:65)
       [2] _mid_attempt (res://tests/modules/mind_cultivation/test_mind_persistence.gd:82)
       [3] test_restored_actor_can_resolve_the_loaded_attempt (res://tests/modules/mind_cultivation/test_mind_persistence.gd:148)
       [4] _initialize (res://tests/run_tests.gd:24)
SCRIPT ERROR: Invalid call. Nonexistent function 'attach' in base 'GDScript'.
   at: _actor (res://tests/modules/mind_cultivation/test_mind_persistence.gd:13)
   GDScript backtrace (most recent call first):
       [0] _actor (res://tests/modules/mind_cultivation/test_mind_persistence.gd:13)
       [1] _winning_seed (res://tests/modules/mind_cultivation/test_mind_persistence.gd:64)
       [2] _mid_attempt (res://tests/modules/mind_cultivation/test_mind_persistence.gd:82)
       [3] test_restored_actor_can_resolve_the_loaded_attempt (res://tests/modules/mind_cultivation/test_mind_persistence.gd:148)
       [4] _initialize (res://tests/run_tests.gd:24)
SCRIPT ERROR: Invalid call. Nonexistent function 'path' in base 'Nil'.
   at: _prepare (res://tests/modules/mind_cultivation/test_mind_persistence.gd:30)
   GDScript backtrace (most recent call first):
       [0] _prepare (res://tests/modules/mind_cultivation/test_mind_persistence.gd:30)
       [1] _winning_seed (res://tests/modules/mind_cultivation/test_mind_persistence.gd:65)
       [2] _mid_attempt (res://tests/modules/mind_cultivation/test_mind_persistence.gd:82)
       [3] test_restored_actor_can_resolve_the_loaded_attempt (res://tests/modules/mind_cultivation/test_mind_persistence.gd:148)
       [4] _initialize (res://tests/run_tests.gd:24)
SCRIPT ERROR: Invalid call. Nonexistent function 'attach' in base 'GDScript'.
   at: _actor (res://tests/modules/mind_cultivation/test_mind_persistence.gd:13)
   GDScript backtrace (most recent call first):
       [0] _actor (res://tests/modules/mind_cultivation/test_mind_persistence.gd:13)
       [1] _winning_seed (res://tests/modules/mind_cultivation/test_mind_persistence.gd:64)
       [2] _mid_attempt (res://tests/modules/mind_cultivation/test_mind_persistence.gd:82)
       [3] test_restored_actor_can_resolve_the_loaded_attempt (res://tests/modules/mind_cultivation/test_mind_persistence.gd:148)
       [4] _initialize (res://tests/run_tests.gd:24)
SCRIPT ERROR: Invalid call. Nonexistent function 'path' in base 'Nil'.
   at: _prepare (res://tests/modules/mind_cultivation/test_mind_persistence.gd:30)
   GDScript backtrace (most recent call first):
       [0] _prepare (res://tests/modules/mind_cultivation/test_mind_persistence.gd:30)
       [1] _winning_seed (res://tests/modules/mind_cultivation/test_mind_persistence.gd:65)
       [2] _mid_attempt (res://tests/modules/mind_cultivation/test_mind_persistence.gd:82)
       [3] test_restored_actor_can_resolve_the_loaded_attempt (res://tests/modules/mind_cultivation/test_mind_persistence.gd:148)
       [4] _initialize (res://tests/run_tests.gd:24)
SCRIPT ERROR: Invalid call. Nonexistent function 'attach' in base 'GDScript'.
   at: _actor (res://tests/modules/mind_cultivation/test_mind_persistence.gd:13)
   GDScript backtrace (most recent call first):
       [0] _actor (res://tests/modules/mind_cultivation/test_mind_persistence.gd:13)
       [1] _winning_seed (res://tests/modules/mind_cultivation/test_mind_persistence.gd:64)
       [2] _mid_attempt (res://tests/modules/mind_cultivation/test_mind_persistence.gd:82)
       [3] test_restored_actor_can_resolve_the_loaded_attempt (res://tests/modules/mind_cultivation/test_mind_persistence.gd:148)
       [4] _initialize (res://tests/run_tests.gd:24)
SCRIPT ERROR: Invalid call. Nonexistent function 'path' in base 'Nil'.
   at: _prepare (res://tests/modules/mind_cultivation/test_mind_persistence.gd:30)
   GDScript backtrace (most recent call first):
       [0] _prepare (res://tests/modules/mind_cultivation/test_mind_persistence.gd:30)
       [1] _winning_seed (res://tests/modules/mind_cultivation/test_mind_persistence.gd:65)
       [2] _mid_attempt (res://tests/modules/mind_cultivation/test_mind_persistence.gd:82)
       [3] test_restored_actor_can_resolve_the_loaded_attempt (res://tests/modules/mind_cultivation/test_mind_persistence.gd:148)
       [4] _initialize (res://tests/run_tests.gd:24)
SCRIPT ERROR: Invalid call. Nonexistent function 'attach' in base 'GDScript'.
   at: _actor (res://tests/modules/mind_cultivation/test_mind_persistence.gd:13)
   GDScript backtrace (most recent call first):
       [0] _actor (res://tests/modules/mind_cultivation/test_mind_persistence.gd:13)
       [1] _winning_seed (res://tests/modules/mind_cultivation/test_mind_persistence.gd:64)
       [2] _mid_attempt (res://tests/modules/mind_cultivation/test_mind_persistence.gd:82)
       [3] test_restored_actor_can_resolve_the_loaded_attempt (res://tests/modules/mind_cultivation/test_mind_persistence.gd:148)
       [4] _initialize (res://tests/run_tests.gd:24)
SCRIPT ERROR: Invalid call. Nonexistent function 'path' in base 'Nil'.
   at: _prepare (res://tests/modules/mind_cultivation/test_mind_persistence.gd:30)
   GDScript backtrace (most recent call first):
       [0] _prepare (res://tests/modules/mind_cultivation/test_mind_persistence.gd:30)
       [1] _winning_seed (res://tests/modules/mind_cultivation/test_mind_persistence.gd:65)
       [2] _mid_attempt (res://tests/modules/mind_cultivation/test_mind_persistence.gd:82)
       [3] test_restored_actor_can_resolve_the_loaded_attempt (res://tests/modules/mind_cultivation/test_mind_persistence.gd:148)
       [4] _initialize (res://tests/run_tests.gd:24)
SCRIPT ERROR: Invalid call. Nonexistent function 'attach' in base 'GDScript'.
   at: _actor (res://tests/modules/mind_cultivation/test_mind_persistence.gd:13)
   GDScript backtrace (most recent call first):
       [0] _actor (res://tests/modules/mind_cultivation/test_mind_persistence.gd:13)
       [1] _winning_seed (res://tests/modules/mind_cultivation/test_mind_persistence.gd:64)
       [2] _mid_attempt (res://tests/modules/mind_cultivation/test_mind_persistence.gd:82)
       [3] test_restored_actor_can_resolve_the_loaded_attempt (res://tests/modules/mind_cultivation/test_mind_persistence.gd:148)
       [4] _initialize (res://tests/run_tests.gd:24)
SCRIPT ERROR: Invalid call. Nonexistent function 'path' in base 'Nil'.
   at: _prepare (res://tests/modules/mind_cultivation/test_mind_persistence.gd:30)
   GDScript backtrace (most recent call first):
       [0] _prepare (res://tests/modules/mind_cultivation/test_mind_persistence.gd:30)
       [1] _winning_seed (res://tests/modules/mind_cultivation/test_mind_persistence.gd:65)
       [2] _mid_attempt (res://tests/modules/mind_cultivation/test_mind_persistence.gd:82)
       [3] test_restored_actor_can_resolve_the_loaded_attempt (res://tests/modules/mind_cultivation/test_mind_persistence.gd:148)
       [4] _initialize (res://tests/run_tests.gd:24)
SCRIPT ERROR: Invalid call. Nonexistent function 'attach' in base 'GDScript'.
   at: _actor (res://tests/modules/mind_cultivation/test_mind_persistence.gd:13)
   GDScript backtrace (most recent call first):
       [0] _actor (res://tests/modules/mind_cultivation/test_mind_persistence.gd:13)
       [1] _winning_seed (res://tests/modules/mind_cultivation/test_mind_persistence.gd:64)
       [2] _mid_attempt (res://tests/modules/mind_cultivation/test_mind_persistence.gd:82)
       [3] test_restored_actor_can_resolve_the_loaded_attempt (res://tests/modules/mind_cultivation/test_mind_persistence.gd:148)
       [4] _initialize (res://tests/run_tests.gd:24)
SCRIPT ERROR: Invalid call. Nonexistent function 'path' in base 'Nil'.
   at: _prepare (res://tests/modules/mind_cultivation/test_mind_persistence.gd:30)
   GDScript backtrace (most recent call first):
       [0] _prepare (res://tests/modules/mind_cultivation/test_mind_persistence.gd:30)
       [1] _winning_seed (res://tests/modules/mind_cultivation/test_mind_persistence.gd:65)
       [2] _mid_attempt (res://tests/modules/mind_cultivation/test_mind_persistence.gd:82)
       [3] test_restored_actor_can_resolve_the_loaded_attempt (res://tests/modules/mind_cultivation/test_mind_persistence.gd:148)
       [4] _initialize (res://tests/run_tests.gd:24)
SCRIPT ERROR: Invalid call. Nonexistent function 'attach' in base 'GDScript'.
   at: _actor (res://tests/modules/mind_cultivation/test_mind_persistence.gd:13)
   GDScript backtrace (most recent call first):
       [0] _actor (res://tests/modules/mind_cultivation/test_mind_persistence.gd:13)
       [1] _winning_seed (res://tests/modules/mind_cultivation/test_mind_persistence.gd:64)
       [2] _mid_attempt (res://tests/modules/mind_cultivation/test_mind_persistence.gd:82)
       [3] test_restored_actor_can_resolve_the_loaded_attempt (res://tests/modules/mind_cultivation/test_mind_persistence.gd:148)
       [4] _initialize (res://tests/run_tests.gd:24)
SCRIPT ERROR: Invalid call. Nonexistent function 'path' in base 'Nil'.
   at: _prepare (res://tests/modules/mind_cultivation/test_mind_persistence.gd:30)
   GDScript backtrace (most recent call first):
       [0] _prepare (res://tests/modules/mind_cultivation/test_mind_persistence.gd:30)
       [1] _winning_seed (res://tests/modules/mind_cultivation/test_mind_persistence.gd:65)
       [2] _mid_attempt (res://tests/modules/mind_cultivation/test_mind_persistence.gd:82)
       [3] test_restored_actor_can_resolve_the_loaded_attempt (res://tests/modules/mind_cultivation/test_mind_persistence.gd:148)
       [4] _initialize (res://tests/run_tests.gd:24)
SCRIPT ERROR: Invalid call. Nonexistent function 'attach' in base 'GDScript'.
   at: _actor (res://tests/modules/mind_cultivation/test_mind_persistence.gd:13)
   GDScript backtrace (most recent call first):
       [0] _actor (res://tests/modules/mind_cultivation/test_mind_persistence.gd:13)
       [1] _winning_seed (res://tests/modules/mind_cultivation/test_mind_persistence.gd:64)
       [2] _mid_attempt (res://tests/modules/mind_cultivation/test_mind_persistence.gd:82)
       [3] test_restored_actor_can_resolve_the_loaded_attempt (res://tests/modules/mind_cultivation/test_mind_persistence.gd:148)
       [4] _initialize (res://tests/run_tests.gd:24)
SCRIPT ERROR: Invalid call. Nonexistent function 'path' in base 'Nil'.
   at: _prepare (res://tests/modules/mind_cultivation/test_mind_persistence.gd:30)
   GDScript backtrace (most recent call first):
       [0] _prepare (res://tests/modules/mind_cultivation/test_mind_persistence.gd:30)
       [1] _winning_seed (res://tests/modules/mind_cultivation/test_mind_persistence.gd:65)
       [2] _mid_attempt (res://tests/modules/mind_cultivation/test_mind_persistence.gd:82)
       [3] test_restored_actor_can_resolve_the_loaded_attempt (res://tests/modules/mind_cultivation/test_mind_persistence.gd:148)
       [4] _initialize (res://tests/run_tests.gd:24)
SCRIPT ERROR: Invalid call. Nonexistent function 'attach' in base 'GDScript'.
   at: _actor (res://tests/modules/mind_cultivation/test_mind_persistence.gd:13)
   GDScript backtrace (most recent call first):
       [0] _actor (res://tests/modules/mind_cultivation/test_mind_persistence.gd:13)
       [1] _winning_seed (res://tests/modules/mind_cultivation/test_mind_persistence.gd:64)
       [2] _mid_attempt (res://tests/modules/mind_cultivation/test_mind_persistence.gd:82)
       [3] test_restored_actor_can_resolve_the_loaded_attempt (res://tests/modules/mind_cultivation/test_mind_persistence.gd:148)
       [4] _initialize (res://tests/run_tests.gd:24)
SCRIPT ERROR: Invalid call. Nonexistent function 'path' in base 'Nil'.
   at: _prepare (res://tests/modules/mind_cultivation/test_mind_persistence.gd:30)
   GDScript backtrace (most recent call first):
       [0] _prepare (res://tests/modules/mind_cultivation/test_mind_persistence.gd:30)
       [1] _winning_seed (res://tests/modules/mind_cultivation/test_mind_persistence.gd:65)
       [2] _mid_attempt (res://tests/modules/mind_cultivation/test_mind_persistence.gd:82)
       [3] test_restored_actor_can_resolve_the_loaded_attempt (res://tests/modules/mind_cultivation/test_mind_persistence.gd:148)
       [4] _initialize (res://tests/run_tests.gd:24)
SCRIPT ERROR: Invalid call. Nonexistent function 'attach' in base 'GDScript'.
   at: _actor (res://tests/modules/mind_cultivation/test_mind_persistence.gd:13)
   GDScript backtrace (most recent call first):
       [0] _actor (res://tests/modules/mind_cultivation/test_mind_persistence.gd:13)
       [1] _winning_seed (res://tests/modules/mind_cultivation/test_mind_persistence.gd:64)
       [2] _mid_attempt (res://tests/modules/mind_cultivation/test_mind_persistence.gd:82)
       [3] test_restored_actor_can_resolve_the_loaded_attempt (res://tests/modules/mind_cultivation/test_mind_persistence.gd:148)
       [4] _initialize (res://tests/run_tests.gd:24)
SCRIPT ERROR: Invalid call. Nonexistent function 'path' in base 'Nil'.
   at: _prepare (res://tests/modules/mind_cultivation/test_mind_persistence.gd:30)
   GDScript backtrace (most recent call first):
       [0] _prepare (res://tests/modules/mind_cultivation/test_mind_persistence.gd:30)
       [1] _winning_seed (res://tests/modules/mind_cultivation/test_mind_persistence.gd:65)
       [2] _mid_attempt (res://tests/modules/mind_cultivation/test_mind_persistence.gd:82)
       [3] test_restored_actor_can_resolve_the_loaded_attempt (res://tests/modules/mind_cultivation/test_mind_persistence.gd:148)
       [4] _initialize (res://tests/run_tests.gd:24)
SCRIPT ERROR: Invalid call. Nonexistent function 'attach' in base 'GDScript'.
   at: _actor (res://tests/modules/mind_cultivation/test_mind_persistence.gd:13)
   GDScript backtrace (most recent call first):
       [0] _actor (res://tests/modules/mind_cultivation/test_mind_persistence.gd:13)
       [1] _winning_seed (res://tests/modules/mind_cultivation/test_mind_persistence.gd:64)
       [2] _mid_attempt (res://tests/modules/mind_cultivation/test_mind_persistence.gd:82)
       [3] test_restored_actor_can_resolve_the_loaded_attempt (res://tests/modules/mind_cultivation/test_mind_persistence.gd:148)
       [4] _initialize (res://tests/run_tests.gd:24)
SCRIPT ERROR: Invalid call. Nonexistent function 'path' in base 'Nil'.
   at: _prepare (res://tests/modules/mind_cultivation/test_mind_persistence.gd:30)
   GDScript backtrace (most recent call first):
       [0] _prepare (res://tests/modules/mind_cultivation/test_mind_persistence.gd:30)
       [1] _winning_seed (res://tests/modules/mind_cultivation/test_mind_persistence.gd:65)
       [2] _mid_attempt (res://tests/modules/mind_cultivation/test_mind_persistence.gd:82)
       [3] test_restored_actor_can_resolve_the_loaded_attempt (res://tests/modules/mind_cultivation/test_mind_persistence.gd:148)
       [4] _initialize (res://tests/run_tests.gd:24)
SCRIPT ERROR: Invalid call. Nonexistent function 'attach' in base 'GDScript'.
   at: _actor (res://tests/modules/mind_cultivation/test_mind_persistence.gd:13)
   GDScript backtrace (most recent call first):
       [0] _actor (res://tests/modules/mind_cultivation/test_mind_persistence.gd:13)
       [1] _winning_seed (res://tests/modules/mind_cultivation/test_mind_persistence.gd:64)
       [2] _mid_attempt (res://tests/modules/mind_cultivation/test_mind_persistence.gd:82)
       [3] test_restored_actor_can_resolve_the_loaded_attempt (res://tests/modules/mind_cultivation/test_mind_persistence.gd:148)
       [4] _initialize (res://tests/run_tests.gd:24)
SCRIPT ERROR: Invalid call. Nonexistent function 'path' in base 'Nil'.
   at: _prepare (res://tests/modules/mind_cultivation/test_mind_persistence.gd:30)
   GDScript backtrace (most recent call first):
       [0] _prepare (res://tests/modules/mind_cultivation/test_mind_persistence.gd:30)
       [1] _winning_seed (res://tests/modules/mind_cultivation/test_mind_persistence.gd:65)
       [2] _mid_attempt (res://tests/modules/mind_cultivation/test_mind_persistence.gd:82)
       [3] test_restored_actor_can_resolve_the_loaded_attempt (res://tests/modules/mind_cultivation/test_mind_persistence.gd:148)
       [4] _initialize (res://tests/run_tests.gd:24)
SCRIPT ERROR: Invalid call. Nonexistent function 'attach' in base 'GDScript'.
   at: _actor (res://tests/modules/mind_cultivation/test_mind_persistence.gd:13)
   GDScript backtrace (most recent call first):
       [0] _actor (res://tests/modules/mind_cultivation/test_mind_persistence.gd:13)
       [1] _winning_seed (res://tests/modules/mind_cultivation/test_mind_persistence.gd:64)
       [2] _mid_attempt (res://tests/modules/mind_cultivation/test_mind_persistence.gd:82)
       [3] test_restored_actor_can_resolve_the_loaded_attempt (res://tests/modules/mind_cultivation/test_mind_persistence.gd:148)
       [4] _initialize (res://tests/run_tests.gd:24)
SCRIPT ERROR: Invalid call. Nonexistent function 'path' in base 'Nil'.
   at: _prepare (res://tests/modules/mind_cultivation/test_mind_persistence.gd:30)
   GDScript backtrace (most recent call first):
       [0] _prepare (res://tests/modules/mind_cultivation/test_mind_persistence.gd:30)
       [1] _winning_seed (res://tests/modules/mind_cultivation/test_mind_persistence.gd:65)
       [2] _mid_attempt (res://tests/modules/mind_cultivation/test_mind_persistence.gd:82)
       [3] test_restored_actor_can_resolve_the_loaded_attempt (res://tests/modules/mind_cultivation/test_mind_persistence.gd:148)
       [4] _initialize (res://tests/run_tests.gd:24)
SCRIPT ERROR: Invalid call. Nonexistent function 'attach' in base 'GDScript'.
   at: _actor (res://tests/modules/mind_cultivation/test_mind_persistence.gd:13)
   GDScript backtrace (most recent call first):
       [0] _actor (res://tests/modules/mind_cultivation/test_mind_persistence.gd:13)
       [1] _winning_seed (res://tests/modules/mind_cultivation/test_mind_persistence.gd:64)
       [2] _mid_attempt (res://tests/modules/mind_cultivation/test_mind_persistence.gd:82)
       [3] test_restored_actor_can_resolve_the_loaded_attempt (res://tests/modules/mind_cultivation/test_mind_persistence.gd:148)
       [4] _initialize (res://tests/run_tests.gd:24)
SCRIPT ERROR: Invalid call. Nonexistent function 'path' in base 'Nil'.
   at: _prepare (res://tests/modules/mind_cultivation/test_mind_persistence.gd:30)
   GDScript backtrace (most recent call first):
       [0] _prepare (res://tests/modules/mind_cultivation/test_mind_persistence.gd:30)
       [1] _winning_seed (res://tests/modules/mind_cultivation/test_mind_persistence.gd:65)
       [2] _mid_attempt (res://tests/modules/mind_cultivation/test_mind_persistence.gd:82)
       [3] test_restored_actor_can_resolve_the_loaded_attempt (res://tests/modules/mind_cultivation/test_mind_persistence.gd:148)
       [4] _initialize (res://tests/run_tests.gd:24)
SCRIPT ERROR: Invalid call. Nonexistent function 'attach' in base 'GDScript'.
   at: _actor (res://tests/modules/mind_cultivation/test_mind_persistence.gd:13)
   GDScript backtrace (most recent call first):
       [0] _actor (res://tests/modules/mind_cultivation/test_mind_persistence.gd:13)
       [1] _winning_seed (res://tests/modules/mind_cultivation/test_mind_persistence.gd:64)
       [2] _mid_attempt (res://tests/modules/mind_cultivation/test_mind_persistence.gd:82)
       [3] test_restored_actor_can_resolve_the_loaded_attempt (res://tests/modules/mind_cultivation/test_mind_persistence.gd:148)
       [4] _initialize (res://tests/run_tests.gd:24)
SCRIPT ERROR: Invalid call. Nonexistent function 'path' in base 'Nil'.
   at: _prepare (res://tests/modules/mind_cultivation/test_mind_persistence.gd:30)
   GDScript backtrace (most recent call first):
       [0] _prepare (res://tests/modules/mind_cultivation/test_mind_persistence.gd:30)
       [1] _winning_seed (res://tests/modules/mind_cultivation/test_mind_persistence.gd:65)
       [2] _mid_attempt (res://tests/modules/mind_cultivation/test_mind_persistence.gd:82)
       [3] test_restored_actor_can_resolve_the_loaded_attempt (res://tests/modules/mind_cultivation/test_mind_persistence.gd:148)
       [4] _initialize (res://tests/run_tests.gd:24)
SCRIPT ERROR: Invalid call. Nonexistent function 'attach' in base 'GDScript'.
   at: _actor (res://tests/modules/mind_cultivation/test_mind_persistence.gd:13)
   GDScript backtrace (most recent call first):
       [0] _actor (res://tests/modules/mind_cultivation/test_mind_persistence.gd:13)
       [1] _winning_seed (res://tests/modules/mind_cultivation/test_mind_persistence.gd:64)
       [2] _mid_attempt (res://tests/modules/mind_cultivation/test_mind_persistence.gd:82)
       [3] test_restored_actor_can_resolve_the_loaded_attempt (res://tests/modules/mind_cultivation/test_mind_persistence.gd:148)
       [4] _initialize (res://tests/run_tests.gd:24)
SCRIPT ERROR: Invalid call. Nonexistent function 'path' in base 'Nil'.
   at: _prepare (res://tests/modules/mind_cultivation/test_mind_persistence.gd:30)
   GDScript backtrace (most recent call first):
       [0] _prepare (res://tests/modules/mind_cultivation/test_mind_persistence.gd:30)
       [1] _winning_seed (res://tests/modules/mind_cultivation/test_mind_persistence.gd:65)
       [2] _mid_attempt (res://tests/modules/mind_cultivation/test_mind_persistence.gd:82)
       [3] test_restored_actor_can_resolve_the_loaded_attempt (res://tests/modules/mind_cultivation/test_mind_persistence.gd:148)
       [4] _initialize (res://tests/run_tests.gd:24)
SCRIPT ERROR: Invalid call. Nonexistent function 'attach' in base 'GDScript'.
   at: _actor (res://tests/modules/mind_cultivation/test_mind_persistence.gd:13)
   GDScript backtrace (most recent call first):
       [0] _actor (res://tests/modules/mind_cultivation/test_mind_persistence.gd:13)
       [1] _winning_seed (res://tests/modules/mind_cultivation/test_mind_persistence.gd:64)
       [2] _mid_attempt (res://tests/modules/mind_cultivation/test_mind_persistence.gd:82)
       [3] test_restored_actor_can_resolve_the_loaded_attempt (res://tests/modules/mind_cultivation/test_mind_persistence.gd:148)
       [4] _initialize (res://tests/run_tests.gd:24)
SCRIPT ERROR: Invalid call. Nonexistent function 'path' in base 'Nil'.
   at: _prepare (res://tests/modules/mind_cultivation/test_mind_persistence.gd:30)
   GDScript backtrace (most recent call first):
       [0] _prepare (res://tests/modules/mind_cultivation/test_mind_persistence.gd:30)
       [1] _winning_seed (res://tests/modules/mind_cultivation/test_mind_persistence.gd:65)
       [2] _mid_attempt (res://tests/modules/mind_cultivation/test_mind_persistence.gd:82)
       [3] test_restored_actor_can_resolve_the_loaded_attempt (res://tests/modules/mind_cultivation/test_mind_persistence.gd:148)
       [4] _initialize (res://tests/run_tests.gd:24)
SCRIPT ERROR: Invalid call. Nonexistent function 'attach' in base 'GDScript'.
   at: _actor (res://tests/modules/mind_cultivation/test_mind_persistence.gd:13)
   GDScript backtrace (most recent call first):
       [0] _actor (res://tests/modules/mind_cultivation/test_mind_persistence.gd:13)
       [1] _winning_seed (res://tests/modules/mind_cultivation/test_mind_persistence.gd:64)
       [2] _mid_attempt (res://tests/modules/mind_cultivation/test_mind_persistence.gd:82)
       [3] test_restored_actor_can_resolve_the_loaded_attempt (res://tests/modules/mind_cultivation/test_mind_persistence.gd:148)
       [4] _initialize (res://tests/run_tests.gd:24)
SCRIPT ERROR: Invalid call. Nonexistent function 'path' in base 'Nil'.
   at: _prepare (res://tests/modules/mind_cultivation/test_mind_persistence.gd:30)
   GDScript backtrace (most recent call first):
       [0] _prepare (res://tests/modules/mind_cultivation/test_mind_persistence.gd:30)
       [1] _winning_seed (res://tests/modules/mind_cultivation/test_mind_persistence.gd:65)
       [2] _mid_attempt (res://tests/modules/mind_cultivation/test_mind_persistence.gd:82)
       [3] test_restored_actor_can_resolve_the_loaded_attempt (res://tests/modules/mind_cultivation/test_mind_persistence.gd:148)
       [4] _initialize (res://tests/run_tests.gd:24)
SCRIPT ERROR: Invalid call. Nonexistent function 'attach' in base 'GDScript'.
   at: _actor (res://tests/modules/mind_cultivation/test_mind_persistence.gd:13)
   GDScript backtrace (most recent call first):
       [0] _actor (res://tests/modules/mind_cultivation/test_mind_persistence.gd:13)
       [1] _winning_seed (res://tests/modules/mind_cultivation/test_mind_persistence.gd:64)
       [2] _mid_attempt (res://tests/modules/mind_cultivation/test_mind_persistence.gd:82)
       [3] test_restored_actor_can_resolve_the_loaded_attempt (res://tests/modules/mind_cultivation/test_mind_persistence.gd:148)
       [4] _initialize (res://tests/run_tests.gd:24)
SCRIPT ERROR: Invalid call. Nonexistent function 'path' in base 'Nil'.
   at: _prepare (res://tests/modules/mind_cultivation/test_mind_persistence.gd:30)
   GDScript backtrace (most recent call first):
       [0] _prepare (res://tests/modules/mind_cultivation/test_mind_persistence.gd:30)
       [1] _winning_seed (res://tests/modules/mind_cultivation/test_mind_persistence.gd:65)
       [2] _mid_attempt (res://tests/modules/mind_cultivation/test_mind_persistence.gd:82)
       [3] test_restored_actor_can_resolve_the_loaded_attempt (res://tests/modules/mind_cultivation/test_mind_persistence.gd:148)
       [4] _initialize (res://tests/run_tests.gd:24)
SCRIPT ERROR: Invalid call. Nonexistent function 'attach' in base 'GDScript'.
   at: _actor (res://tests/modules/mind_cultivation/test_mind_persistence.gd:13)
   GDScript backtrace (most recent call first):
       [0] _actor (res://tests/modules/mind_cultivation/test_mind_persistence.gd:13)
       [1] _winning_seed (res://tests/modules/mind_cultivation/test_mind_persistence.gd:64)
       [2] _mid_attempt (res://tests/modules/mind_cultivation/test_mind_persistence.gd:82)
       [3] test_restored_actor_can_resolve_the_loaded_attempt (res://tests/modules/mind_cultivation/test_mind_persistence.gd:148)
       [4] _initialize (res://tests/run_tests.gd:24)
SCRIPT ERROR: Invalid call. Nonexistent function 'path' in base 'Nil'.
   at: _prepare (res://tests/modules/mind_cultivation/test_mind_persistence.gd:30)
   GDScript backtrace (most recent call first):
       [0] _prepare (res://tests/modules/mind_cultivation/test_mind_persistence.gd:30)
       [1] _winning_seed (res://tests/modules/mind_cultivation/test_mind_persistence.gd:65)
       [2] _mid_attempt (res://tests/modules/mind_cultivation/test_mind_persistence.gd:82)
       [3] test_restored_actor_can_resolve_the_loaded_attempt (res://tests/modules/mind_cultivation/test_mind_persistence.gd:148)
       [4] _initialize (res://tests/run_tests.gd:24)
SCRIPT ERROR: Invalid call. Nonexistent function 'attach' in base 'GDScript'.
   at: _actor (res://tests/modules/mind_cultivation/test_mind_persistence.gd:13)
   GDScript backtrace (most recent call first):
       [0] _actor (res://tests/modules/mind_cultivation/test_mind_persistence.gd:13)
       [1] _winning_seed (res://tests/modules/mind_cultivation/test_mind_persistence.gd:64)
       [2] _mid_attempt (res://tests/modules/mind_cultivation/test_mind_persistence.gd:82)
       [3] test_restored_actor_can_resolve_the_loaded_attempt (res://tests/modules/mind_cultivation/test_mind_persistence.gd:148)
       [4] _initialize (res://tests/run_tests.gd:24)
SCRIPT ERROR: Invalid call. Nonexistent function 'path' in base 'Nil'.
   at: _prepare (res://tests/modules/mind_cultivation/test_mind_persistence.gd:30)
   GDScript backtrace (most recent call first):
       [0] _prepare (res://tests/modules/mind_cultivation/test_mind_persistence.gd:30)
       [1] _winning_seed (res://tests/modules/mind_cultivation/test_mind_persistence.gd:65)
       [2] _mid_attempt (res://tests/modules/mind_cultivation/test_mind_persistence.gd:82)
       [3] test_restored_actor_can_resolve_the_loaded_attempt (res://tests/modules/mind_cultivation/test_mind_persistence.gd:148)
       [4] _initialize (res://tests/run_tests.gd:24)
SCRIPT ERROR: Invalid call. Nonexistent function 'attach' in base 'GDScript'.
   at: _actor (res://tests/modules/mind_cultivation/test_mind_persistence.gd:13)
   GDScript backtrace (most recent call first):
       [0] _actor (res://tests/modules/mind_cultivation/test_mind_persistence.gd:13)
       [1] _winning_seed (res://tests/modules/mind_cultivation/test_mind_persistence.gd:64)
       [2] _mid_attempt (res://tests/modules/mind_cultivation/test_mind_persistence.gd:82)
       [3] test_restored_actor_can_resolve_the_loaded_attempt (res://tests/modules/mind_cultivation/test_mind_persistence.gd:148)
       [4] _initialize (res://tests/run_tests.gd:24)
SCRIPT ERROR: Invalid call. Nonexistent function 'path' in base 'Nil'.
   at: _prepare (res://tests/modules/mind_cultivation/test_mind_persistence.gd:30)
   GDScript backtrace (most recent call first):
       [0] _prepare (res://tests/modules/mind_cultivation/test_mind_persistence.gd:30)
       [1] _winning_seed (res://tests/modules/mind_cultivation/test_mind_persistence.gd:65)
       [2] _mid_attempt (res://tests/modules/mind_cultivation/test_mind_persistence.gd:82)
       [3] test_restored_actor_can_resolve_the_loaded_attempt (res://tests/modules/mind_cultivation/test_mind_persistence.gd:148)
       [4] _initialize (res://tests/run_tests.gd:24)
SCRIPT ERROR: Invalid call. Nonexistent function 'attach' in base 'GDScript'.
   at: _actor (res://tests/modules/mind_cultivation/test_mind_persistence.gd:13)
   GDScript backtrace (most recent call first):
       [0] _actor (res://tests/modules/mind_cultivation/test_mind_persistence.gd:13)
       [1] _winning_seed (res://tests/modules/mind_cultivation/test_mind_persistence.gd:64)
       [2] _mid_attempt (res://tests/modules/mind_cultivation/test_mind_persistence.gd:82)
       [3] test_restored_actor_can_resolve_the_loaded_attempt (res://tests/modules/mind_cultivation/test_mind_persistence.gd:148)
       [4] _initialize (res://tests/run_tests.gd:24)
SCRIPT ERROR: Invalid call. Nonexistent function 'path' in base 'Nil'.
   at: _prepare (res://tests/modules/mind_cultivation/test_mind_persistence.gd:30)
   GDScript backtrace (most recent call first):
       [0] _prepare (res://tests/modules/mind_cultivation/test_mind_persistence.gd:30)
       [1] _winning_seed (res://tests/modules/mind_cultivation/test_mind_persistence.gd:65)
       [2] _mid_attempt (res://tests/modules/mind_cultivation/test_mind_persistence.gd:82)
       [3] test_restored_actor_can_resolve_the_loaded_attempt (res://tests/modules/mind_cultivation/test_mind_persistence.gd:148)
       [4] _initialize (res://tests/run_tests.gd:24)
SCRIPT ERROR: Invalid call. Nonexistent function 'attach' in base 'GDScript'.
   at: _actor (res://tests/modules/mind_cultivation/test_mind_persistence.gd:13)
   GDScript backtrace (most recent call first):
       [0] _actor (res://tests/modules/mind_cultivation/test_mind_persistence.gd:13)
       [1] _winning_seed (res://tests/modules/mind_cultivation/test_mind_persistence.gd:64)
       [2] _mid_attempt (res://tests/modules/mind_cultivation/test_mind_persistence.gd:82)
       [3] test_restored_actor_can_resolve_the_loaded_attempt (res://tests/modules/mind_cultivation/test_mind_persistence.gd:148)
       [4] _initialize (res://tests/run_tests.gd:24)
SCRIPT ERROR: Invalid call. Nonexistent function 'path' in base 'Nil'.
   at: _prepare (res://tests/modules/mind_cultivation/test_mind_persistence.gd:30)
   GDScript backtrace (most recent call first):
       [0] _prepare (res://tests/modules/mind_cultivation/test_mind_persistence.gd:30)
       [1] _winning_seed (res://tests/modules/mind_cultivation/test_mind_persistence.gd:65)
       [2] _mid_attempt (res://tests/modules/mind_cultivation/test_mind_persistence.gd:82)
       [3] test_restored_actor_can_resolve_the_loaded_attempt (res://tests/modules/mind_cultivation/test_mind_persistence.gd:148)
       [4] _initialize (res://tests/run_tests.gd:24)
SCRIPT ERROR: Invalid call. Nonexistent function 'attach' in base 'GDScript'.
   at: _actor (res://tests/modules/mind_cultivation/test_mind_persistence.gd:13)
   GDScript backtrace (most recent call first):
       [0] _actor (res://tests/modules/mind_cultivation/test_mind_persistence.gd:13)
       [1] _winning_seed (res://tests/modules/mind_cultivation/test_mind_persistence.gd:64)
       [2] _mid_attempt (res://tests/modules/mind_cultivation/test_mind_persistence.gd:82)
       [3] test_restored_actor_can_resolve_the_loaded_attempt (res://tests/modules/mind_cultivation/test_mind_persistence.gd:148)
       [4] _initialize (res://tests/run_tests.gd:24)
SCRIPT ERROR: Invalid call. Nonexistent function 'path' in base 'Nil'.
   at: _prepare (res://tests/modules/mind_cultivation/test_mind_persistence.gd:30)
   GDScript backtrace (most recent call first):
       [0] _prepare (res://tests/modules/mind_cultivation/test_mind_persistence.gd:30)
       [1] _winning_seed (res://tests/modules/mind_cultivation/test_mind_persistence.gd:65)
       [2] _mid_attempt (res://tests/modules/mind_cultivation/test_mind_persistence.gd:82)
       [3] test_restored_actor_can_resolve_the_loaded_attempt (res://tests/modules/mind_cultivation/test_mind_persistence.gd:148)
       [4] _initialize (res://tests/run_tests.gd:24)
SCRIPT ERROR: Invalid call. Nonexistent function 'attach' in base 'GDScript'.
   at: _actor (res://tests/modules/mind_cultivation/test_mind_persistence.gd:13)
   GDScript backtrace (most recent call first):
       [0] _actor (res://tests/modules/mind_cultivation/test_mind_persistence.gd:13)
       [1] _winning_seed (res://tests/modules/mind_cultivation/test_mind_persistence.gd:64)
       [2] _mid_attempt (res://tests/modules/mind_cultivation/test_mind_persistence.gd:82)
       [3] test_restored_actor_can_resolve_the_loaded_attempt (res://tests/modules/mind_cultivation/test_mind_persistence.gd:148)
       [4] _initialize (res://tests/run_tests.gd:24)
SCRIPT ERROR: Invalid call. Nonexistent function 'path' in base 'Nil'.
   at: _prepare (res://tests/modules/mind_cultivation/test_mind_persistence.gd:30)
   GDScript backtrace (most recent call first):
       [0] _prepare (res://tests/modules/mind_cultivation/test_mind_persistence.gd:30)
       [1] _winning_seed (res://tests/modules/mind_cultivation/test_mind_persistence.gd:65)
       [2] _mid_attempt (res://tests/modules/mind_cultivation/test_mind_persistence.gd:82)
       [3] test_restored_actor_can_resolve_the_loaded_attempt (res://tests/modules/mind_cultivation/test_mind_persistence.gd:148)
       [4] _initialize (res://tests/run_tests.gd:24)
SCRIPT ERROR: Invalid call. Nonexistent function 'attach' in base 'GDScript'.
   at: _actor (res://tests/modules/mind_cultivation/test_mind_persistence.gd:13)
   GDScript backtrace (most recent call first):
       [0] _actor (res://tests/modules/mind_cultivation/test_mind_persistence.gd:13)
       [1] _winning_seed (res://tests/modules/mind_cultivation/test_mind_persistence.gd:64)
       [2] _mid_attempt (res://tests/modules/mind_cultivation/test_mind_persistence.gd:82)
       [3] test_restored_actor_can_resolve_the_loaded_attempt (res://tests/modules/mind_cultivation/test_mind_persistence.gd:148)
       [4] _initialize (res://tests/run_tests.gd:24)
SCRIPT ERROR: Invalid call. Nonexistent function 'path' in base 'Nil'.
   at: _prepare (res://tests/modules/mind_cultivation/test_mind_persistence.gd:30)
   GDScript backtrace (most recent call first):
       [0] _prepare (res://tests/modules/mind_cultivation/test_mind_persistence.gd:30)
       [1] _winning_seed (res://tests/modules/mind_cultivation/test_mind_persistence.gd:65)
       [2] _mid_attempt (res://tests/modules/mind_cultivation/test_mind_persistence.gd:82)
       [3] test_restored_actor_can_resolve_the_loaded_attempt (res://tests/modules/mind_cultivation/test_mind_persistence.gd:148)
       [4] _initialize (res://tests/run_tests.gd:24)
SCRIPT ERROR: Invalid call. Nonexistent function 'attach' in base 'GDScript'.
   at: _actor (res://tests/modules/mind_cultivation/test_mind_persistence.gd:13)
   GDScript backtrace (most recent call first):
       [0] _actor (res://tests/modules/mind_cultivation/test_mind_persistence.gd:13)
       [1] _winning_seed (res://tests/modules/mind_cultivation/test_mind_persistence.gd:64)
       [2] _mid_attempt (res://tests/modules/mind_cultivation/test_mind_persistence.gd:82)
       [3] test_restored_actor_can_resolve_the_loaded_attempt (res://tests/modules/mind_cultivation/test_mind_persistence.gd:148)
       [4] _initialize (res://tests/run_tests.gd:24)
SCRIPT ERROR: Invalid call. Nonexistent function 'path' in base 'Nil'.
   at: _prepare (res://tests/modules/mind_cultivation/test_mind_persistence.gd:30)
   GDScript backtrace (most recent call first):
       [0] _prepare (res://tests/modules/mind_cultivation/test_mind_persistence.gd:30)
       [1] _winning_seed (res://tests/modules/mind_cultivation/test_mind_persistence.gd:65)
       [2] _mid_attempt (res://tests/modules/mind_cultivation/test_mind_persistence.gd:82)
       [3] test_restored_actor_can_resolve_the_loaded_attempt (res://tests/modules/mind_cultivation/test_mind_persistence.gd:148)
       [4] _initialize (res://tests/run_tests.gd:24)
SCRIPT ERROR: Invalid call. Nonexistent function 'attach' in base 'GDScript'.
   at: _actor (res://tests/modules/mind_cultivation/test_mind_persistence.gd:13)
   GDScript backtrace (most recent call first):
       [0] _actor (res://tests/modules/mind_cultivation/test_mind_persistence.gd:13)
       [1] _winning_seed (res://tests/modules/mind_cultivation/test_mind_persistence.gd:64)
       [2] _mid_attempt (res://tests/modules/mind_cultivation/test_mind_persistence.gd:82)
       [3] test_restored_actor_can_resolve_the_loaded_attempt (res://tests/modules/mind_cultivation/test_mind_persistence.gd:148)
       [4] _initialize (res://tests/run_tests.gd:24)
SCRIPT ERROR: Invalid call. Nonexistent function 'path' in base 'Nil'.
   at: _prepare (res://tests/modules/mind_cultivation/test_mind_persistence.gd:30)
   GDScript backtrace (most recent call first):
       [0] _prepare (res://tests/modules/mind_cultivation/test_mind_persistence.gd:30)
       [1] _winning_seed (res://tests/modules/mind_cultivation/test_mind_persistence.gd:65)
       [2] _mid_attempt (res://tests/modules/mind_cultivation/test_mind_persistence.gd:82)
       [3] test_restored_actor_can_resolve_the_loaded_attempt (res://tests/modules/mind_cultivation/test_mind_persistence.gd:148)
       [4] _initialize (res://tests/run_tests.gd:24)
SCRIPT ERROR: Invalid call. Nonexistent function 'attach' in base 'GDScript'.
   at: _actor (res://tests/modules/mind_cultivation/test_mind_persistence.gd:13)
   GDScript backtrace (most recent call first):
       [0] _actor (res://tests/modules/mind_cultivation/test_mind_persistence.gd:13)
       [1] _winning_seed (res://tests/modules/mind_cultivation/test_mind_persistence.gd:64)
       [2] _mid_attempt (res://tests/modules/mind_cultivation/test_mind_persistence.gd:82)
       [3] test_restored_actor_can_resolve_the_loaded_attempt (res://tests/modules/mind_cultivation/test_mind_persistence.gd:148)
       [4] _initialize (res://tests/run_tests.gd:24)
SCRIPT ERROR: Invalid call. Nonexistent function 'path' in base 'Nil'.
   at: _prepare (res://tests/modules/mind_cultivation/test_mind_persistence.gd:30)
   GDScript backtrace (most recent call first):
       [0] _prepare (res://tests/modules/mind_cultivation/test_mind_persistence.gd:30)
       [1] _winning_seed (res://tests/modules/mind_cultivation/test_mind_persistence.gd:65)
       [2] _mid_attempt (res://tests/modules/mind_cultivation/test_mind_persistence.gd:82)
       [3] test_restored_actor_can_resolve_the_loaded_attempt (res://tests/modules/mind_cultivation/test_mind_persistence.gd:148)
       [4] _initialize (res://tests/run_tests.gd:24)
SCRIPT ERROR: Invalid call. Nonexistent function 'attach' in base 'GDScript'.
   at: _actor (res://tests/modules/mind_cultivation/test_mind_persistence.gd:13)
   GDScript backtrace (most recent call first):
       [0] _actor (res://tests/modules/mind_cultivation/test_mind_persistence.gd:13)
       [1] _winning_seed (res://tests/modules/mind_cultivation/test_mind_persistence.gd:64)
       [2] _mid_attempt (res://tests/modules/mind_cultivation/test_mind_persistence.gd:82)
       [3] test_restored_actor_can_resolve_the_loaded_attempt (res://tests/modules/mind_cultivation/test_mind_persistence.gd:148)
       [4] _initialize (res://tests/run_tests.gd:24)
SCRIPT ERROR: Invalid call. Nonexistent function 'path' in base 'Nil'.
   at: _prepare (res://tests/modules/mind_cultivation/test_mind_persistence.gd:30)
   GDScript backtrace (most recent call first):
       [0] _prepare (res://tests/modules/mind_cultivation/test_mind_persistence.gd:30)
       [1] _winning_seed (res://tests/modules/mind_cultivation/test_mind_persistence.gd:65)
       [2] _mid_attempt (res://tests/modules/mind_cultivation/test_mind_persistence.gd:82)
       [3] test_restored_actor_can_resolve_the_loaded_attempt (res://tests/modules/mind_cultivation/test_mind_persistence.gd:148)
       [4] _initialize (res://tests/run_tests.gd:24)
SCRIPT ERROR: Invalid call. Nonexistent function 'attach' in base 'GDScript'.
   at: _actor (res://tests/modules/mind_cultivation/test_mind_persistence.gd:13)
   GDScript backtrace (most recent call first):
       [0] _actor (res://tests/modules/mind_cultivation/test_mind_persistence.gd:13)
       [1] _winning_seed (res://tests/modules/mind_cultivation/test_mind_persistence.gd:64)
       [2] _mid_attempt (res://tests/modules/mind_cultivation/test_mind_persistence.gd:82)
       [3] test_restored_actor_can_resolve_the_loaded_attempt (res://tests/modules/mind_cultivation/test_mind_persistence.gd:148)
       [4] _initialize (res://tests/run_tests.gd:24)
SCRIPT ERROR: Invalid call. Nonexistent function 'path' in base 'Nil'.
   at: _prepare (res://tests/modules/mind_cultivation/test_mind_persistence.gd:30)
   GDScript backtrace (most recent call first):
       [0] _prepare (res://tests/modules/mind_cultivation/test_mind_persistence.gd:30)
       [1] _winning_seed (res://tests/modules/mind_cultivation/test_mind_persistence.gd:65)
       [2] _mid_attempt (res://tests/modules/mind_cultivation/test_mind_persistence.gd:82)
       [3] test_restored_actor_can_resolve_the_loaded_attempt (res://tests/modules/mind_cultivation/test_mind_persistence.gd:148)
       [4] _initialize (res://tests/run_tests.gd:24)
SCRIPT ERROR: Invalid call. Nonexistent function 'attach' in base 'GDScript'.
   at: _actor (res://tests/modules/mind_cultivation/test_mind_persistence.gd:13)
   GDScript backtrace (most recent call first):
       [0] _actor (res://tests/modules/mind_cultivation/test_mind_persistence.gd:13)
       [1] _winning_seed (res://tests/modules/mind_cultivation/test_mind_persistence.gd:64)
       [2] _mid_attempt (res://tests/modules/mind_cultivation/test_mind_persistence.gd:82)
       [3] test_restored_actor_can_resolve_the_loaded_attempt (res://tests/modules/mind_cultivation/test_mind_persistence.gd:148)
       [4] _initialize (res://tests/run_tests.gd:24)
SCRIPT ERROR: Invalid call. Nonexistent function 'path' in base 'Nil'.
   at: _prepare (res://tests/modules/mind_cultivation/test_mind_persistence.gd:30)
   GDScript backtrace (most recent call first):
       [0] _prepare (res://tests/modules/mind_cultivation/test_mind_persistence.gd:30)
       [1] _winning_seed (res://tests/modules/mind_cultivation/test_mind_persistence.gd:65)
       [2] _mid_attempt (res://tests/modules/mind_cultivation/test_mind_persistence.gd:82)
       [3] test_restored_actor_can_resolve_the_loaded_attempt (res://tests/modules/mind_cultivation/test_mind_persistence.gd:148)
       [4] _initialize (res://tests/run_tests.gd:24)
SCRIPT ERROR: Invalid call. Nonexistent function 'attach' in base 'GDScript'.
   at: _actor (res://tests/modules/mind_cultivation/test_mind_persistence.gd:13)
   GDScript backtrace (most recent call first):
       [0] _actor (res://tests/modules/mind_cultivation/test_mind_persistence.gd:13)
       [1] _winning_seed (res://tests/modules/mind_cultivation/test_mind_persistence.gd:64)
       [2] _mid_attempt (res://tests/modules/mind_cultivation/test_mind_persistence.gd:82)
       [3] test_restored_actor_can_resolve_the_loaded_attempt (res://tests/modules/mind_cultivation/test_mind_persistence.gd:148)
       [4] _initialize (res://tests/run_tests.gd:24)
SCRIPT ERROR: Invalid call. Nonexistent function 'path' in base 'Nil'.
   at: _prepare (res://tests/modules/mind_cultivation/test_mind_persistence.gd:30)
   GDScript backtrace (most recent call first):
       [0] _prepare (res://tests/modules/mind_cultivation/test_mind_persistence.gd:30)
       [1] _winning_seed (res://tests/modules/mind_cultivation/test_mind_persistence.gd:65)
       [2] _mid_attempt (res://tests/modules/mind_cultivation/test_mind_persistence.gd:82)
       [3] test_restored_actor_can_resolve_the_loaded_attempt (res://tests/modules/mind_cultivation/test_mind_persistence.gd:148)
       [4] _initialize (res://tests/run_tests.gd:24)
SCRIPT ERROR: Invalid call. Nonexistent function 'attach' in base 'GDScript'.
   at: _actor (res://tests/modules/mind_cultivation/test_mind_persistence.gd:13)
   GDScript backtrace (most recent call first):
       [0] _actor (res://tests/modules/mind_cultivation/test_mind_persistence.gd:13)
       [1] _winning_seed (res://tests/modules/mind_cultivation/test_mind_persistence.gd:64)
       [2] _mid_attempt (res://tests/modules/mind_cultivation/test_mind_persistence.gd:82)
       [3] test_restored_actor_can_resolve_the_loaded_attempt (res://tests/modules/mind_cultivation/test_mind_persistence.gd:148)
       [4] _initialize (res://tests/run_tests.gd:24)
SCRIPT ERROR: Invalid call. Nonexistent function 'path' in base 'Nil'.
   at: _prepare (res://tests/modules/mind_cultivation/test_mind_persistence.gd:30)
   GDScript backtrace (most recent call first):
       [0] _prepare (res://tests/modules/mind_cultivation/test_mind_persistence.gd:30)
       [1] _winning_seed (res://tests/modules/mind_cultivation/test_mind_persistence.gd:65)
       [2] _mid_attempt (res://tests/modules/mind_cultivation/test_mind_persistence.gd:82)
       [3] test_restored_actor_can_resolve_the_loaded_attempt (res://tests/modules/mind_cultivation/test_mind_persistence.gd:148)
       [4] _initialize (res://tests/run_tests.gd:24)
SCRIPT ERROR: Invalid call. Nonexistent function 'attach' in base 'GDScript'.
   at: _actor (res://tests/modules/mind_cultivation/test_mind_persistence.gd:13)
   GDScript backtrace (most recent call first):
       [0] _actor (res://tests/modules/mind_cultivation/test_mind_persistence.gd:13)
       [1] _winning_seed (res://tests/modules/mind_cultivation/test_mind_persistence.gd:64)
       [2] _mid_attempt (res://tests/modules/mind_cultivation/test_mind_persistence.gd:82)
       [3] test_restored_actor_can_resolve_the_loaded_attempt (res://tests/modules/mind_cultivation/test_mind_persistence.gd:148)
       [4] _initialize (res://tests/run_tests.gd:24)
SCRIPT ERROR: Invalid call. Nonexistent function 'path' in base 'Nil'.
   at: _prepare (res://tests/modules/mind_cultivation/test_mind_persistence.gd:30)
   GDScript backtrace (most recent call first):
       [0] _prepare (res://tests/modules/mind_cultivation/test_mind_persistence.gd:30)
       [1] _winning_seed (res://tests/modules/mind_cultivation/test_mind_persistence.gd:65)
       [2] _mid_attempt (res://tests/modules/mind_cultivation/test_mind_persistence.gd:82)
       [3] test_restored_actor_can_resolve_the_loaded_attempt (res://tests/modules/mind_cultivation/test_mind_persistence.gd:148)
       [4] _initialize (res://tests/run_tests.gd:24)
SCRIPT ERROR: Invalid call. Nonexistent function 'attach' in base 'GDScript'.
   at: _actor (res://tests/modules/mind_cultivation/test_mind_persistence.gd:13)
   GDScript backtrace (most recent call first):
       [0] _actor (res://tests/modules/mind_cultivation/test_mind_persistence.gd:13)
       [1] _winning_seed (res://tests/modules/mind_cultivation/test_mind_persistence.gd:64)
       [2] _mid_attempt (res://tests/modules/mind_cultivation/test_mind_persistence.gd:82)
       [3] test_restored_actor_can_resolve_the_loaded_attempt (res://tests/modules/mind_cultivation/test_mind_persistence.gd:148)
       [4] _initialize (res://tests/run_tests.gd:24)
SCRIPT ERROR: Invalid call. Nonexistent function 'path' in base 'Nil'.
   at: _prepare (res://tests/modules/mind_cultivation/test_mind_persistence.gd:30)
   GDScript backtrace (most recent call first):
       [0] _prepare (res://tests/modules/mind_cultivation/test_mind_persistence.gd:30)
       [1] _winning_seed (res://tests/modules/mind_cultivation/test_mind_persistence.gd:65)
       [2] _mid_attempt (res://tests/modules/mind_cultivation/test_mind_persistence.gd:82)
       [3] test_restored_actor_can_resolve_the_loaded_attempt (res://tests/modules/mind_cultivation/test_mind_persistence.gd:148)
       [4] _initialize (res://tests/run_tests.gd:24)
SCRIPT ERROR: Invalid call. Nonexistent function 'attach' in base 'GDScript'.
   at: _actor (res://tests/modules/mind_cultivation/test_mind_persistence.gd:13)
   GDScript backtrace (most recent call first):
       [0] _actor (res://tests/modules/mind_cultivation/test_mind_persistence.gd:13)
       [1] _winning_seed (res://tests/modules/mind_cultivation/test_mind_persistence.gd:64)
       [2] _mid_attempt (res://tests/modules/mind_cultivation/test_mind_persistence.gd:82)
       [3] test_restored_actor_can_resolve_the_loaded_attempt (res://tests/modules/mind_cultivation/test_mind_persistence.gd:148)
       [4] _initialize (res://tests/run_tests.gd:24)
SCRIPT ERROR: Invalid call. Nonexistent function 'path' in base 'Nil'.
   at: _prepare (res://tests/modules/mind_cultivation/test_mind_persistence.gd:30)
   GDScript backtrace (most recent call first):
       [0] _prepare (res://tests/modules/mind_cultivation/test_mind_persistence.gd:30)
       [1] _winning_seed (res://tests/modules/mind_cultivation/test_mind_persistence.gd:65)
       [2] _mid_attempt (res://tests/modules/mind_cultivation/test_mind_persistence.gd:82)
       [3] test_restored_actor_can_resolve_the_loaded_attempt (res://tests/modules/mind_cultivation/test_mind_persistence.gd:148)
       [4] _initialize (res://tests/run_tests.gd:24)
SCRIPT ERROR: Invalid call. Nonexistent function 'attach' in base 'GDScript'.
   at: _actor (res://tests/modules/mind_cultivation/test_mind_persistence.gd:13)
   GDScript backtrace (most recent call first):
       [0] _actor (res://tests/modules/mind_cultivation/test_mind_persistence.gd:13)
       [1] _winning_seed (res://tests/modules/mind_cultivation/test_mind_persistence.gd:64)
       [2] _mid_attempt (res://tests/modules/mind_cultivation/test_mind_persistence.gd:82)
       [3] test_restored_actor_can_resolve_the_loaded_attempt (res://tests/modules/mind_cultivation/test_mind_persistence.gd:148)
       [4] _initialize (res://tests/run_tests.gd:24)
SCRIPT ERROR: Invalid call. Nonexistent function 'path' in base 'Nil'.
   at: _prepare (res://tests/modules/mind_cultivation/test_mind_persistence.gd:30)
   GDScript backtrace (most recent call first):
       [0] _prepare (res://tests/modules/mind_cultivation/test_mind_persistence.gd:30)
       [1] _winning_seed (res://tests/modules/mind_cultivation/test_mind_persistence.gd:65)
       [2] _mid_attempt (res://tests/modules/mind_cultivation/test_mind_persistence.gd:82)
       [3] test_restored_actor_can_resolve_the_loaded_attempt (res://tests/modules/mind_cultivation/test_mind_persistence.gd:148)
       [4] _initialize (res://tests/run_tests.gd:24)
SCRIPT ERROR: Invalid call. Nonexistent function 'attach' in base 'GDScript'.
   at: _actor (res://tests/modules/mind_cultivation/test_mind_persistence.gd:13)
   GDScript backtrace (most recent call first):
       [0] _actor (res://tests/modules/mind_cultivation/test_mind_persistence.gd:13)
       [1] _winning_seed (res://tests/modules/mind_cultivation/test_mind_persistence.gd:64)
       [2] _mid_attempt (res://tests/modules/mind_cultivation/test_mind_persistence.gd:82)
       [3] test_restored_actor_can_resolve_the_loaded_attempt (res://tests/modules/mind_cultivation/test_mind_persistence.gd:148)
       [4] _initialize (res://tests/run_tests.gd:24)
SCRIPT ERROR: Invalid call. Nonexistent function 'path' in base 'Nil'.
   at: _prepare (res://tests/modules/mind_cultivation/test_mind_persistence.gd:30)
   GDScript backtrace (most recent call first):
       [0] _prepare (res://tests/modules/mind_cultivation/test_mind_persistence.gd:30)
       [1] _winning_seed (res://tests/modules/mind_cultivation/test_mind_persistence.gd:65)
       [2] _mid_attempt (res://tests/modules/mind_cultivation/test_mind_persistence.gd:82)
       [3] test_restored_actor_can_resolve_the_loaded_attempt (res://tests/modules/mind_cultivation/test_mind_persistence.gd:148)
       [4] _initialize (res://tests/run_tests.gd:24)
SCRIPT ERROR: Invalid call. Nonexistent function 'attach' in base 'GDScript'.
   at: _actor (res://tests/modules/mind_cultivation/test_mind_persistence.gd:13)
   GDScript backtrace (most recent call first):
       [0] _actor (res://tests/modules/mind_cultivation/test_mind_persistence.gd:13)
       [1] _winning_seed (res://tests/modules/mind_cultivation/test_mind_persistence.gd:64)
       [2] _mid_attempt (res://tests/modules/mind_cultivation/test_mind_persistence.gd:82)
       [3] test_restored_actor_can_resolve_the_loaded_attempt (res://tests/modules/mind_cultivation/test_mind_persistence.gd:148)
       [4] _initialize (res://tests/run_tests.gd:24)
SCRIPT ERROR: Invalid call. Nonexistent function 'path' in base 'Nil'.
   at: _prepare (res://tests/modules/mind_cultivation/test_mind_persistence.gd:30)
   GDScript backtrace (most recent call first):
       [0] _prepare (res://tests/modules/mind_cultivation/test_mind_persistence.gd:30)
       [1] _winning_seed (res://tests/modules/mind_cultivation/test_mind_persistence.gd:65)
       [2] _mid_attempt (res://tests/modules/mind_cultivation/test_mind_persistence.gd:82)
       [3] test_restored_actor_can_resolve_the_loaded_attempt (res://tests/modules/mind_cultivation/test_mind_persistence.gd:148)
       [4] _initialize (res://tests/run_tests.gd:24)
SCRIPT ERROR: Invalid call. Nonexistent function 'attach' in base 'GDScript'.
   at: _actor (res://tests/modules/mind_cultivation/test_mind_persistence.gd:13)
   GDScript backtrace (most recent call first):
       [0] _actor (res://tests/modules/mind_cultivation/test_mind_persistence.gd:13)
       [1] _winning_seed (res://tests/modules/mind_cultivation/test_mind_persistence.gd:64)
       [2] _mid_attempt (res://tests/modules/mind_cultivation/test_mind_persistence.gd:82)
       [3] test_restored_actor_can_resolve_the_loaded_attempt (res://tests/modules/mind_cultivation/test_mind_persistence.gd:148)
       [4] _initialize (res://tests/run_tests.gd:24)
SCRIPT ERROR: Invalid call. Nonexistent function 'path' in base 'Nil'.
   at: _prepare (res://tests/modules/mind_cultivation/test_mind_persistence.gd:30)
   GDScript backtrace (most recent call first):
       [0] _prepare (res://tests/modules/mind_cultivation/test_mind_persistence.gd:30)
       [1] _winning_seed (res://tests/modules/mind_cultivation/test_mind_persistence.gd:65)
       [2] _mid_attempt (res://tests/modules/mind_cultivation/test_mind_persistence.gd:82)
       [3] test_restored_actor_can_resolve_the_loaded_attempt (res://tests/modules/mind_cultivation/test_mind_persistence.gd:148)
       [4] _initialize (res://tests/run_tests.gd:24)
SCRIPT ERROR: Invalid call. Nonexistent function 'attach' in base 'GDScript'.
   at: _actor (res://tests/modules/mind_cultivation/test_mind_persistence.gd:13)
   GDScript backtrace (most recent call first):
       [0] _actor (res://tests/modules/mind_cultivation/test_mind_persistence.gd:13)
       [1] _winning_seed (res://tests/modules/mind_cultivation/test_mind_persistence.gd:64)
       [2] _mid_attempt (res://tests/modules/mind_cultivation/test_mind_persistence.gd:82)
       [3] test_restored_actor_can_resolve_the_loaded_attempt (res://tests/modules/mind_cultivation/test_mind_persistence.gd:148)
       [4] _initialize (res://tests/run_tests.gd:24)
SCRIPT ERROR: Invalid call. Nonexistent function 'path' in base 'Nil'.
   at: _prepare (res://tests/modules/mind_cultivation/test_mind_persistence.gd:30)
   GDScript backtrace (most recent call first):
       [0] _prepare (res://tests/modules/mind_cultivation/test_mind_persistence.gd:30)
       [1] _winning_seed (res://tests/modules/mind_cultivation/test_mind_persistence.gd:65)
       [2] _mid_attempt (res://tests/modules/mind_cultivation/test_mind_persistence.gd:82)
       [3] test_restored_actor_can_resolve_the_loaded_attempt (res://tests/modules/mind_cultivation/test_mind_persistence.gd:148)
       [4] _initialize (res://tests/run_tests.gd:24)
SCRIPT ERROR: Invalid call. Nonexistent function 'attach' in base 'GDScript'.
   at: _actor (res://tests/modules/mind_cultivation/test_mind_persistence.gd:13)
   GDScript backtrace (most recent call first):
       [0] _actor (res://tests/modules/mind_cultivation/test_mind_persistence.gd:13)
       [1] _winning_seed (res://tests/modules/mind_cultivation/test_mind_persistence.gd:64)
       [2] _mid_attempt (res://tests/modules/mind_cultivation/test_mind_persistence.gd:82)
       [3] test_restored_actor_can_resolve_the_loaded_attempt (res://tests/modules/mind_cultivation/test_mind_persistence.gd:148)
       [4] _initialize (res://tests/run_tests.gd:24)
SCRIPT ERROR: Invalid call. Nonexistent function 'path' in base 'Nil'.
   at: _prepare (res://tests/modules/mind_cultivation/test_mind_persistence.gd:30)
   GDScript backtrace (most recent call first):
       [0] _prepare (res://tests/modules/mind_cultivation/test_mind_persistence.gd:30)
       [1] _winning_seed (res://tests/modules/mind_cultivation/test_mind_persistence.gd:65)
       [2] _mid_attempt (res://tests/modules/mind_cultivation/test_mind_persistence.gd:82)
       [3] test_restored_actor_can_resolve_the_loaded_attempt (res://tests/modules/mind_cultivation/test_mind_persistence.gd:148)
       [4] _initialize (res://tests/run_tests.gd:24)
SCRIPT ERROR: Invalid call. Nonexistent function 'attach' in base 'GDScript'.
   at: _actor (res://tests/modules/mind_cultivation/test_mind_persistence.gd:13)
   GDScript backtrace (most recent call first):
       [0] _actor (res://tests/modules/mind_cultivation/test_mind_persistence.gd:13)
       [1] _winning_seed (res://tests/modules/mind_cultivation/test_mind_persistence.gd:64)
       [2] _mid_attempt (res://tests/modules/mind_cultivation/test_mind_persistence.gd:82)
       [3] test_restored_actor_can_resolve_the_loaded_attempt (res://tests/modules/mind_cultivation/test_mind_persistence.gd:148)
       [4] _initialize (res://tests/run_tests.gd:24)
SCRIPT ERROR: Invalid call. Nonexistent function 'path' in base 'Nil'.
   at: _prepare (res://tests/modules/mind_cultivation/test_mind_persistence.gd:30)
   GDScript backtrace (most recent call first):
       [0] _prepare (res://tests/modules/mind_cultivation/test_mind_persistence.gd:30)
       [1] _winning_seed (res://tests/modules/mind_cultivation/test_mind_persistence.gd:65)
       [2] _mid_attempt (res://tests/modules/mind_cultivation/test_mind_persistence.gd:82)
       [3] test_restored_actor_can_resolve_the_loaded_attempt (res://tests/modules/mind_cultivation/test_mind_persistence.gd:148)
       [4] _initialize (res://tests/run_tests.gd:24)
SCRIPT ERROR: Invalid call. Nonexistent function 'attach' in base 'GDScript'.
   at: _actor (res://tests/modules/mind_cultivation/test_mind_persistence.gd:13)
   GDScript backtrace (most recent call first):
       [0] _actor (res://tests/modules/mind_cultivation/test_mind_persistence.gd:13)
       [1] _winning_seed (res://tests/modules/mind_cultivation/test_mind_persistence.gd:64)
       [2] _mid_attempt (res://tests/modules/mind_cultivation/test_mind_persistence.gd:82)
       [3] test_restored_actor_can_resolve_the_loaded_attempt (res://tests/modules/mind_cultivation/test_mind_persistence.gd:148)
       [4] _initialize (res://tests/run_tests.gd:24)
SCRIPT ERROR: Invalid call. Nonexistent function 'path' in base 'Nil'.
   at: _prepare (res://tests/modules/mind_cultivation/test_mind_persistence.gd:30)
   GDScript backtrace (most recent call first):
       [0] _prepare (res://tests/modules/mind_cultivation/test_mind_persistence.gd:30)
       [1] _winning_seed (res://tests/modules/mind_cultivation/test_mind_persistence.gd:65)
       [2] _mid_attempt (res://tests/modules/mind_cultivation/test_mind_persistence.gd:82)
       [3] test_restored_actor_can_resolve_the_loaded_attempt (res://tests/modules/mind_cultivation/test_mind_persistence.gd:148)
       [4] _initialize (res://tests/run_tests.gd:24)
SCRIPT ERROR: Invalid call. Nonexistent function 'attach' in base 'GDScript'.
   at: _actor (res://tests/modules/mind_cultivation/test_mind_persistence.gd:13)
   GDScript backtrace (most recent call first):
       [0] _actor (res://tests/modules/mind_cultivation/test_mind_persistence.gd:13)
       [1] _winning_seed (res://tests/modules/mind_cultivation/test_mind_persistence.gd:64)
       [2] _mid_attempt (res://tests/modules/mind_cultivation/test_mind_persistence.gd:82)
       [3] test_restored_actor_can_resolve_the_loaded_attempt (res://tests/modules/mind_cultivation/test_mind_persistence.gd:148)
       [4] _initialize (res://tests/run_tests.gd:24)
SCRIPT ERROR: Invalid call. Nonexistent function 'path' in base 'Nil'.
   at: _prepare (res://tests/modules/mind_cultivation/test_mind_persistence.gd:30)
   GDScript backtrace (most recent call first):
       [0] _prepare (res://tests/modules/mind_cultivation/test_mind_persistence.gd:30)
       [1] _winning_seed (res://tests/modules/mind_cultivation/test_mind_persistence.gd:65)
       [2] _mid_attempt (res://tests/modules/mind_cultivation/test_mind_persistence.gd:82)
       [3] test_restored_actor_can_resolve_the_loaded_attempt (res://tests/modules/mind_cultivation/test_mind_persistence.gd:148)
       [4] _initialize (res://tests/run_tests.gd:24)
SCRIPT ERROR: Invalid call. Nonexistent function 'attach' in base 'GDScript'.
   at: _actor (res://tests/modules/mind_cultivation/test_mind_persistence.gd:13)
   GDScript backtrace (most recent call first):
       [0] _actor (res://tests/modules/mind_cultivation/test_mind_persistence.gd:13)
       [1] _winning_seed (res://tests/modules/mind_cultivation/test_mind_persistence.gd:64)
       [2] _mid_attempt (res://tests/modules/mind_cultivation/test_mind_persistence.gd:82)
       [3] test_restored_actor_can_resolve_the_loaded_attempt (res://tests/modules/mind_cultivation/test_mind_persistence.gd:148)
       [4] _initialize (res://tests/run_tests.gd:24)
SCRIPT ERROR: Invalid call. Nonexistent function 'path' in base 'Nil'.
   at: _prepare (res://tests/modules/mind_cultivation/test_mind_persistence.gd:30)
   GDScript backtrace (most recent call first):
       [0] _prepare (res://tests/modules/mind_cultivation/test_mind_persistence.gd:30)
       [1] _winning_seed (res://tests/modules/mind_cultivation/test_mind_persistence.gd:65)
       [2] _mid_attempt (res://tests/modules/mind_cultivation/test_mind_persistence.gd:82)
       [3] test_restored_actor_can_resolve_the_loaded_attempt (res://tests/modules/mind_cultivation/test_mind_persistence.gd:148)
       [4] _initialize (res://tests/run_tests.gd:24)
SCRIPT ERROR: Invalid call. Nonexistent function 'attach' in base 'GDScript'.
   at: _actor (res://tests/modules/mind_cultivation/test_mind_persistence.gd:13)
   GDScript backtrace (most recent call first):
       [0] _actor (res://tests/modules/mind_cultivation/test_mind_persistence.gd:13)
       [1] _winning_seed (res://tests/modules/mind_cultivation/test_mind_persistence.gd:64)
       [2] _mid_attempt (res://tests/modules/mind_cultivation/test_mind_persistence.gd:82)
       [3] test_restored_actor_can_resolve_the_loaded_attempt (res://tests/modules/mind_cultivation/test_mind_persistence.gd:148)
       [4] _initialize (res://tests/run_tests.gd:24)
SCRIPT ERROR: Invalid call. Nonexistent function 'path' in base 'Nil'.
   at: _prepare (res://tests/modules/mind_cultivation/test_mind_persistence.gd:30)
   GDScript backtrace (most recent call first):
       [0] _prepare (res://tests/modules/mind_cultivation/test_mind_persistence.gd:30)
       [1] _winning_seed (res://tests/modules/mind_cultivation/test_mind_persistence.gd:65)
       [2] _mid_attempt (res://tests/modules/mind_cultivation/test_mind_persistence.gd:82)
       [3] test_restored_actor_can_resolve_the_loaded_attempt (res://tests/modules/mind_cultivation/test_mind_persistence.gd:148)
       [4] _initialize (res://tests/run_tests.gd:24)
SCRIPT ERROR: Invalid call. Nonexistent function 'attach' in base 'GDScript'.
   at: _actor (res://tests/modules/mind_cultivation/test_mind_persistence.gd:13)
   GDScript backtrace (most recent call first):
       [0] _actor (res://tests/modules/mind_cultivation/test_mind_persistence.gd:13)
       [1] _winning_seed (res://tests/modules/mind_cultivation/test_mind_persistence.gd:64)
       [2] _mid_attempt (res://tests/modules/mind_cultivation/test_mind_persistence.gd:82)
       [3] test_restored_actor_can_resolve_the_loaded_attempt (res://tests/modules/mind_cultivation/test_mind_persistence.gd:148)
       [4] _initialize (res://tests/run_tests.gd:24)
SCRIPT ERROR: Invalid call. Nonexistent function 'path' in base 'Nil'.
   at: _prepare (res://tests/modules/mind_cultivation/test_mind_persistence.gd:30)
   GDScript backtrace (most recent call first):
       [0] _prepare (res://tests/modules/mind_cultivation/test_mind_persistence.gd:30)
       [1] _winning_seed (res://tests/modules/mind_cultivation/test_mind_persistence.gd:65)
       [2] _mid_attempt (res://tests/modules/mind_cultivation/test_mind_persistence.gd:82)
       [3] test_restored_actor_can_resolve_the_loaded_attempt (res://tests/modules/mind_cultivation/test_mind_persistence.gd:148)
       [4] _initialize (res://tests/run_tests.gd:24)
SCRIPT ERROR: Invalid call. Nonexistent function 'get_module_data' in base 'Nil'.
   at: attempt (res://src/modules/mind_cultivation/advancement.gd:108)
   GDScript backtrace (most recent call first):
       [0] attempt (res://src/modules/mind_cultivation/advancement.gd:108)
       [1] active_attempt (res://src/modules/mind_cultivation/advancement.gd:116)
       [2] start (res://src/modules/mind_cultivation/advancement.gd:137)
       [3] _mid_attempt (res://tests/modules/mind_cultivation/test_mind_persistence.gd:83)
       [4] test_restored_actor_can_resolve_the_loaded_attempt (res://tests/modules/mind_cultivation/test_mind_persistence.gd:148)
       [5] _initialize (res://tests/run_tests.gd:24)
SCRIPT ERROR: Invalid call. Nonexistent function 'path' in base 'Nil'.
   at: start (res://src/modules/mind_cultivation/advancement.gd:139)
   GDScript backtrace (most recent call first):
       [0] start (res://src/modules/mind_cultivation/advancement.gd:139)
       [1] _mid_attempt (res://tests/modules/mind_cultivation/test_mind_persistence.gd:83)
       [2] test_restored_actor_can_resolve_the_loaded_attempt (res://tests/modules/mind_cultivation/test_mind_persistence.gd:148)
       [3] _initialize (res://tests/run_tests.gd:24)
SCRIPT ERROR: Invalid call. Nonexistent function 'sea' in base 'GDScript'.
   at: _mid_attempt (res://tests/modules/mind_cultivation/test_mind_persistence.gd:85)
   GDScript backtrace (most recent call first):
       [0] _mid_attempt (res://tests/modules/mind_cultivation/test_mind_persistence.gd:85)
       [1] test_restored_actor_can_resolve_the_loaded_attempt (res://tests/modules/mind_cultivation/test_mind_persistence.gd:148)
       [2] _initialize (res://tests/run_tests.gd:24)
SCRIPT ERROR: Invalid call. Nonexistent function 'to_dict' in base 'Nil'.
   at: test_restored_actor_can_resolve_the_loaded_attempt (res://tests/modules/mind_cultivation/test_mind_persistence.gd:149)
   GDScript backtrace (most recent call first):
       [0] test_restored_actor_can_resolve_the_loaded_attempt (res://tests/modules/mind_cultivation/test_mind_persistence.gd:149)
       [1] _initialize (res://tests/run_tests.gd:24)
ERROR: res://tests/modules/mind_cultivation/test_mind_persistence.gd :: prepared: expected not <null>, got <null>
   at: push_error (core/variant/variant_utility.cpp:1023)
   GDScript backtrace (most recent call first):
       [0] _initialize (res://tests/run_tests.gd:28)
ERROR: res://tests/modules/mind_cultivation/test_mind_persistence.gd :: attempt started: expected not <null>, got <null>
   at: push_error (core/variant/variant_utility.cpp:1023)
   GDScript backtrace (most recent call first):
       [0] _initialize (res://tests/run_tests.gd:28)
ERROR: res://tests/modules/mind_cultivation/test_mind_persistence.gd :: prepared: expected not <null>, got <null>
   at: push_error (core/variant/variant_utility.cpp:1023)
   GDScript backtrace (most recent call first):
       [0] _initialize (res://tests/run_tests.gd:28)
ERROR: res://tests/modules/mind_cultivation/test_mind_persistence.gd :: attempt started: expected not <null>, got <null>
   at: push_error (core/variant/variant_utility.cpp:1023)
   GDScript backtrace (most recent call first):
       [0] _initialize (res://tests/run_tests.gd:28)
ERROR: res://tests/modules/mind_cultivation/test_mind_persistence.gd :: an attempt is in flight: expected not true, got true
   at: push_error (core/variant/variant_utility.cpp:1023)
   GDScript backtrace (most recent call first):
       [0] _initialize (res://tests/run_tests.gd:28)
ERROR: res://tests/modules/mind_cultivation/test_mind_persistence.gd :: prepared: expected not <null>, got <null>
   at: push_error (core/variant/variant_utility.cpp:1023)
   GDScript backtrace (most recent call first):
       [0] _initialize (res://tests/run_tests.gd:28)
ERROR: res://tests/modules/mind_cultivation/test_mind_persistence.gd :: attempt started: expected not <null>, got <null>
   at: push_error (core/variant/variant_utility.cpp:1023)
   GDScript backtrace (most recent call first):
       [0] _initialize (res://tests/run_tests.gd:28)
SCRIPT ERROR: Invalid call. Nonexistent function 'attach' in base 'GDScript'.
   at: _actor_at_rank (res://tests/modules/mind_cultivation/test_mind_power_curve.gd:50)
   GDScript backtrace (most recent call first):
       [0] _actor_at_rank (res://tests/modules/mind_cultivation/test_mind_power_curve.gd:50)
       [1] _technique_power_at (res://tests/modules/mind_cultivation/test_mind_power_curve.gd:77)
       [2] test_budget_restarts_each_tier_and_the_exponent_tames_it (res://tests/modules/mind_cultivation/test_mind_power_curve.gd:134)
       [3] _initialize (res://tests/run_tests.gd:24)
SCRIPT ERROR: Invalid access to property or key 'stats' on a base object of type 'Nil'.
   at: _technique_power_at (res://tests/modules/mind_cultivation/test_mind_power_curve.gd:77)
   GDScript backtrace (most recent call first):
       [0] _technique_power_at (res://tests/modules/mind_cultivation/test_mind_power_curve.gd:77)
       [1] test_budget_restarts_each_tier_and_the_exponent_tames_it (res://tests/modules/mind_cultivation/test_mind_power_curve.gd:134)
       [2] _initialize (res://tests/run_tests.gd:24)
SCRIPT ERROR: Invalid call. Nonexistent function 'attach' in base 'GDScript'.
   at: _actor_at_rank (res://tests/modules/mind_cultivation/test_mind_power_curve.gd:50)
   GDScript backtrace (most recent call first):
       [0] _actor_at_rank (res://tests/modules/mind_cultivation/test_mind_power_curve.gd:50)
       [1] _technique_power_at (res://tests/modules/mind_cultivation/test_mind_power_curve.gd:77)
       [2] test_budget_restarts_each_tier_and_the_exponent_tames_it (res://tests/modules/mind_cultivation/test_mind_power_curve.gd:134)
       [3] _initialize (res://tests/run_tests.gd:24)
SCRIPT ERROR: Invalid access to property or key 'stats' on a base object of type 'Nil'.
   at: _technique_power_at (res://tests/modules/mind_cultivation/test_mind_power_curve.gd:77)
   GDScript backtrace (most recent call first):
       [0] _technique_power_at (res://tests/modules/mind_cultivation/test_mind_power_curve.gd:77)
       [1] test_budget_restarts_each_tier_and_the_exponent_tames_it (res://tests/modules/mind_cultivation/test_mind_power_curve.gd:134)
       [2] _initialize (res://tests/run_tests.gd:24)
SCRIPT ERROR: Invalid call. Nonexistent function 'attach' in base 'GDScript'.
   at: _actor_at_rank (res://tests/modules/mind_cultivation/test_mind_power_curve.gd:50)
   GDScript backtrace (most recent call first):
       [0] _actor_at_rank (res://tests/modules/mind_cultivation/test_mind_power_curve.gd:50)
       [1] _sea_actor_at_rank (res://tests/modules/mind_cultivation/test_mind_power_curve.gd:57)
       [2] _fill_rate_at (res://tests/modules/mind_cultivation/test_mind_power_curve.gd:86)
       [3] test_fill_rate_increases_at_every_realm (res://tests/modules/mind_cultivation/test_mind_power_curve.gd:236)
       [4] _initialize (res://tests/run_tests.gd:24)
SCRIPT ERROR: Invalid call. Nonexistent function 'attach_sea' in base 'GDScript'.
   at: _sea_actor_at_rank (res://tests/modules/mind_cultivation/test_mind_power_curve.gd:58)
   GDScript backtrace (most recent call first):
       [0] _sea_actor_at_rank (res://tests/modules/mind_cultivation/test_mind_power_curve.gd:58)
       [1] _fill_rate_at (res://tests/modules/mind_cultivation/test_mind_power_curve.gd:86)
       [2] test_fill_rate_increases_at_every_realm (res://tests/modules/mind_cultivation/test_mind_power_curve.gd:236)
       [3] _initialize (res://tests/run_tests.gd:24)
SCRIPT ERROR: Invalid call. Nonexistent function 'path' in base 'Nil'.
   at: _fill_rate_at (res://tests/modules/mind_cultivation/test_mind_power_curve.gd:87)
   GDScript backtrace (most recent call first):
       [0] _fill_rate_at (res://tests/modules/mind_cultivation/test_mind_power_curve.gd:87)
       [1] test_fill_rate_increases_at_every_realm (res://tests/modules/mind_cultivation/test_mind_power_curve.gd:236)
       [2] _initialize (res://tests/run_tests.gd:24)
SCRIPT ERROR: Invalid call. Nonexistent function 'attach' in base 'GDScript'.
   at: _actor_at_rank (res://tests/modules/mind_cultivation/test_mind_power_curve.gd:50)
   GDScript backtrace (most recent call first):
       [0] _actor_at_rank (res://tests/modules/mind_cultivation/test_mind_power_curve.gd:50)
       [1] _sea_actor_at_rank (res://tests/modules/mind_cultivation/test_mind_power_curve.gd:57)
       [2] _fill_rate_at (res://tests/modules/mind_cultivation/test_mind_power_curve.gd:86)
       [3] test_fill_rate_increases_at_every_realm (res://tests/modules/mind_cultivation/test_mind_power_curve.gd:236)
       [4] _initialize (res://tests/run_tests.gd:24)
SCRIPT ERROR: Invalid call. Nonexistent function 'attach_sea' in base 'GDScript'.
   at: _sea_actor_at_rank (res://tests/modules/mind_cultivation/test_mind_power_curve.gd:58)
   GDScript backtrace (most recent call first):
       [0] _sea_actor_at_rank (res://tests/modules/mind_cultivation/test_mind_power_curve.gd:58)
       [1] _fill_rate_at (res://tests/modules/mind_cultivation/test_mind_power_curve.gd:86)
       [2] test_fill_rate_increases_at_every_realm (res://tests/modules/mind_cultivation/test_mind_power_curve.gd:236)
       [3] _initialize (res://tests/run_tests.gd:24)
SCRIPT ERROR: Invalid call. Nonexistent function 'path' in base 'Nil'.
   at: _fill_rate_at (res://tests/modules/mind_cultivation/test_mind_power_curve.gd:87)
   GDScript backtrace (most recent call first):
       [0] _fill_rate_at (res://tests/modules/mind_cultivation/test_mind_power_curve.gd:87)
       [1] test_fill_rate_increases_at_every_realm (res://tests/modules/mind_cultivation/test_mind_power_curve.gd:236)
       [2] _initialize (res://tests/run_tests.gd:24)
SCRIPT ERROR: Invalid call. Nonexistent function 'attach' in base 'GDScript'.
   at: _actor_at_rank (res://tests/modules/mind_cultivation/test_mind_power_curve.gd:50)
   GDScript backtrace (most recent call first):
       [0] _actor_at_rank (res://tests/modules/mind_cultivation/test_mind_power_curve.gd:50)
       [1] _sea_actor_at_rank (res://tests/modules/mind_cultivation/test_mind_power_curve.gd:57)
       [2] _fill_rate_at (res://tests/modules/mind_cultivation/test_mind_power_curve.gd:86)
       [3] test_fill_rate_increases_at_every_realm (res://tests/modules/mind_cultivation/test_mind_power_curve.gd:236)
       [4] _initialize (res://tests/run_tests.gd:24)
SCRIPT ERROR: Invalid call. Nonexistent function 'attach_sea' in base 'GDScript'.
   at: _sea_actor_at_rank (res://tests/modules/mind_cultivation/test_mind_power_curve.gd:58)
   GDScript backtrace (most recent call first):
       [0] _sea_actor_at_rank (res://tests/modules/mind_cultivation/test_mind_power_curve.gd:58)
       [1] _fill_rate_at (res://tests/modules/mind_cultivation/test_mind_power_curve.gd:86)
       [2] test_fill_rate_increases_at_every_realm (res://tests/modules/mind_cultivation/test_mind_power_curve.gd:236)
       [3] _initialize (res://tests/run_tests.gd:24)
SCRIPT ERROR: Invalid call. Nonexistent function 'path' in base 'Nil'.
   at: _fill_rate_at (res://tests/modules/mind_cultivation/test_mind_power_curve.gd:87)
   GDScript backtrace (most recent call first):
       [0] _fill_rate_at (res://tests/modules/mind_cultivation/test_mind_power_curve.gd:87)
       [1] test_fill_rate_increases_at_every_realm (res://tests/modules/mind_cultivation/test_mind_power_curve.gd:236)
       [2] _initialize (res://tests/run_tests.gd:24)
SCRIPT ERROR: Invalid call. Nonexistent function 'attach' in base 'GDScript'.
   at: _actor_at_rank (res://tests/modules/mind_cultivation/test_mind_power_curve.gd:50)
   GDScript backtrace (most recent call first):
       [0] _actor_at_rank (res://tests/modules/mind_cultivation/test_mind_power_curve.gd:50)
       [1] _sea_actor_at_rank (res://tests/modules/mind_cultivation/test_mind_power_curve.gd:57)
       [2] _fill_rate_at (res://tests/modules/mind_cultivation/test_mind_power_curve.gd:86)
       [3] test_fill_rate_increases_at_every_realm (res://tests/modules/mind_cultivation/test_mind_power_curve.gd:236)
       [4] _initialize (res://tests/run_tests.gd:24)
SCRIPT ERROR: Invalid call. Nonexistent function 'attach_sea' in base 'GDScript'.
   at: _sea_actor_at_rank (res://tests/modules/mind_cultivation/test_mind_power_curve.gd:58)
   GDScript backtrace (most recent call first):
       [0] _sea_actor_at_rank (res://tests/modules/mind_cultivation/test_mind_power_curve.gd:58)
       [1] _fill_rate_at (res://tests/modules/mind_cultivation/test_mind_power_curve.gd:86)
       [2] test_fill_rate_increases_at_every_realm (res://tests/modules/mind_cultivation/test_mind_power_curve.gd:236)
       [3] _initialize (res://tests/run_tests.gd:24)
SCRIPT ERROR: Invalid call. Nonexistent function 'path' in base 'Nil'.
   at: _fill_rate_at (res://tests/modules/mind_cultivation/test_mind_power_curve.gd:87)
   GDScript backtrace (most recent call first):
       [0] _fill_rate_at (res://tests/modules/mind_cultivation/test_mind_power_curve.gd:87)
       [1] test_fill_rate_increases_at_every_realm (res://tests/modules/mind_cultivation/test_mind_power_curve.gd:236)
       [2] _initialize (res://tests/run_tests.gd:24)
SCRIPT ERROR: Invalid call. Nonexistent function 'attach' in base 'GDScript'.
   at: _actor_at_rank (res://tests/modules/mind_cultivation/test_mind_power_curve.gd:50)
   GDScript backtrace (most recent call first):
       [0] _actor_at_rank (res://tests/modules/mind_cultivation/test_mind_power_curve.gd:50)
       [1] _sea_actor_at_rank (res://tests/modules/mind_cultivation/test_mind_power_curve.gd:57)
       [2] _fill_rate_at (res://tests/modules/mind_cultivation/test_mind_power_curve.gd:86)
       [3] test_fill_rate_increases_at_every_realm (res://tests/modules/mind_cultivation/test_mind_power_curve.gd:236)
       [4] _initialize (res://tests/run_tests.gd:24)
SCRIPT ERROR: Invalid call. Nonexistent function 'attach_sea' in base 'GDScript'.
   at: _sea_actor_at_rank (res://tests/modules/mind_cultivation/test_mind_power_curve.gd:58)
   GDScript backtrace (most recent call first):
       [0] _sea_actor_at_rank (res://tests/modules/mind_cultivation/test_mind_power_curve.gd:58)
       [1] _fill_rate_at (res://tests/modules/mind_cultivation/test_mind_power_curve.gd:86)
       [2] test_fill_rate_increases_at_every_realm (res://tests/modules/mind_cultivation/test_mind_power_curve.gd:236)
       [3] _initialize (res://tests/run_tests.gd:24)
SCRIPT ERROR: Invalid call. Nonexistent function 'path' in base 'Nil'.
   at: _fill_rate_at (res://tests/modules/mind_cultivation/test_mind_power_curve.gd:87)
   GDScript backtrace (most recent call first):
       [0] _fill_rate_at (res://tests/modules/mind_cultivation/test_mind_power_curve.gd:87)
       [1] test_fill_rate_increases_at_every_realm (res://tests/modules/mind_cultivation/test_mind_power_curve.gd:236)
       [2] _initialize (res://tests/run_tests.gd:24)
SCRIPT ERROR: Invalid call. Nonexistent function 'attach' in base 'GDScript'.
   at: _actor_at_rank (res://tests/modules/mind_cultivation/test_mind_power_curve.gd:50)
   GDScript backtrace (most recent call first):
       [0] _actor_at_rank (res://tests/modules/mind_cultivation/test_mind_power_curve.gd:50)
       [1] _sea_actor_at_rank (res://tests/modules/mind_cultivation/test_mind_power_curve.gd:57)
       [2] _fill_rate_at (res://tests/modules/mind_cultivation/test_mind_power_curve.gd:86)
       [3] test_fill_rate_increases_at_every_realm (res://tests/modules/mind_cultivation/test_mind_power_curve.gd:236)
       [4] _initialize (res://tests/run_tests.gd:24)
SCRIPT ERROR: Invalid call. Nonexistent function 'attach_sea' in base 'GDScript'.
   at: _sea_actor_at_rank (res://tests/modules/mind_cultivation/test_mind_power_curve.gd:58)
   GDScript backtrace (most recent call first):
       [0] _sea_actor_at_rank (res://tests/modules/mind_cultivation/test_mind_power_curve.gd:58)
       [1] _fill_rate_at (res://tests/modules/mind_cultivation/test_mind_power_curve.gd:86)
       [2] test_fill_rate_increases_at_every_realm (res://tests/modules/mind_cultivation/test_mind_power_curve.gd:236)
       [3] _initialize (res://tests/run_tests.gd:24)
SCRIPT ERROR: Invalid call. Nonexistent function 'path' in base 'Nil'.
   at: _fill_rate_at (res://tests/modules/mind_cultivation/test_mind_power_curve.gd:87)
   GDScript backtrace (most recent call first):
       [0] _fill_rate_at (res://tests/modules/mind_cultivation/test_mind_power_curve.gd:87)
       [1] test_fill_rate_increases_at_every_realm (res://tests/modules/mind_cultivation/test_mind_power_curve.gd:236)
       [2] _initialize (res://tests/run_tests.gd:24)
SCRIPT ERROR: Invalid call. Nonexistent function 'attach' in base 'GDScript'.
   at: _actor_at_rank (res://tests/modules/mind_cultivation/test_mind_power_curve.gd:50)
   GDScript backtrace (most recent call first):
       [0] _actor_at_rank (res://tests/modules/mind_cultivation/test_mind_power_curve.gd:50)
       [1] _sea_actor_at_rank (res://tests/modules/mind_cultivation/test_mind_power_curve.gd:57)
       [2] _fill_rate_at (res://tests/modules/mind_cultivation/test_mind_power_curve.gd:86)
       [3] test_fill_rate_increases_at_every_realm (res://tests/modules/mind_cultivation/test_mind_power_curve.gd:236)
       [4] _initialize (res://tests/run_tests.gd:24)
SCRIPT ERROR: Invalid call. Nonexistent function 'attach_sea' in base 'GDScript'.
   at: _sea_actor_at_rank (res://tests/modules/mind_cultivation/test_mind_power_curve.gd:58)
   GDScript backtrace (most recent call first):
       [0] _sea_actor_at_rank (res://tests/modules/mind_cultivation/test_mind_power_curve.gd:58)
       [1] _fill_rate_at (res://tests/modules/mind_cultivation/test_mind_power_curve.gd:86)
       [2] test_fill_rate_increases_at_every_realm (res://tests/modules/mind_cultivation/test_mind_power_curve.gd:236)
       [3] _initialize (res://tests/run_tests.gd:24)
SCRIPT ERROR: Invalid call. Nonexistent function 'path' in base 'Nil'.
   at: _fill_rate_at (res://tests/modules/mind_cultivation/test_mind_power_curve.gd:87)
   GDScript backtrace (most recent call first):
       [0] _fill_rate_at (res://tests/modules/mind_cultivation/test_mind_power_curve.gd:87)
       [1] test_fill_rate_increases_at_every_realm (res://tests/modules/mind_cultivation/test_mind_power_curve.gd:236)
       [2] _initialize (res://tests/run_tests.gd:24)
SCRIPT ERROR: Invalid call. Nonexistent function 'attach' in base 'GDScript'.
   at: _actor_at_rank (res://tests/modules/mind_cultivation/test_mind_power_curve.gd:50)
   GDScript backtrace (most recent call first):
       [0] _actor_at_rank (res://tests/modules/mind_cultivation/test_mind_power_curve.gd:50)
       [1] _sea_actor_at_rank (res://tests/modules/mind_cultivation/test_mind_power_curve.gd:57)
       [2] _fill_rate_at (res://tests/modules/mind_cultivation/test_mind_power_curve.gd:86)
       [3] test_fill_rate_increases_at_every_realm (res://tests/modules/mind_cultivation/test_mind_power_curve.gd:236)
       [4] _initialize (res://tests/run_tests.gd:24)
SCRIPT ERROR: Invalid call. Nonexistent function 'attach_sea' in base 'GDScript'.
   at: _sea_actor_at_rank (res://tests/modules/mind_cultivation/test_mind_power_curve.gd:58)
   GDScript backtrace (most recent call first):
       [0] _sea_actor_at_rank (res://tests/modules/mind_cultivation/test_mind_power_curve.gd:58)
       [1] _fill_rate_at (res://tests/modules/mind_cultivation/test_mind_power_curve.gd:86)
       [2] test_fill_rate_increases_at_every_realm (res://tests/modules/mind_cultivation/test_mind_power_curve.gd:236)
       [3] _initialize (res://tests/run_tests.gd:24)
SCRIPT ERROR: Invalid call. Nonexistent function 'path' in base 'Nil'.
   at: _fill_rate_at (res://tests/modules/mind_cultivation/test_mind_power_curve.gd:87)
   GDScript backtrace (most recent call first):
       [0] _fill_rate_at (res://tests/modules/mind_cultivation/test_mind_power_curve.gd:87)
       [1] test_fill_rate_increases_at_every_realm (res://tests/modules/mind_cultivation/test_mind_power_curve.gd:236)
       [2] _initialize (res://tests/run_tests.gd:24)
SCRIPT ERROR: Invalid call. Nonexistent function 'attach' in base 'GDScript'.
   at: _actor_at_rank (res://tests/modules/mind_cultivation/test_mind_power_curve.gd:50)
   GDScript backtrace (most recent call first):
       [0] _actor_at_rank (res://tests/modules/mind_cultivation/test_mind_power_curve.gd:50)
       [1] _sea_actor_at_rank (res://tests/modules/mind_cultivation/test_mind_power_curve.gd:57)
       [2] _fill_rate_at (res://tests/modules/mind_cultivation/test_mind_power_curve.gd:86)
       [3] test_fill_rate_increases_at_every_realm (res://tests/modules/mind_cultivation/test_mind_power_curve.gd:236)
       [4] _initialize (res://tests/run_tests.gd:24)
SCRIPT ERROR: Invalid call. Nonexistent function 'attach_sea' in base 'GDScript'.
   at: _sea_actor_at_rank (res://tests/modules/mind_cultivation/test_mind_power_curve.gd:58)
   GDScript backtrace (most recent call first):
       [0] _sea_actor_at_rank (res://tests/modules/mind_cultivation/test_mind_power_curve.gd:58)
       [1] _fill_rate_at (res://tests/modules/mind_cultivation/test_mind_power_curve.gd:86)
       [2] test_fill_rate_increases_at_every_realm (res://tests/modules/mind_cultivation/test_mind_power_curve.gd:236)
       [3] _initialize (res://tests/run_tests.gd:24)
SCRIPT ERROR: Invalid call. Nonexistent function 'path' in base 'Nil'.
   at: _fill_rate_at (res://tests/modules/mind_cultivation/test_mind_power_curve.gd:87)
   GDScript backtrace (most recent call first):
       [0] _fill_rate_at (res://tests/modules/mind_cultivation/test_mind_power_curve.gd:87)
       [1] test_fill_rate_increases_at_every_realm (res://tests/modules/mind_cultivation/test_mind_power_curve.gd:236)
       [2] _initialize (res://tests/run_tests.gd:24)
SCRIPT ERROR: Invalid call. Nonexistent function 'attach' in base 'GDScript'.
   at: _actor_at_rank (res://tests/modules/mind_cultivation/test_mind_power_curve.gd:50)
   GDScript backtrace (most recent call first):
       [0] _actor_at_rank (res://tests/modules/mind_cultivation/test_mind_power_curve.gd:50)
       [1] _sea_actor_at_rank (res://tests/modules/mind_cultivation/test_mind_power_curve.gd:57)
       [2] _fill_rate_at (res://tests/modules/mind_cultivation/test_mind_power_curve.gd:86)
       [3] test_fill_rate_increases_at_every_realm (res://tests/modules/mind_cultivation/test_mind_power_curve.gd:236)
       [4] _initialize (res://tests/run_tests.gd:24)
SCRIPT ERROR: Invalid call. Nonexistent function 'attach_sea' in base 'GDScript'.
   at: _sea_actor_at_rank (res://tests/modules/mind_cultivation/test_mind_power_curve.gd:58)
   GDScript backtrace (most recent call first):
       [0] _sea_actor_at_rank (res://tests/modules/mind_cultivation/test_mind_power_curve.gd:58)
       [1] _fill_rate_at (res://tests/modules/mind_cultivation/test_mind_power_curve.gd:86)
       [2] test_fill_rate_increases_at_every_realm (res://tests/modules/mind_cultivation/test_mind_power_curve.gd:236)
       [3] _initialize (res://tests/run_tests.gd:24)
SCRIPT ERROR: Invalid call. Nonexistent function 'path' in base 'Nil'.
   at: _fill_rate_at (res://tests/modules/mind_cultivation/test_mind_power_curve.gd:87)
   GDScript backtrace (most recent call first):
       [0] _fill_rate_at (res://tests/modules/mind_cultivation/test_mind_power_curve.gd:87)
       [1] test_fill_rate_increases_at_every_realm (res://tests/modules/mind_cultivation/test_mind_power_curve.gd:236)
       [2] _initialize (res://tests/run_tests.gd:24)
SCRIPT ERROR: Invalid call. Nonexistent function 'attach' in base 'GDScript'.
   at: _actor_at_rank (res://tests/modules/mind_cultivation/test_mind_power_curve.gd:50)
   GDScript backtrace (most recent call first):
       [0] _actor_at_rank (res://tests/modules/mind_cultivation/test_mind_power_curve.gd:50)
       [1] _sea_actor_at_rank (res://tests/modules/mind_cultivation/test_mind_power_curve.gd:57)
       [2] _fill_rate_at (res://tests/modules/mind_cultivation/test_mind_power_curve.gd:86)
       [3] test_fill_rate_increases_at_every_realm (res://tests/modules/mind_cultivation/test_mind_power_curve.gd:236)
       [4] _initialize (res://tests/run_tests.gd:24)
SCRIPT ERROR: Invalid call. Nonexistent function 'attach_sea' in base 'GDScript'.
   at: _sea_actor_at_rank (res://tests/modules/mind_cultivation/test_mind_power_curve.gd:58)
   GDScript backtrace (most recent call first):
       [0] _sea_actor_at_rank (res://tests/modules/mind_cultivation/test_mind_power_curve.gd:58)
       [1] _fill_rate_at (res://tests/modules/mind_cultivation/test_mind_power_curve.gd:86)
       [2] test_fill_rate_increases_at_every_realm (res://tests/modules/mind_cultivation/test_mind_power_curve.gd:236)
       [3] _initialize (res://tests/run_tests.gd:24)
SCRIPT ERROR: Invalid call. Nonexistent function 'path' in base 'Nil'.
   at: _fill_rate_at (res://tests/modules/mind_cultivation/test_mind_power_curve.gd:87)
   GDScript backtrace (most recent call first):
       [0] _fill_rate_at (res://tests/modules/mind_cultivation/test_mind_power_curve.gd:87)
       [1] test_fill_rate_increases_at_every_realm (res://tests/modules/mind_cultivation/test_mind_power_curve.gd:236)
       [2] _initialize (res://tests/run_tests.gd:24)
SCRIPT ERROR: Invalid call. Nonexistent function 'attach' in base 'GDScript'.
   at: _actor_at_rank (res://tests/modules/mind_cultivation/test_mind_power_curve.gd:50)
   GDScript backtrace (most recent call first):
       [0] _actor_at_rank (res://tests/modules/mind_cultivation/test_mind_power_curve.gd:50)
       [1] _sea_actor_at_rank (res://tests/modules/mind_cultivation/test_mind_power_curve.gd:57)
       [2] _fill_rate_at (res://tests/modules/mind_cultivation/test_mind_power_curve.gd:86)
       [3] test_fill_rate_increases_at_every_realm (res://tests/modules/mind_cultivation/test_mind_power_curve.gd:236)
       [4] _initialize (res://tests/run_tests.gd:24)
SCRIPT ERROR: Invalid call. Nonexistent function 'attach_sea' in base 'GDScript'.
   at: _sea_actor_at_rank (res://tests/modules/mind_cultivation/test_mind_power_curve.gd:58)
   GDScript backtrace (most recent call first):
       [0] _sea_actor_at_rank (res://tests/modules/mind_cultivation/test_mind_power_curve.gd:58)
       [1] _fill_rate_at (res://tests/modules/mind_cultivation/test_mind_power_curve.gd:86)
       [2] test_fill_rate_increases_at_every_realm (res://tests/modules/mind_cultivation/test_mind_power_curve.gd:236)
       [3] _initialize (res://tests/run_tests.gd:24)
SCRIPT ERROR: Invalid call. Nonexistent function 'path' in base 'Nil'.
   at: _fill_rate_at (res://tests/modules/mind_cultivation/test_mind_power_curve.gd:87)
   GDScript backtrace (most recent call first):
       [0] _fill_rate_at (res://tests/modules/mind_cultivation/test_mind_power_curve.gd:87)
       [1] test_fill_rate_increases_at_every_realm (res://tests/modules/mind_cultivation/test_mind_power_curve.gd:236)
       [2] _initialize (res://tests/run_tests.gd:24)
SCRIPT ERROR: Invalid call. Nonexistent function 'attach' in base 'GDScript'.
   at: _actor_at_rank (res://tests/modules/mind_cultivation/test_mind_power_curve.gd:50)
   GDScript backtrace (most recent call first):
       [0] _actor_at_rank (res://tests/modules/mind_cultivation/test_mind_power_curve.gd:50)
       [1] _sea_actor_at_rank (res://tests/modules/mind_cultivation/test_mind_power_curve.gd:57)
       [2] _fill_rate_at (res://tests/modules/mind_cultivation/test_mind_power_curve.gd:86)
       [3] test_fill_rate_increases_at_every_realm (res://tests/modules/mind_cultivation/test_mind_power_curve.gd:236)
       [4] _initialize (res://tests/run_tests.gd:24)
SCRIPT ERROR: Invalid call. Nonexistent function 'attach_sea' in base 'GDScript'.
   at: _sea_actor_at_rank (res://tests/modules/mind_cultivation/test_mind_power_curve.gd:58)
   GDScript backtrace (most recent call first):
       [0] _sea_actor_at_rank (res://tests/modules/mind_cultivation/test_mind_power_curve.gd:58)
       [1] _fill_rate_at (res://tests/modules/mind_cultivation/test_mind_power_curve.gd:86)
       [2] test_fill_rate_increases_at_every_realm (res://tests/modules/mind_cultivation/test_mind_power_curve.gd:236)
       [3] _initialize (res://tests/run_tests.gd:24)
SCRIPT ERROR: Invalid call. Nonexistent function 'path' in base 'Nil'.
   at: _fill_rate_at (res://tests/modules/mind_cultivation/test_mind_power_curve.gd:87)
   GDScript backtrace (most recent call first):
       [0] _fill_rate_at (res://tests/modules/mind_cultivation/test_mind_power_curve.gd:87)
       [1] test_fill_rate_increases_at_every_realm (res://tests/modules/mind_cultivation/test_mind_power_curve.gd:236)
       [2] _initialize (res://tests/run_tests.gd:24)
SCRIPT ERROR: Invalid call. Nonexistent function 'attach' in base 'GDScript'.
   at: _actor_at_rank (res://tests/modules/mind_cultivation/test_mind_power_curve.gd:50)
   GDScript backtrace (most recent call first):
       [0] _actor_at_rank (res://tests/modules/mind_cultivation/test_mind_power_curve.gd:50)
       [1] _sea_actor_at_rank (res://tests/modules/mind_cultivation/test_mind_power_curve.gd:57)
       [2] _fill_rate_at (res://tests/modules/mind_cultivation/test_mind_power_curve.gd:86)
       [3] test_fill_rate_increases_at_every_realm (res://tests/modules/mind_cultivation/test_mind_power_curve.gd:236)
       [4] _initialize (res://tests/run_tests.gd:24)
SCRIPT ERROR: Invalid call. Nonexistent function 'attach_sea' in base 'GDScript'.
   at: _sea_actor_at_rank (res://tests/modules/mind_cultivation/test_mind_power_curve.gd:58)
   GDScript backtrace (most recent call first):
       [0] _sea_actor_at_rank (res://tests/modules/mind_cultivation/test_mind_power_curve.gd:58)
       [1] _fill_rate_at (res://tests/modules/mind_cultivation/test_mind_power_curve.gd:86)
       [2] test_fill_rate_increases_at_every_realm (res://tests/modules/mind_cultivation/test_mind_power_curve.gd:236)
       [3] _initialize (res://tests/run_tests.gd:24)
SCRIPT ERROR: Invalid call. Nonexistent function 'path' in base 'Nil'.
   at: _fill_rate_at (res://tests/modules/mind_cultivation/test_mind_power_curve.gd:87)
   GDScript backtrace (most recent call first):
       [0] _fill_rate_at (res://tests/modules/mind_cultivation/test_mind_power_curve.gd:87)
       [1] test_fill_rate_increases_at_every_realm (res://tests/modules/mind_cultivation/test_mind_power_curve.gd:236)
       [2] _initialize (res://tests/run_tests.gd:24)
SCRIPT ERROR: Invalid call. Nonexistent function 'attach' in base 'GDScript'.
   at: _actor_at_rank (res://tests/modules/mind_cultivation/test_mind_power_curve.gd:50)
   GDScript backtrace (most recent call first):
       [0] _actor_at_rank (res://tests/modules/mind_cultivation/test_mind_power_curve.gd:50)
       [1] _sea_actor_at_rank (res://tests/modules/mind_cultivation/test_mind_power_curve.gd:57)
       [2] _fill_rate_at (res://tests/modules/mind_cultivation/test_mind_power_curve.gd:86)
       [3] test_fill_rate_increases_at_every_realm (res://tests/modules/mind_cultivation/test_mind_power_curve.gd:236)
       [4] _initialize (res://tests/run_tests.gd:24)
SCRIPT ERROR: Invalid call. Nonexistent function 'attach_sea' in base 'GDScript'.
   at: _sea_actor_at_rank (res://tests/modules/mind_cultivation/test_mind_power_curve.gd:58)
   GDScript backtrace (most recent call first):
       [0] _sea_actor_at_rank (res://tests/modules/mind_cultivation/test_mind_power_curve.gd:58)
       [1] _fill_rate_at (res://tests/modules/mind_cultivation/test_mind_power_curve.gd:86)
       [2] test_fill_rate_increases_at_every_realm (res://tests/modules/mind_cultivation/test_mind_power_curve.gd:236)
       [3] _initialize (res://tests/run_tests.gd:24)
SCRIPT ERROR: Invalid call. Nonexistent function 'path' in base 'Nil'.
   at: _fill_rate_at (res://tests/modules/mind_cultivation/test_mind_power_curve.gd:87)
   GDScript backtrace (most recent call first):
       [0] _fill_rate_at (res://tests/modules/mind_cultivation/test_mind_power_curve.gd:87)
       [1] test_fill_rate_increases_at_every_realm (res://tests/modules/mind_cultivation/test_mind_power_curve.gd:236)
       [2] _initialize (res://tests/run_tests.gd:24)
SCRIPT ERROR: Invalid call. Nonexistent function 'attach' in base 'GDScript'.
   at: _actor_at_rank (res://tests/modules/mind_cultivation/test_mind_power_curve.gd:50)
   GDScript backtrace (most recent call first):
       [0] _actor_at_rank (res://tests/modules/mind_cultivation/test_mind_power_curve.gd:50)
       [1] _sea_actor_at_rank (res://tests/modules/mind_cultivation/test_mind_power_curve.gd:57)
       [2] _fill_rate_at (res://tests/modules/mind_cultivation/test_mind_power_curve.gd:86)
       [3] test_fill_rate_increases_at_every_realm (res://tests/modules/mind_cultivation/test_mind_power_curve.gd:236)
       [4] _initialize (res://tests/run_tests.gd:24)
SCRIPT ERROR: Invalid call. Nonexistent function 'attach_sea' in base 'GDScript'.
   at: _sea_actor_at_rank (res://tests/modules/mind_cultivation/test_mind_power_curve.gd:58)
   GDScript backtrace (most recent call first):
       [0] _sea_actor_at_rank (res://tests/modules/mind_cultivation/test_mind_power_curve.gd:58)
       [1] _fill_rate_at (res://tests/modules/mind_cultivation/test_mind_power_curve.gd:86)
       [2] test_fill_rate_increases_at_every_realm (res://tests/modules/mind_cultivation/test_mind_power_curve.gd:236)
       [3] _initialize (res://tests/run_tests.gd:24)
SCRIPT ERROR: Invalid call. Nonexistent function 'path' in base 'Nil'.
   at: _fill_rate_at (res://tests/modules/mind_cultivation/test_mind_power_curve.gd:87)
   GDScript backtrace (most recent call first):
       [0] _fill_rate_at (res://tests/modules/mind_cultivation/test_mind_power_curve.gd:87)
       [1] test_fill_rate_increases_at_every_realm (res://tests/modules/mind_cultivation/test_mind_power_curve.gd:236)
       [2] _initialize (res://tests/run_tests.gd:24)
SCRIPT ERROR: Invalid call. Nonexistent function 'attach' in base 'GDScript'.
   at: _actor_at_rank (res://tests/modules/mind_cultivation/test_mind_power_curve.gd:50)
   GDScript backtrace (most recent call first):
       [0] _actor_at_rank (res://tests/modules/mind_cultivation/test_mind_power_curve.gd:50)
       [1] _sea_actor_at_rank (res://tests/modules/mind_cultivation/test_mind_power_curve.gd:57)
       [2] _fill_rate_at (res://tests/modules/mind_cultivation/test_mind_power_curve.gd:86)
       [3] test_fill_rate_increases_at_every_realm (res://tests/modules/mind_cultivation/test_mind_power_curve.gd:236)
       [4] _initialize (res://tests/run_tests.gd:24)
SCRIPT ERROR: Invalid call. Nonexistent function 'attach_sea' in base 'GDScript'.
   at: _sea_actor_at_rank (res://tests/modules/mind_cultivation/test_mind_power_curve.gd:58)
   GDScript backtrace (most recent call first):
       [0] _sea_actor_at_rank (res://tests/modules/mind_cultivation/test_mind_power_curve.gd:58)
       [1] _fill_rate_at (res://tests/modules/mind_cultivation/test_mind_power_curve.gd:86)
       [2] test_fill_rate_increases_at_every_realm (res://tests/modules/mind_cultivation/test_mind_power_curve.gd:236)
       [3] _initialize (res://tests/run_tests.gd:24)
SCRIPT ERROR: Invalid call. Nonexistent function 'path' in base 'Nil'.
   at: _fill_rate_at (res://tests/modules/mind_cultivation/test_mind_power_curve.gd:87)
   GDScript backtrace (most recent call first):
       [0] _fill_rate_at (res://tests/modules/mind_cultivation/test_mind_power_curve.gd:87)
       [1] test_fill_rate_increases_at_every_realm (res://tests/modules/mind_cultivation/test_mind_power_curve.gd:236)
       [2] _initialize (res://tests/run_tests.gd:24)
SCRIPT ERROR: Invalid call. Nonexistent function 'attach' in base 'GDScript'.
   at: _actor_at_rank (res://tests/modules/mind_cultivation/test_mind_power_curve.gd:50)
   GDScript backtrace (most recent call first):
       [0] _actor_at_rank (res://tests/modules/mind_cultivation/test_mind_power_curve.gd:50)
       [1] _sea_actor_at_rank (res://tests/modules/mind_cultivation/test_mind_power_curve.gd:57)
       [2] _fill_rate_at (res://tests/modules/mind_cultivation/test_mind_power_curve.gd:86)
       [3] test_fill_rate_increases_at_every_realm (res://tests/modules/mind_cultivation/test_mind_power_curve.gd:236)
       [4] _initialize (res://tests/run_tests.gd:24)
SCRIPT ERROR: Invalid call. Nonexistent function 'attach_sea' in base 'GDScript'.
   at: _sea_actor_at_rank (res://tests/modules/mind_cultivation/test_mind_power_curve.gd:58)
   GDScript backtrace (most recent call first):
       [0] _sea_actor_at_rank (res://tests/modules/mind_cultivation/test_mind_power_curve.gd:58)
       [1] _fill_rate_at (res://tests/modules/mind_cultivation/test_mind_power_curve.gd:86)
       [2] test_fill_rate_increases_at_every_realm (res://tests/modules/mind_cultivation/test_mind_power_curve.gd:236)
       [3] _initialize (res://tests/run_tests.gd:24)
SCRIPT ERROR: Invalid call. Nonexistent function 'path' in base 'Nil'.
   at: _fill_rate_at (res://tests/modules/mind_cultivation/test_mind_power_curve.gd:87)
   GDScript backtrace (most recent call first):
       [0] _fill_rate_at (res://tests/modules/mind_cultivation/test_mind_power_curve.gd:87)
       [1] test_fill_rate_increases_at_every_realm (res://tests/modules/mind_cultivation/test_mind_power_curve.gd:236)
       [2] _initialize (res://tests/run_tests.gd:24)
SCRIPT ERROR: Invalid call. Nonexistent function 'attach' in base 'GDScript'.
   at: _actor_at_rank (res://tests/modules/mind_cultivation/test_mind_power_curve.gd:50)
   GDScript backtrace (most recent call first):
       [0] _actor_at_rank (res://tests/modules/mind_cultivation/test_mind_power_curve.gd:50)
       [1] _sea_actor_at_rank (res://tests/modules/mind_cultivation/test_mind_power_curve.gd:57)
       [2] _fill_rate_at (res://tests/modules/mind_cultivation/test_mind_power_curve.gd:86)
       [3] test_fill_rate_increases_at_every_realm (res://tests/modules/mind_cultivation/test_mind_power_curve.gd:236)
       [4] _initialize (res://tests/run_tests.gd:24)
SCRIPT ERROR: Invalid call. Nonexistent function 'attach_sea' in base 'GDScript'.
   at: _sea_actor_at_rank (res://tests/modules/mind_cultivation/test_mind_power_curve.gd:58)
   GDScript backtrace (most recent call first):
       [0] _sea_actor_at_rank (res://tests/modules/mind_cultivation/test_mind_power_curve.gd:58)
       [1] _fill_rate_at (res://tests/modules/mind_cultivation/test_mind_power_curve.gd:86)
       [2] test_fill_rate_increases_at_every_realm (res://tests/modules/mind_cultivation/test_mind_power_curve.gd:236)
       [3] _initialize (res://tests/run_tests.gd:24)
SCRIPT ERROR: Invalid call. Nonexistent function 'path' in base 'Nil'.
   at: _fill_rate_at (res://tests/modules/mind_cultivation/test_mind_power_curve.gd:87)
   GDScript backtrace (most recent call first):
       [0] _fill_rate_at (res://tests/modules/mind_cultivation/test_mind_power_curve.gd:87)
       [1] test_fill_rate_increases_at_every_realm (res://tests/modules/mind_cultivation/test_mind_power_curve.gd:236)
       [2] _initialize (res://tests/run_tests.gd:24)
SCRIPT ERROR: Invalid call. Nonexistent function 'attach' in base 'GDScript'.
   at: _actor_at_rank (res://tests/modules/mind_cultivation/test_mind_power_curve.gd:50)
   GDScript backtrace (most recent call first):
       [0] _actor_at_rank (res://tests/modules/mind_cultivation/test_mind_power_curve.gd:50)
       [1] _sea_actor_at_rank (res://tests/modules/mind_cultivation/test_mind_power_curve.gd:57)
       [2] _fill_rate_at (res://tests/modules/mind_cultivation/test_mind_power_curve.gd:86)
       [3] test_fill_rate_increases_at_every_realm (res://tests/modules/mind_cultivation/test_mind_power_curve.gd:236)
       [4] _initialize (res://tests/run_tests.gd:24)
SCRIPT ERROR: Invalid call. Nonexistent function 'attach_sea' in base 'GDScript'.
   at: _sea_actor_at_rank (res://tests/modules/mind_cultivation/test_mind_power_curve.gd:58)
   GDScript backtrace (most recent call first):
       [0] _sea_actor_at_rank (res://tests/modules/mind_cultivation/test_mind_power_curve.gd:58)
       [1] _fill_rate_at (res://tests/modules/mind_cultivation/test_mind_power_curve.gd:86)
       [2] test_fill_rate_increases_at_every_realm (res://tests/modules/mind_cultivation/test_mind_power_curve.gd:236)
       [3] _initialize (res://tests/run_tests.gd:24)
SCRIPT ERROR: Invalid call. Nonexistent function 'path' in base 'Nil'.
   at: _fill_rate_at (res://tests/modules/mind_cultivation/test_mind_power_curve.gd:87)
   GDScript backtrace (most recent call first):
       [0] _fill_rate_at (res://tests/modules/mind_cultivation/test_mind_power_curve.gd:87)
       [1] test_fill_rate_increases_at_every_realm (res://tests/modules/mind_cultivation/test_mind_power_curve.gd:236)
       [2] _initialize (res://tests/run_tests.gd:24)
SCRIPT ERROR: Invalid call. Nonexistent function 'attach' in base 'GDScript'.
   at: _actor_at_rank (res://tests/modules/mind_cultivation/test_mind_power_curve.gd:50)
   GDScript backtrace (most recent call first):
       [0] _actor_at_rank (res://tests/modules/mind_cultivation/test_mind_power_curve.gd:50)
       [1] _sea_actor_at_rank (res://tests/modules/mind_cultivation/test_mind_power_curve.gd:57)
       [2] _fill_rate_at (res://tests/modules/mind_cultivation/test_mind_power_curve.gd:86)
       [3] test_fill_rate_increases_at_every_realm (res://tests/modules/mind_cultivation/test_mind_power_curve.gd:236)
       [4] _initialize (res://tests/run_tests.gd:24)
SCRIPT ERROR: Invalid call. Nonexistent function 'attach_sea' in base 'GDScript'.
   at: _sea_actor_at_rank (res://tests/modules/mind_cultivation/test_mind_power_curve.gd:58)
   GDScript backtrace (most recent call first):
       [0] _sea_actor_at_rank (res://tests/modules/mind_cultivation/test_mind_power_curve.gd:58)
       [1] _fill_rate_at (res://tests/modules/mind_cultivation/test_mind_power_curve.gd:86)
       [2] test_fill_rate_increases_at_every_realm (res://tests/modules/mind_cultivation/test_mind_power_curve.gd:236)
       [3] _initialize (res://tests/run_tests.gd:24)
SCRIPT ERROR: Invalid call. Nonexistent function 'path' in base 'Nil'.
   at: _fill_rate_at (res://tests/modules/mind_cultivation/test_mind_power_curve.gd:87)
   GDScript backtrace (most recent call first):
       [0] _fill_rate_at (res://tests/modules/mind_cultivation/test_mind_power_curve.gd:87)
       [1] test_fill_rate_increases_at_every_realm (res://tests/modules/mind_cultivation/test_mind_power_curve.gd:236)
       [2] _initialize (res://tests/run_tests.gd:24)
SCRIPT ERROR: Invalid call. Nonexistent function 'attach' in base 'GDScript'.
   at: _actor_at_rank (res://tests/modules/mind_cultivation/test_mind_power_curve.gd:50)
   GDScript backtrace (most recent call first):
       [0] _actor_at_rank (res://tests/modules/mind_cultivation/test_mind_power_curve.gd:50)
       [1] _sea_actor_at_rank (res://tests/modules/mind_cultivation/test_mind_power_curve.gd:57)
       [2] _fill_rate_at (res://tests/modules/mind_cultivation/test_mind_power_curve.gd:86)
       [3] test_fill_rate_increases_at_every_realm (res://tests/modules/mind_cultivation/test_mind_power_curve.gd:236)
       [4] _initialize (res://tests/run_tests.gd:24)
SCRIPT ERROR: Invalid call. Nonexistent function 'attach_sea' in base 'GDScript'.
   at: _sea_actor_at_rank (res://tests/modules/mind_cultivation/test_mind_power_curve.gd:58)
   GDScript backtrace (most recent call first):
       [0] _sea_actor_at_rank (res://tests/modules/mind_cultivation/test_mind_power_curve.gd:58)
       [1] _fill_rate_at (res://tests/modules/mind_cultivation/test_mind_power_curve.gd:86)
       [2] test_fill_rate_increases_at_every_realm (res://tests/modules/mind_cultivation/test_mind_power_curve.gd:236)
       [3] _initialize (res://tests/run_tests.gd:24)
SCRIPT ERROR: Invalid call. Nonexistent function 'path' in base 'Nil'.
   at: _fill_rate_at (res://tests/modules/mind_cultivation/test_mind_power_curve.gd:87)
   GDScript backtrace (most recent call first):
       [0] _fill_rate_at (res://tests/modules/mind_cultivation/test_mind_power_curve.gd:87)
       [1] test_fill_rate_increases_at_every_realm (res://tests/modules/mind_cultivation/test_mind_power_curve.gd:236)
       [2] _initialize (res://tests/run_tests.gd:24)
SCRIPT ERROR: Invalid call. Nonexistent function 'attach' in base 'GDScript'.
   at: _actor_at_rank (res://tests/modules/mind_cultivation/test_mind_power_curve.gd:50)
   GDScript backtrace (most recent call first):
       [0] _actor_at_rank (res://tests/modules/mind_cultivation/test_mind_power_curve.gd:50)
       [1] _sea_actor_at_rank (res://tests/modules/mind_cultivation/test_mind_power_curve.gd:57)
       [2] _fill_rate_at (res://tests/modules/mind_cultivation/test_mind_power_curve.gd:86)
       [3] test_fill_rate_increases_at_every_realm (res://tests/modules/mind_cultivation/test_mind_power_curve.gd:236)
       [4] _initialize (res://tests/run_tests.gd:24)
SCRIPT ERROR: Invalid call. Nonexistent function 'attach_sea' in base 'GDScript'.
   at: _sea_actor_at_rank (res://tests/modules/mind_cultivation/test_mind_power_curve.gd:58)
   GDScript backtrace (most recent call first):
       [0] _sea_actor_at_rank (res://tests/modules/mind_cultivation/test_mind_power_curve.gd:58)
       [1] _fill_rate_at (res://tests/modules/mind_cultivation/test_mind_power_curve.gd:86)
       [2] test_fill_rate_increases_at_every_realm (res://tests/modules/mind_cultivation/test_mind_power_curve.gd:236)
       [3] _initialize (res://tests/run_tests.gd:24)
SCRIPT ERROR: Invalid call. Nonexistent function 'path' in base 'Nil'.
   at: _fill_rate_at (res://tests/modules/mind_cultivation/test_mind_power_curve.gd:87)
   GDScript backtrace (most recent call first):
       [0] _fill_rate_at (res://tests/modules/mind_cultivation/test_mind_power_curve.gd:87)
       [1] test_fill_rate_increases_at_every_realm (res://tests/modules/mind_cultivation/test_mind_power_curve.gd:236)
       [2] _initialize (res://tests/run_tests.gd:24)
SCRIPT ERROR: Invalid call. Nonexistent function 'attach' in base 'GDScript'.
   at: _actor_at_rank (res://tests/modules/mind_cultivation/test_mind_power_curve.gd:50)
   GDScript backtrace (most recent call first):
       [0] _actor_at_rank (res://tests/modules/mind_cultivation/test_mind_power_curve.gd:50)
       [1] _sea_actor_at_rank (res://tests/modules/mind_cultivation/test_mind_power_curve.gd:57)
       [2] _fill_rate_at (res://tests/modules/mind_cultivation/test_mind_power_curve.gd:86)
       [3] test_fill_rate_increases_at_every_realm (res://tests/modules/mind_cultivation/test_mind_power_curve.gd:236)
       [4] _initialize (res://tests/run_tests.gd:24)
SCRIPT ERROR: Invalid call. Nonexistent function 'attach_sea' in base 'GDScript'.
   at: _sea_actor_at_rank (res://tests/modules/mind_cultivation/test_mind_power_curve.gd:58)
   GDScript backtrace (most recent call first):
       [0] _sea_actor_at_rank (res://tests/modules/mind_cultivation/test_mind_power_curve.gd:58)
       [1] _fill_rate_at (res://tests/modules/mind_cultivation/test_mind_power_curve.gd:86)
       [2] test_fill_rate_increases_at_every_realm (res://tests/modules/mind_cultivation/test_mind_power_curve.gd:236)
       [3] _initialize (res://tests/run_tests.gd:24)
SCRIPT ERROR: Invalid call. Nonexistent function 'path' in base 'Nil'.
   at: _fill_rate_at (res://tests/modules/mind_cultivation/test_mind_power_curve.gd:87)
   GDScript backtrace (most recent call first):
       [0] _fill_rate_at (res://tests/modules/mind_cultivation/test_mind_power_curve.gd:87)
       [1] test_fill_rate_increases_at_every_realm (res://tests/modules/mind_cultivation/test_mind_power_curve.gd:236)
       [2] _initialize (res://tests/run_tests.gd:24)
SCRIPT ERROR: Invalid call. Nonexistent function 'attach' in base 'GDScript'.
   at: _actor_at_rank (res://tests/modules/mind_cultivation/test_mind_power_curve.gd:50)
   GDScript backtrace (most recent call first):
       [0] _actor_at_rank (res://tests/modules/mind_cultivation/test_mind_power_curve.gd:50)
       [1] _sea_actor_at_rank (res://tests/modules/mind_cultivation/test_mind_power_curve.gd:57)
       [2] _fill_rate_at (res://tests/modules/mind_cultivation/test_mind_power_curve.gd:86)
       [3] test_fill_rate_increases_at_every_realm (res://tests/modules/mind_cultivation/test_mind_power_curve.gd:236)
       [4] _initialize (res://tests/run_tests.gd:24)
SCRIPT ERROR: Invalid call. Nonexistent function 'attach_sea' in base 'GDScript'.
   at: _sea_actor_at_rank (res://tests/modules/mind_cultivation/test_mind_power_curve.gd:58)
   GDScript backtrace (most recent call first):
       [0] _sea_actor_at_rank (res://tests/modules/mind_cultivation/test_mind_power_curve.gd:58)
       [1] _fill_rate_at (res://tests/modules/mind_cultivation/test_mind_power_curve.gd:86)
       [2] test_fill_rate_increases_at_every_realm (res://tests/modules/mind_cultivation/test_mind_power_curve.gd:236)
       [3] _initialize (res://tests/run_tests.gd:24)
SCRIPT ERROR: Invalid call. Nonexistent function 'path' in base 'Nil'.
   at: _fill_rate_at (res://tests/modules/mind_cultivation/test_mind_power_curve.gd:87)
   GDScript backtrace (most recent call first):
       [0] _fill_rate_at (res://tests/modules/mind_cultivation/test_mind_power_curve.gd:87)
       [1] test_fill_rate_increases_at_every_realm (res://tests/modules/mind_cultivation/test_mind_power_curve.gd:236)
       [2] _initialize (res://tests/run_tests.gd:24)
SCRIPT ERROR: Invalid call. Nonexistent function 'attach' in base 'GDScript'.
   at: _actor_at_rank (res://tests/modules/mind_cultivation/test_mind_power_curve.gd:50)
   GDScript backtrace (most recent call first):
       [0] _actor_at_rank (res://tests/modules/mind_cultivation/test_mind_power_curve.gd:50)
       [1] _sea_actor_at_rank (res://tests/modules/mind_cultivation/test_mind_power_curve.gd:57)
       [2] _fill_rate_at (res://tests/modules/mind_cultivation/test_mind_power_curve.gd:86)
       [3] test_fill_rate_increases_at_every_realm (res://tests/modules/mind_cultivation/test_mind_power_curve.gd:236)
       [4] _initialize (res://tests/run_tests.gd:24)
SCRIPT ERROR: Invalid call. Nonexistent function 'attach_sea' in base 'GDScript'.
   at: _sea_actor_at_rank (res://tests/modules/mind_cultivation/test_mind_power_curve.gd:58)
   GDScript backtrace (most recent call first):
       [0] _sea_actor_at_rank (res://tests/modules/mind_cultivation/test_mind_power_curve.gd:58)
       [1] _fill_rate_at (res://tests/modules/mind_cultivation/test_mind_power_curve.gd:86)
       [2] test_fill_rate_increases_at_every_realm (res://tests/modules/mind_cultivation/test_mind_power_curve.gd:236)
       [3] _initialize (res://tests/run_tests.gd:24)
SCRIPT ERROR: Invalid call. Nonexistent function 'path' in base 'Nil'.
   at: _fill_rate_at (res://tests/modules/mind_cultivation/test_mind_power_curve.gd:87)
   GDScript backtrace (most recent call first):
       [0] _fill_rate_at (res://tests/modules/mind_cultivation/test_mind_power_curve.gd:87)
       [1] test_fill_rate_increases_at_every_realm (res://tests/modules/mind_cultivation/test_mind_power_curve.gd:236)
       [2] _initialize (res://tests/run_tests.gd:24)
SCRIPT ERROR: Invalid call. Nonexistent function 'attach' in base 'GDScript'.
   at: _actor_at_rank (res://tests/modules/mind_cultivation/test_mind_power_curve.gd:50)
   GDScript backtrace (most recent call first):
       [0] _actor_at_rank (res://tests/modules/mind_cultivation/test_mind_power_curve.gd:50)
       [1] _sea_actor_at_rank (res://tests/modules/mind_cultivation/test_mind_power_curve.gd:57)
       [2] _fill_rate_at (res://tests/modules/mind_cultivation/test_mind_power_curve.gd:86)
       [3] test_fill_rate_increases_at_every_realm (res://tests/modules/mind_cultivation/test_mind_power_curve.gd:236)
       [4] _initialize (res://tests/run_tests.gd:24)
SCRIPT ERROR: Invalid call. Nonexistent function 'attach_sea' in base 'GDScript'.
   at: _sea_actor_at_rank (res://tests/modules/mind_cultivation/test_mind_power_curve.gd:58)
   GDScript backtrace (most recent call first):
       [0] _sea_actor_at_rank (res://tests/modules/mind_cultivation/test_mind_power_curve.gd:58)
       [1] _fill_rate_at (res://tests/modules/mind_cultivation/test_mind_power_curve.gd:86)
       [2] test_fill_rate_increases_at_every_realm (res://tests/modules/mind_cultivation/test_mind_power_curve.gd:236)
       [3] _initialize (res://tests/run_tests.gd:24)
SCRIPT ERROR: Invalid call. Nonexistent function 'path' in base 'Nil'.
   at: _fill_rate_at (res://tests/modules/mind_cultivation/test_mind_power_curve.gd:87)
   GDScript backtrace (most recent call first):
       [0] _fill_rate_at (res://tests/modules/mind_cultivation/test_mind_power_curve.gd:87)
       [1] test_fill_rate_increases_at_every_realm (res://tests/modules/mind_cultivation/test_mind_power_curve.gd:236)
       [2] _initialize (res://tests/run_tests.gd:24)
SCRIPT ERROR: Invalid call. Nonexistent function 'attach' in base 'GDScript'.
   at: _actor_at_rank (res://tests/modules/mind_cultivation/test_mind_power_curve.gd:50)
   GDScript backtrace (most recent call first):
       [0] _actor_at_rank (res://tests/modules/mind_cultivation/test_mind_power_curve.gd:50)
       [1] _sea_actor_at_rank (res://tests/modules/mind_cultivation/test_mind_power_curve.gd:57)
       [2] _fill_rate_at (res://tests/modules/mind_cultivation/test_mind_power_curve.gd:86)
       [3] test_fill_rate_increases_at_every_realm (res://tests/modules/mind_cultivation/test_mind_power_curve.gd:236)
       [4] _initialize (res://tests/run_tests.gd:24)
SCRIPT ERROR: Invalid call. Nonexistent function 'attach_sea' in base 'GDScript'.
   at: _sea_actor_at_rank (res://tests/modules/mind_cultivation/test_mind_power_curve.gd:58)
   GDScript backtrace (most recent call first):
       [0] _sea_actor_at_rank (res://tests/modules/mind_cultivation/test_mind_power_curve.gd:58)
       [1] _fill_rate_at (res://tests/modules/mind_cultivation/test_mind_power_curve.gd:86)
       [2] test_fill_rate_increases_at_every_realm (res://tests/modules/mind_cultivation/test_mind_power_curve.gd:236)
       [3] _initialize (res://tests/run_tests.gd:24)
SCRIPT ERROR: Invalid call. Nonexistent function 'path' in base 'Nil'.
   at: _fill_rate_at (res://tests/modules/mind_cultivation/test_mind_power_curve.gd:87)
   GDScript backtrace (most recent call first):
       [0] _fill_rate_at (res://tests/modules/mind_cultivation/test_mind_power_curve.gd:87)
       [1] test_fill_rate_increases_at_every_realm (res://tests/modules/mind_cultivation/test_mind_power_curve.gd:236)
       [2] _initialize (res://tests/run_tests.gd:24)
SCRIPT ERROR: Invalid call. Nonexistent function 'attach' in base 'GDScript'.
   at: _actor_at_rank (res://tests/modules/mind_cultivation/test_mind_power_curve.gd:50)
   GDScript backtrace (most recent call first):
       [0] _actor_at_rank (res://tests/modules/mind_cultivation/test_mind_power_curve.gd:50)
       [1] _sea_actor_at_rank (res://tests/modules/mind_cultivation/test_mind_power_curve.gd:57)
       [2] _fill_rate_at (res://tests/modules/mind_cultivation/test_mind_power_curve.gd:86)
       [3] test_fill_rate_increases_at_every_realm (res://tests/modules/mind_cultivation/test_mind_power_curve.gd:236)
       [4] _initialize (res://tests/run_tests.gd:24)
SCRIPT ERROR: Invalid call. Nonexistent function 'attach_sea' in base 'GDScript'.
   at: _sea_actor_at_rank (res://tests/modules/mind_cultivation/test_mind_power_curve.gd:58)
   GDScript backtrace (most recent call first):
       [0] _sea_actor_at_rank (res://tests/modules/mind_cultivation/test_mind_power_curve.gd:58)
       [1] _fill_rate_at (res://tests/modules/mind_cultivation/test_mind_power_curve.gd:86)
       [2] test_fill_rate_increases_at_every_realm (res://tests/modules/mind_cultivation/test_mind_power_curve.gd:236)
       [3] _initialize (res://tests/run_tests.gd:24)
SCRIPT ERROR: Invalid call. Nonexistent function 'path' in base 'Nil'.
   at: _fill_rate_at (res://tests/modules/mind_cultivation/test_mind_power_curve.gd:87)
   GDScript backtrace (most recent call first):
       [0] _fill_rate_at (res://tests/modules/mind_cultivation/test_mind_power_curve.gd:87)
       [1] test_fill_rate_increases_at_every_realm (res://tests/modules/mind_cultivation/test_mind_power_curve.gd:236)
       [2] _initialize (res://tests/run_tests.gd:24)
SCRIPT ERROR: Invalid call. Nonexistent function 'attach' in base 'GDScript'.
   at: _actor_at_rank (res://tests/modules/mind_cultivation/test_mind_power_curve.gd:50)
   GDScript backtrace (most recent call first):
       [0] _actor_at_rank (res://tests/modules/mind_cultivation/test_mind_power_curve.gd:50)
       [1] _sea_actor_at_rank (res://tests/modules/mind_cultivation/test_mind_power_curve.gd:57)
       [2] _fill_rate_at (res://tests/modules/mind_cultivation/test_mind_power_curve.gd:86)
       [3] test_fill_rate_increases_at_every_realm (res://tests/modules/mind_cultivation/test_mind_power_curve.gd:236)
       [4] _initialize (res://tests/run_tests.gd:24)
SCRIPT ERROR: Invalid call. Nonexistent function 'attach_sea' in base 'GDScript'.
   at: _sea_actor_at_rank (res://tests/modules/mind_cultivation/test_mind_power_curve.gd:58)
   GDScript backtrace (most recent call first):
       [0] _sea_actor_at_rank (res://tests/modules/mind_cultivation/test_mind_power_curve.gd:58)
       [1] _fill_rate_at (res://tests/modules/mind_cultivation/test_mind_power_curve.gd:86)
       [2] test_fill_rate_increases_at_every_realm (res://tests/modules/mind_cultivation/test_mind_power_curve.gd:236)
       [3] _initialize (res://tests/run_tests.gd:24)
SCRIPT ERROR: Invalid call. Nonexistent function 'path' in base 'Nil'.
   at: _fill_rate_at (res://tests/modules/mind_cultivation/test_mind_power_curve.gd:87)
   GDScript backtrace (most recent call first):
       [0] _fill_rate_at (res://tests/modules/mind_cultivation/test_mind_power_curve.gd:87)
       [1] test_fill_rate_increases_at_every_realm (res://tests/modules/mind_cultivation/test_mind_power_curve.gd:236)
       [2] _initialize (res://tests/run_tests.gd:24)
SCRIPT ERROR: Invalid call. Nonexistent function 'attach' in base 'GDScript'.
   at: _actor_at_rank (res://tests/modules/mind_cultivation/test_mind_power_curve.gd:50)
   GDScript backtrace (most recent call first):
       [0] _actor_at_rank (res://tests/modules/mind_cultivation/test_mind_power_curve.gd:50)
       [1] _sea_actor_at_rank (res://tests/modules/mind_cultivation/test_mind_power_curve.gd:57)
       [2] _fill_rate_at (res://tests/modules/mind_cultivation/test_mind_power_curve.gd:86)
       [3] test_fill_rate_pins_both_ends_of_the_ladder (res://tests/modules/mind_cultivation/test_mind_power_curve.gd:242)
       [4] _initialize (res://tests/run_tests.gd:24)
SCRIPT ERROR: Invalid call. Nonexistent function 'attach_sea' in base 'GDScript'.
   at: _sea_actor_at_rank (res://tests/modules/mind_cultivation/test_mind_power_curve.gd:58)
   GDScript backtrace (most recent call first):
       [0] _sea_actor_at_rank (res://tests/modules/mind_cultivation/test_mind_power_curve.gd:58)
       [1] _fill_rate_at (res://tests/modules/mind_cultivation/test_mind_power_curve.gd:86)
       [2] test_fill_rate_pins_both_ends_of_the_ladder (res://tests/modules/mind_cultivation/test_mind_power_curve.gd:242)
       [3] _initialize (res://tests/run_tests.gd:24)
SCRIPT ERROR: Invalid call. Nonexistent function 'path' in base 'Nil'.
   at: _fill_rate_at (res://tests/modules/mind_cultivation/test_mind_power_curve.gd:87)
   GDScript backtrace (most recent call first):
       [0] _fill_rate_at (res://tests/modules/mind_cultivation/test_mind_power_curve.gd:87)
       [1] test_fill_rate_pins_both_ends_of_the_ladder (res://tests/modules/mind_cultivation/test_mind_power_curve.gd:242)
       [2] _initialize (res://tests/run_tests.gd:24)
SCRIPT ERROR: Invalid call. Nonexistent function 'attach' in base 'GDScript'.
   at: _actor_at_rank (res://tests/modules/mind_cultivation/test_mind_power_curve.gd:50)
   GDScript backtrace (most recent call first):
       [0] _actor_at_rank (res://tests/modules/mind_cultivation/test_mind_power_curve.gd:50)
       [1] _sea_actor_at_rank (res://tests/modules/mind_cultivation/test_mind_power_curve.gd:57)
       [2] _fill_rate_at (res://tests/modules/mind_cultivation/test_mind_power_curve.gd:86)
       [3] test_fill_rate_pins_both_ends_of_the_ladder (res://tests/modules/mind_cultivation/test_mind_power_curve.gd:243)
       [4] _initialize (res://tests/run_tests.gd:24)
SCRIPT ERROR: Invalid call. Nonexistent function 'attach_sea' in base 'GDScript'.
   at: _sea_actor_at_rank (res://tests/modules/mind_cultivation/test_mind_power_curve.gd:58)
   GDScript backtrace (most recent call first):
       [0] _sea_actor_at_rank (res://tests/modules/mind_cultivation/test_mind_power_curve.gd:58)
       [1] _fill_rate_at (res://tests/modules/mind_cultivation/test_mind_power_curve.gd:86)
       [2] test_fill_rate_pins_both_ends_of_the_ladder (res://tests/modules/mind_cultivation/test_mind_power_curve.gd:243)
       [3] _initialize (res://tests/run_tests.gd:24)
SCRIPT ERROR: Invalid call. Nonexistent function 'path' in base 'Nil'.
   at: _fill_rate_at (res://tests/modules/mind_cultivation/test_mind_power_curve.gd:87)
   GDScript backtrace (most recent call first):
       [0] _fill_rate_at (res://tests/modules/mind_cultivation/test_mind_power_curve.gd:87)
       [1] test_fill_rate_pins_both_ends_of_the_ladder (res://tests/modules/mind_cultivation/test_mind_power_curve.gd:243)
       [2] _initialize (res://tests/run_tests.gd:24)
SCRIPT ERROR: Invalid call. Nonexistent function 'attach' in base 'GDScript'.
   at: _actor_at_rank (res://tests/modules/mind_cultivation/test_mind_power_curve.gd:50)
   GDScript backtrace (most recent call first):
       [0] _actor_at_rank (res://tests/modules/mind_cultivation/test_mind_power_curve.gd:50)
       [1] test_mental_attack_follows_the_same_ladder (res://tests/modules/mind_cultivation/test_mind_power_curve.gd:144)
       [2] _initialize (res://tests/run_tests.gd:24)
SCRIPT ERROR: Invalid access to property or key 'stats' on a base object of type 'Nil'.
   at: test_mental_attack_follows_the_same_ladder (res://tests/modules/mind_cultivation/test_mind_power_curve.gd:144)
   GDScript backtrace (most recent call first):
       [0] test_mental_attack_follows_the_same_ladder (res://tests/modules/mind_cultivation/test_mind_power_curve.gd:144)
       [1] _initialize (res://tests/run_tests.gd:24)
SCRIPT ERROR: Invalid call. Nonexistent function 'attach' in base 'GDScript'.
   at: _actor_at_rank (res://tests/modules/mind_cultivation/test_mind_power_curve.gd:50)
   GDScript backtrace (most recent call first):
       [0] _actor_at_rank (res://tests/modules/mind_cultivation/test_mind_power_curve.gd:50)
       [1] _sea_actor_at_rank (res://tests/modules/mind_cultivation/test_mind_power_curve.gd:57)
       [2] test_sea_capacity_applies_the_meridian_capacity_bonus_once (res://tests/modules/mind_cultivation/test_mind_power_curve.gd:201)
       [3] _initialize (res://tests/run_tests.gd:24)
SCRIPT ERROR: Invalid call. Nonexistent function 'attach_sea' in base 'GDScript'.
   at: _sea_actor_at_rank (res://tests/modules/mind_cultivation/test_mind_power_curve.gd:58)
   GDScript backtrace (most recent call first):
       [0] _sea_actor_at_rank (res://tests/modules/mind_cultivation/test_mind_power_curve.gd:58)
       [1] test_sea_capacity_applies_the_meridian_capacity_bonus_once (res://tests/modules/mind_cultivation/test_mind_power_curve.gd:201)
       [2] _initialize (res://tests/run_tests.gd:24)
SCRIPT ERROR: Invalid access to property or key 'meridians' on a base object of type 'Nil'.
   at: test_sea_capacity_applies_the_meridian_capacity_bonus_once (res://tests/modules/mind_cultivation/test_mind_power_curve.gd:202)
   GDScript backtrace (most recent call first):
       [0] test_sea_capacity_applies_the_meridian_capacity_bonus_once (res://tests/modules/mind_cultivation/test_mind_power_curve.gd:202)
       [1] _initialize (res://tests/run_tests.gd:24)
SCRIPT ERROR: Invalid call. Nonexistent function 'attach' in base 'GDScript'.
   at: _actor_at_rank (res://tests/modules/mind_cultivation/test_mind_power_curve.gd:50)
   GDScript backtrace (most recent call first):
       [0] _actor_at_rank (res://tests/modules/mind_cultivation/test_mind_power_curve.gd:50)
       [1] _sea_actor_at_rank (res://tests/modules/mind_cultivation/test_mind_power_curve.gd:57)
       [2] _capacity_at (res://tests/modules/mind_cultivation/test_mind_power_curve.gd:81)
       [3] test_sea_capacity_ignores_the_capacity_factor (res://tests/modules/mind_cultivation/test_mind_power_curve.gd:227)
       [4] _initialize (res://tests/run_tests.gd:24)
SCRIPT ERROR: Invalid call. Nonexistent function 'attach_sea' in base 'GDScript'.
   at: _sea_actor_at_rank (res://tests/modules/mind_cultivation/test_mind_power_curve.gd:58)
   GDScript backtrace (most recent call first):
       [0] _sea_actor_at_rank (res://tests/modules/mind_cultivation/test_mind_power_curve.gd:58)
       [1] _capacity_at (res://tests/modules/mind_cultivation/test_mind_power_curve.gd:81)
       [2] test_sea_capacity_ignores_the_capacity_factor (res://tests/modules/mind_cultivation/test_mind_power_curve.gd:227)
       [3] _initialize (res://tests/run_tests.gd:24)
SCRIPT ERROR: Invalid access to property or key 'stats' on a base object of type 'Nil'.
   at: _capacity_at (res://tests/modules/mind_cultivation/test_mind_power_curve.gd:81)
   GDScript backtrace (most recent call first):
       [0] _capacity_at (res://tests/modules/mind_cultivation/test_mind_power_curve.gd:81)
       [1] test_sea_capacity_ignores_the_capacity_factor (res://tests/modules/mind_cultivation/test_mind_power_curve.gd:227)
       [2] _initialize (res://tests/run_tests.gd:24)
SCRIPT ERROR: Invalid call. Nonexistent function 'attach' in base 'GDScript'.
   at: _actor_at_rank (res://tests/modules/mind_cultivation/test_mind_power_curve.gd:50)
   GDScript backtrace (most recent call first):
       [0] _actor_at_rank (res://tests/modules/mind_cultivation/test_mind_power_curve.gd:50)
       [1] _sea_actor_at_rank (res://tests/modules/mind_cultivation/test_mind_power_curve.gd:57)
       [2] _capacity_at (res://tests/modules/mind_cultivation/test_mind_power_curve.gd:81)
       [3] test_sea_capacity_increases_at_every_realm (res://tests/modules/mind_cultivation/test_mind_power_curve.gd:167)
       [4] _initialize (res://tests/run_tests.gd:24)
SCRIPT ERROR: Invalid call. Nonexistent function 'attach_sea' in base 'GDScript'.
   at: _sea_actor_at_rank (res://tests/modules/mind_cultivation/test_mind_power_curve.gd:58)
   GDScript backtrace (most recent call first):
       [0] _sea_actor_at_rank (res://tests/modules/mind_cultivation/test_mind_power_curve.gd:58)
       [1] _capacity_at (res://tests/modules/mind_cultivation/test_mind_power_curve.gd:81)
       [2] test_sea_capacity_increases_at_every_realm (res://tests/modules/mind_cultivation/test_mind_power_curve.gd:167)
       [3] _initialize (res://tests/run_tests.gd:24)
SCRIPT ERROR: Invalid access to property or key 'stats' on a base object of type 'Nil'.
   at: _capacity_at (res://tests/modules/mind_cultivation/test_mind_power_curve.gd:81)
   GDScript backtrace (most recent call first):
       [0] _capacity_at (res://tests/modules/mind_cultivation/test_mind_power_curve.gd:81)
       [1] test_sea_capacity_increases_at_every_realm (res://tests/modules/mind_cultivation/test_mind_power_curve.gd:167)
       [2] _initialize (res://tests/run_tests.gd:24)
SCRIPT ERROR: Invalid call. Nonexistent function 'attach' in base 'GDScript'.
   at: _actor_at_rank (res://tests/modules/mind_cultivation/test_mind_power_curve.gd:50)
   GDScript backtrace (most recent call first):
       [0] _actor_at_rank (res://tests/modules/mind_cultivation/test_mind_power_curve.gd:50)
       [1] _sea_actor_at_rank (res://tests/modules/mind_cultivation/test_mind_power_curve.gd:57)
       [2] _capacity_at (res://tests/modules/mind_cultivation/test_mind_power_curve.gd:81)
       [3] test_sea_capacity_increases_at_every_realm (res://tests/modules/mind_cultivation/test_mind_power_curve.gd:167)
       [4] _initialize (res://tests/run_tests.gd:24)
SCRIPT ERROR: Invalid call. Nonexistent function 'attach_sea' in base 'GDScript'.
   at: _sea_actor_at_rank (res://tests/modules/mind_cultivation/test_mind_power_curve.gd:58)
   GDScript backtrace (most recent call first):
       [0] _sea_actor_at_rank (res://tests/modules/mind_cultivation/test_mind_power_curve.gd:58)
       [1] _capacity_at (res://tests/modules/mind_cultivation/test_mind_power_curve.gd:81)
       [2] test_sea_capacity_increases_at_every_realm (res://tests/modules/mind_cultivation/test_mind_power_curve.gd:167)
       [3] _initialize (res://tests/run_tests.gd:24)
SCRIPT ERROR: Invalid access to property or key 'stats' on a base object of type 'Nil'.
   at: _capacity_at (res://tests/modules/mind_cultivation/test_mind_power_curve.gd:81)
   GDScript backtrace (most recent call first):
       [0] _capacity_at (res://tests/modules/mind_cultivation/test_mind_power_curve.gd:81)
       [1] test_sea_capacity_increases_at_every_realm (res://tests/modules/mind_cultivation/test_mind_power_curve.gd:167)
       [2] _initialize (res://tests/run_tests.gd:24)
SCRIPT ERROR: Invalid call. Nonexistent function 'attach' in base 'GDScript'.
   at: _actor_at_rank (res://tests/modules/mind_cultivation/test_mind_power_curve.gd:50)
   GDScript backtrace (most recent call first):
       [0] _actor_at_rank (res://tests/modules/mind_cultivation/test_mind_power_curve.gd:50)
       [1] _sea_actor_at_rank (res://tests/modules/mind_cultivation/test_mind_power_curve.gd:57)
       [2] _capacity_at (res://tests/modules/mind_cultivation/test_mind_power_curve.gd:81)
       [3] test_sea_capacity_increases_at_every_realm (res://tests/modules/mind_cultivation/test_mind_power_curve.gd:167)
       [4] _initialize (res://tests/run_tests.gd:24)
SCRIPT ERROR: Invalid call. Nonexistent function 'attach_sea' in base 'GDScript'.
   at: _sea_actor_at_rank (res://tests/modules/mind_cultivation/test_mind_power_curve.gd:58)
   GDScript backtrace (most recent call first):
       [0] _sea_actor_at_rank (res://tests/modules/mind_cultivation/test_mind_power_curve.gd:58)
       [1] _capacity_at (res://tests/modules/mind_cultivation/test_mind_power_curve.gd:81)
       [2] test_sea_capacity_increases_at_every_realm (res://tests/modules/mind_cultivation/test_mind_power_curve.gd:167)
       [3] _initialize (res://tests/run_tests.gd:24)
SCRIPT ERROR: Invalid access to property or key 'stats' on a base object of type 'Nil'.
   at: _capacity_at (res://tests/modules/mind_cultivation/test_mind_power_curve.gd:81)
   GDScript backtrace (most recent call first):
       [0] _capacity_at (res://tests/modules/mind_cultivation/test_mind_power_curve.gd:81)
       [1] test_sea_capacity_increases_at_every_realm (res://tests/modules/mind_cultivation/test_mind_power_curve.gd:167)
       [2] _initialize (res://tests/run_tests.gd:24)
SCRIPT ERROR: Invalid call. Nonexistent function 'attach' in base 'GDScript'.
   at: _actor_at_rank (res://tests/modules/mind_cultivation/test_mind_power_curve.gd:50)
   GDScript backtrace (most recent call first):
       [0] _actor_at_rank (res://tests/modules/mind_cultivation/test_mind_power_curve.gd:50)
       [1] _sea_actor_at_rank (res://tests/modules/mind_cultivation/test_mind_power_curve.gd:57)
       [2] _capacity_at (res://tests/modules/mind_cultivation/test_mind_power_curve.gd:81)
       [3] test_sea_capacity_increases_at_every_realm (res://tests/modules/mind_cultivation/test_mind_power_curve.gd:167)
       [4] _initialize (res://tests/run_tests.gd:24)
SCRIPT ERROR: Invalid call. Nonexistent function 'attach_sea' in base 'GDScript'.
   at: _sea_actor_at_rank (res://tests/modules/mind_cultivation/test_mind_power_curve.gd:58)
   GDScript backtrace (most recent call first):
       [0] _sea_actor_at_rank (res://tests/modules/mind_cultivation/test_mind_power_curve.gd:58)
       [1] _capacity_at (res://tests/modules/mind_cultivation/test_mind_power_curve.gd:81)
       [2] test_sea_capacity_increases_at_every_realm (res://tests/modules/mind_cultivation/test_mind_power_curve.gd:167)
       [3] _initialize (res://tests/run_tests.gd:24)
SCRIPT ERROR: Invalid access to property or key 'stats' on a base object of type 'Nil'.
   at: _capacity_at (res://tests/modules/mind_cultivation/test_mind_power_curve.gd:81)
   GDScript backtrace (most recent call first):
       [0] _capacity_at (res://tests/modules/mind_cultivation/test_mind_power_curve.gd:81)
       [1] test_sea_capacity_increases_at_every_realm (res://tests/modules/mind_cultivation/test_mind_power_curve.gd:167)
       [2] _initialize (res://tests/run_tests.gd:24)
SCRIPT ERROR: Invalid call. Nonexistent function 'attach' in base 'GDScript'.
   at: _actor_at_rank (res://tests/modules/mind_cultivation/test_mind_power_curve.gd:50)
   GDScript backtrace (most recent call first):
       [0] _actor_at_rank (res://tests/modules/mind_cultivation/test_mind_power_curve.gd:50)
       [1] _sea_actor_at_rank (res://tests/modules/mind_cultivation/test_mind_power_curve.gd:57)
       [2] _capacity_at (res://tests/modules/mind_cultivation/test_mind_power_curve.gd:81)
       [3] test_sea_capacity_increases_at_every_realm (res://tests/modules/mind_cultivation/test_mind_power_curve.gd:167)
       [4] _initialize (res://tests/run_tests.gd:24)
SCRIPT ERROR: Invalid call. Nonexistent function 'attach_sea' in base 'GDScript'.
   at: _sea_actor_at_rank (res://tests/modules/mind_cultivation/test_mind_power_curve.gd:58)
   GDScript backtrace (most recent call first):
       [0] _sea_actor_at_rank (res://tests/modules/mind_cultivation/test_mind_power_curve.gd:58)
       [1] _capacity_at (res://tests/modules/mind_cultivation/test_mind_power_curve.gd:81)
       [2] test_sea_capacity_increases_at_every_realm (res://tests/modules/mind_cultivation/test_mind_power_curve.gd:167)
       [3] _initialize (res://tests/run_tests.gd:24)
SCRIPT ERROR: Invalid access to property or key 'stats' on a base object of type 'Nil'.
   at: _capacity_at (res://tests/modules/mind_cultivation/test_mind_power_curve.gd:81)
   GDScript backtrace (most recent call first):
       [0] _capacity_at (res://tests/modules/mind_cultivation/test_mind_power_curve.gd:81)
       [1] test_sea_capacity_increases_at_every_realm (res://tests/modules/mind_cultivation/test_mind_power_curve.gd:167)
       [2] _initialize (res://tests/run_tests.gd:24)
SCRIPT ERROR: Invalid call. Nonexistent function 'attach' in base 'GDScript'.
   at: _actor_at_rank (res://tests/modules/mind_cultivation/test_mind_power_curve.gd:50)
   GDScript backtrace (most recent call first):
       [0] _actor_at_rank (res://tests/modules/mind_cultivation/test_mind_power_curve.gd:50)
       [1] _sea_actor_at_rank (res://tests/modules/mind_cultivation/test_mind_power_curve.gd:57)
       [2] _capacity_at (res://tests/modules/mind_cultivation/test_mind_power_curve.gd:81)
       [3] test_sea_capacity_increases_at_every_realm (res://tests/modules/mind_cultivation/test_mind_power_curve.gd:167)
       [4] _initialize (res://tests/run_tests.gd:24)
SCRIPT ERROR: Invalid call. Nonexistent function 'attach_sea' in base 'GDScript'.
   at: _sea_actor_at_rank (res://tests/modules/mind_cultivation/test_mind_power_curve.gd:58)
   GDScript backtrace (most recent call first):
       [0] _sea_actor_at_rank (res://tests/modules/mind_cultivation/test_mind_power_curve.gd:58)
       [1] _capacity_at (res://tests/modules/mind_cultivation/test_mind_power_curve.gd:81)
       [2] test_sea_capacity_increases_at_every_realm (res://tests/modules/mind_cultivation/test_mind_power_curve.gd:167)
       [3] _initialize (res://tests/run_tests.gd:24)
SCRIPT ERROR: Invalid access to property or key 'stats' on a base object of type 'Nil'.
   at: _capacity_at (res://tests/modules/mind_cultivation/test_mind_power_curve.gd:81)
   GDScript backtrace (most recent call first):
       [0] _capacity_at (res://tests/modules/mind_cultivation/test_mind_power_curve.gd:81)
       [1] test_sea_capacity_increases_at_every_realm (res://tests/modules/mind_cultivation/test_mind_power_curve.gd:167)
       [2] _initialize (res://tests/run_tests.gd:24)
SCRIPT ERROR: Invalid call. Nonexistent function 'attach' in base 'GDScript'.
   at: _actor_at_rank (res://tests/modules/mind_cultivation/test_mind_power_curve.gd:50)
   GDScript backtrace (most recent call first):
       [0] _actor_at_rank (res://tests/modules/mind_cultivation/test_mind_power_curve.gd:50)
       [1] _sea_actor_at_rank (res://tests/modules/mind_cultivation/test_mind_power_curve.gd:57)
       [2] _capacity_at (res://tests/modules/mind_cultivation/test_mind_power_curve.gd:81)
       [3] test_sea_capacity_increases_at_every_realm (res://tests/modules/mind_cultivation/test_mind_power_curve.gd:167)
       [4] _initialize (res://tests/run_tests.gd:24)
SCRIPT ERROR: Invalid call. Nonexistent function 'attach_sea' in base 'GDScript'.
   at: _sea_actor_at_rank (res://tests/modules/mind_cultivation/test_mind_power_curve.gd:58)
   GDScript backtrace (most recent call first):
       [0] _sea_actor_at_rank (res://tests/modules/mind_cultivation/test_mind_power_curve.gd:58)
       [1] _capacity_at (res://tests/modules/mind_cultivation/test_mind_power_curve.gd:81)
       [2] test_sea_capacity_increases_at_every_realm (res://tests/modules/mind_cultivation/test_mind_power_curve.gd:167)
       [3] _initialize (res://tests/run_tests.gd:24)
SCRIPT ERROR: Invalid access to property or key 'stats' on a base object of type 'Nil'.
   at: _capacity_at (res://tests/modules/mind_cultivation/test_mind_power_curve.gd:81)
   GDScript backtrace (most recent call first):
       [0] _capacity_at (res://tests/modules/mind_cultivation/test_mind_power_curve.gd:81)
       [1] test_sea_capacity_increases_at_every_realm (res://tests/modules/mind_cultivation/test_mind_power_curve.gd:167)
       [2] _initialize (res://tests/run_tests.gd:24)
SCRIPT ERROR: Invalid call. Nonexistent function 'attach' in base 'GDScript'.
   at: _actor_at_rank (res://tests/modules/mind_cultivation/test_mind_power_curve.gd:50)
   GDScript backtrace (most recent call first):
       [0] _actor_at_rank (res://tests/modules/mind_cultivation/test_mind_power_curve.gd:50)
       [1] _sea_actor_at_rank (res://tests/modules/mind_cultivation/test_mind_power_curve.gd:57)
       [2] _capacity_at (res://tests/modules/mind_cultivation/test_mind_power_curve.gd:81)
       [3] test_sea_capacity_increases_at_every_realm (res://tests/modules/mind_cultivation/test_mind_power_curve.gd:167)
       [4] _initialize (res://tests/run_tests.gd:24)
SCRIPT ERROR: Invalid call. Nonexistent function 'attach_sea' in base 'GDScript'.
   at: _sea_actor_at_rank (res://tests/modules/mind_cultivation/test_mind_power_curve.gd:58)
   GDScript backtrace (most recent call first):
       [0] _sea_actor_at_rank (res://tests/modules/mind_cultivation/test_mind_power_curve.gd:58)
       [1] _capacity_at (res://tests/modules/mind_cultivation/test_mind_power_curve.gd:81)
       [2] test_sea_capacity_increases_at_every_realm (res://tests/modules/mind_cultivation/test_mind_power_curve.gd:167)
       [3] _initialize (res://tests/run_tests.gd:24)
SCRIPT ERROR: Invalid access to property or key 'stats' on a base object of type 'Nil'.
   at: _capacity_at (res://tests/modules/mind_cultivation/test_mind_power_curve.gd:81)
   GDScript backtrace (most recent call first):
       [0] _capacity_at (res://tests/modules/mind_cultivation/test_mind_power_curve.gd:81)
       [1] test_sea_capacity_increases_at_every_realm (res://tests/modules/mind_cultivation/test_mind_power_curve.gd:167)
       [2] _initialize (res://tests/run_tests.gd:24)
SCRIPT ERROR: Invalid call. Nonexistent function 'attach' in base 'GDScript'.
   at: _actor_at_rank (res://tests/modules/mind_cultivation/test_mind_power_curve.gd:50)
   GDScript backtrace (most recent call first):
       [0] _actor_at_rank (res://tests/modules/mind_cultivation/test_mind_power_curve.gd:50)
       [1] _sea_actor_at_rank (res://tests/modules/mind_cultivation/test_mind_power_curve.gd:57)
       [2] _capacity_at (res://tests/modules/mind_cultivation/test_mind_power_curve.gd:81)
       [3] test_sea_capacity_increases_at_every_realm (res://tests/modules/mind_cultivation/test_mind_power_curve.gd:167)
       [4] _initialize (res://tests/run_tests.gd:24)
SCRIPT ERROR: Invalid call. Nonexistent function 'attach_sea' in base 'GDScript'.
   at: _sea_actor_at_rank (res://tests/modules/mind_cultivation/test_mind_power_curve.gd:58)
   GDScript backtrace (most recent call first):
       [0] _sea_actor_at_rank (res://tests/modules/mind_cultivation/test_mind_power_curve.gd:58)
       [1] _capacity_at (res://tests/modules/mind_cultivation/test_mind_power_curve.gd:81)
       [2] test_sea_capacity_increases_at_every_realm (res://tests/modules/mind_cultivation/test_mind_power_curve.gd:167)
       [3] _initialize (res://tests/run_tests.gd:24)
SCRIPT ERROR: Invalid access to property or key 'stats' on a base object of type 'Nil'.
   at: _capacity_at (res://tests/modules/mind_cultivation/test_mind_power_curve.gd:81)
   GDScript backtrace (most recent call first):
       [0] _capacity_at (res://tests/modules/mind_cultivation/test_mind_power_curve.gd:81)
       [1] test_sea_capacity_increases_at_every_realm (res://tests/modules/mind_cultivation/test_mind_power_curve.gd:167)
       [2] _initialize (res://tests/run_tests.gd:24)
SCRIPT ERROR: Invalid call. Nonexistent function 'attach' in base 'GDScript'.
   at: _actor_at_rank (res://tests/modules/mind_cultivation/test_mind_power_curve.gd:50)
   GDScript backtrace (most recent call first):
       [0] _actor_at_rank (res://tests/modules/mind_cultivation/test_mind_power_curve.gd:50)
       [1] _sea_actor_at_rank (res://tests/modules/mind_cultivation/test_mind_power_curve.gd:57)
       [2] _capacity_at (res://tests/modules/mind_cultivation/test_mind_power_curve.gd:81)
       [3] test_sea_capacity_increases_at_every_realm (res://tests/modules/mind_cultivation/test_mind_power_curve.gd:167)
       [4] _initialize (res://tests/run_tests.gd:24)
SCRIPT ERROR: Invalid call. Nonexistent function 'attach_sea' in base 'GDScript'.
   at: _sea_actor_at_rank (res://tests/modules/mind_cultivation/test_mind_power_curve.gd:58)
   GDScript backtrace (most recent call first):
       [0] _sea_actor_at_rank (res://tests/modules/mind_cultivation/test_mind_power_curve.gd:58)
       [1] _capacity_at (res://tests/modules/mind_cultivation/test_mind_power_curve.gd:81)
       [2] test_sea_capacity_increases_at_every_realm (res://tests/modules/mind_cultivation/test_mind_power_curve.gd:167)
       [3] _initialize (res://tests/run_tests.gd:24)
SCRIPT ERROR: Invalid access to property or key 'stats' on a base object of type 'Nil'.
   at: _capacity_at (res://tests/modules/mind_cultivation/test_mind_power_curve.gd:81)
   GDScript backtrace (most recent call first):
       [0] _capacity_at (res://tests/modules/mind_cultivation/test_mind_power_curve.gd:81)
       [1] test_sea_capacity_increases_at_every_realm (res://tests/modules/mind_cultivation/test_mind_power_curve.gd:167)
       [2] _initialize (res://tests/run_tests.gd:24)
SCRIPT ERROR: Invalid call. Nonexistent function 'attach' in base 'GDScript'.
   at: _actor_at_rank (res://tests/modules/mind_cultivation/test_mind_power_curve.gd:50)
   GDScript backtrace (most recent call first):
       [0] _actor_at_rank (res://tests/modules/mind_cultivation/test_mind_power_curve.gd:50)
       [1] _sea_actor_at_rank (res://tests/modules/mind_cultivation/test_mind_power_curve.gd:57)
       [2] _capacity_at (res://tests/modules/mind_cultivation/test_mind_power_curve.gd:81)
       [3] test_sea_capacity_increases_at_every_realm (res://tests/modules/mind_cultivation/test_mind_power_curve.gd:167)
       [4] _initialize (res://tests/run_tests.gd:24)
SCRIPT ERROR: Invalid call. Nonexistent function 'attach_sea' in base 'GDScript'.
   at: _sea_actor_at_rank (res://tests/modules/mind_cultivation/test_mind_power_curve.gd:58)
   GDScript backtrace (most recent call first):
       [0] _sea_actor_at_rank (res://tests/modules/mind_cultivation/test_mind_power_curve.gd:58)
       [1] _capacity_at (res://tests/modules/mind_cultivation/test_mind_power_curve.gd:81)
       [2] test_sea_capacity_increases_at_every_realm (res://tests/modules/mind_cultivation/test_mind_power_curve.gd:167)
       [3] _initialize (res://tests/run_tests.gd:24)
SCRIPT ERROR: Invalid access to property or key 'stats' on a base object of type 'Nil'.
   at: _capacity_at (res://tests/modules/mind_cultivation/test_mind_power_curve.gd:81)
   GDScript backtrace (most recent call first):
       [0] _capacity_at (res://tests/modules/mind_cultivation/test_mind_power_curve.gd:81)
       [1] test_sea_capacity_increases_at_every_realm (res://tests/modules/mind_cultivation/test_mind_power_curve.gd:167)
       [2] _initialize (res://tests/run_tests.gd:24)
SCRIPT ERROR: Invalid call. Nonexistent function 'attach' in base 'GDScript'.
   at: _actor_at_rank (res://tests/modules/mind_cultivation/test_mind_power_curve.gd:50)
   GDScript backtrace (most recent call first):
       [0] _actor_at_rank (res://tests/modules/mind_cultivation/test_mind_power_curve.gd:50)
       [1] _sea_actor_at_rank (res://tests/modules/mind_cultivation/test_mind_power_curve.gd:57)
       [2] _capacity_at (res://tests/modules/mind_cultivation/test_mind_power_curve.gd:81)
       [3] test_sea_capacity_increases_at_every_realm (res://tests/modules/mind_cultivation/test_mind_power_curve.gd:167)
       [4] _initialize (res://tests/run_tests.gd:24)
SCRIPT ERROR: Invalid call. Nonexistent function 'attach_sea' in base 'GDScript'.
   at: _sea_actor_at_rank (res://tests/modules/mind_cultivation/test_mind_power_curve.gd:58)
   GDScript backtrace (most recent call first):
       [0] _sea_actor_at_rank (res://tests/modules/mind_cultivation/test_mind_power_curve.gd:58)
       [1] _capacity_at (res://tests/modules/mind_cultivation/test_mind_power_curve.gd:81)
       [2] test_sea_capacity_increases_at_every_realm (res://tests/modules/mind_cultivation/test_mind_power_curve.gd:167)
       [3] _initialize (res://tests/run_tests.gd:24)
SCRIPT ERROR: Invalid access to property or key 'stats' on a base object of type 'Nil'.
   at: _capacity_at (res://tests/modules/mind_cultivation/test_mind_power_curve.gd:81)
   GDScript backtrace (most recent call first):
       [0] _capacity_at (res://tests/modules/mind_cultivation/test_mind_power_curve.gd:81)
       [1] test_sea_capacity_increases_at_every_realm (res://tests/modules/mind_cultivation/test_mind_power_curve.gd:167)
       [2] _initialize (res://tests/run_tests.gd:24)
SCRIPT ERROR: Invalid call. Nonexistent function 'attach' in base 'GDScript'.
   at: _actor_at_rank (res://tests/modules/mind_cultivation/test_mind_power_curve.gd:50)
   GDScript backtrace (most recent call first):
       [0] _actor_at_rank (res://tests/modules/mind_cultivation/test_mind_power_curve.gd:50)
       [1] _sea_actor_at_rank (res://tests/modules/mind_cultivation/test_mind_power_curve.gd:57)
       [2] _capacity_at (res://tests/modules/mind_cultivation/test_mind_power_curve.gd:81)
       [3] test_sea_capacity_increases_at_every_realm (res://tests/modules/mind_cultivation/test_mind_power_curve.gd:167)
       [4] _initialize (res://tests/run_tests.gd:24)
SCRIPT ERROR: Invalid call. Nonexistent function 'attach_sea' in base 'GDScript'.
   at: _sea_actor_at_rank (res://tests/modules/mind_cultivation/test_mind_power_curve.gd:58)
   GDScript backtrace (most recent call first):
       [0] _sea_actor_at_rank (res://tests/modules/mind_cultivation/test_mind_power_curve.gd:58)
       [1] _capacity_at (res://tests/modules/mind_cultivation/test_mind_power_curve.gd:81)
       [2] test_sea_capacity_increases_at_every_realm (res://tests/modules/mind_cultivation/test_mind_power_curve.gd:167)
       [3] _initialize (res://tests/run_tests.gd:24)
SCRIPT ERROR: Invalid access to property or key 'stats' on a base object of type 'Nil'.
   at: _capacity_at (res://tests/modules/mind_cultivation/test_mind_power_curve.gd:81)
   GDScript backtrace (most recent call first):
       [0] _capacity_at (res://tests/modules/mind_cultivation/test_mind_power_curve.gd:81)
       [1] test_sea_capacity_increases_at_every_realm (res://tests/modules/mind_cultivation/test_mind_power_curve.gd:167)
       [2] _initialize (res://tests/run_tests.gd:24)
SCRIPT ERROR: Invalid call. Nonexistent function 'attach' in base 'GDScript'.
   at: _actor_at_rank (res://tests/modules/mind_cultivation/test_mind_power_curve.gd:50)
   GDScript backtrace (most recent call first):
       [0] _actor_at_rank (res://tests/modules/mind_cultivation/test_mind_power_curve.gd:50)
       [1] _sea_actor_at_rank (res://tests/modules/mind_cultivation/test_mind_power_curve.gd:57)
       [2] _capacity_at (res://tests/modules/mind_cultivation/test_mind_power_curve.gd:81)
       [3] test_sea_capacity_increases_at_every_realm (res://tests/modules/mind_cultivation/test_mind_power_curve.gd:167)
       [4] _initialize (res://tests/run_tests.gd:24)
SCRIPT ERROR: Invalid call. Nonexistent function 'attach_sea' in base 'GDScript'.
   at: _sea_actor_at_rank (res://tests/modules/mind_cultivation/test_mind_power_curve.gd:58)
   GDScript backtrace (most recent call first):
       [0] _sea_actor_at_rank (res://tests/modules/mind_cultivation/test_mind_power_curve.gd:58)
       [1] _capacity_at (res://tests/modules/mind_cultivation/test_mind_power_curve.gd:81)
       [2] test_sea_capacity_increases_at_every_realm (res://tests/modules/mind_cultivation/test_mind_power_curve.gd:167)
       [3] _initialize (res://tests/run_tests.gd:24)
SCRIPT ERROR: Invalid access to property or key 'stats' on a base object of type 'Nil'.
   at: _capacity_at (res://tests/modules/mind_cultivation/test_mind_power_curve.gd:81)
   GDScript backtrace (most recent call first):
       [0] _capacity_at (res://tests/modules/mind_cultivation/test_mind_power_curve.gd:81)
       [1] test_sea_capacity_increases_at_every_realm (res://tests/modules/mind_cultivation/test_mind_power_curve.gd:167)
       [2] _initialize (res://tests/run_tests.gd:24)
SCRIPT ERROR: Invalid call. Nonexistent function 'attach' in base 'GDScript'.
   at: _actor_at_rank (res://tests/modules/mind_cultivation/test_mind_power_curve.gd:50)
   GDScript backtrace (most recent call first):
       [0] _actor_at_rank (res://tests/modules/mind_cultivation/test_mind_power_curve.gd:50)
       [1] _sea_actor_at_rank (res://tests/modules/mind_cultivation/test_mind_power_curve.gd:57)
       [2] _capacity_at (res://tests/modules/mind_cultivation/test_mind_power_curve.gd:81)
       [3] test_sea_capacity_increases_at_every_realm (res://tests/modules/mind_cultivation/test_mind_power_curve.gd:167)
       [4] _initialize (res://tests/run_tests.gd:24)
SCRIPT ERROR: Invalid call. Nonexistent function 'attach_sea' in base 'GDScript'.
   at: _sea_actor_at_rank (res://tests/modules/mind_cultivation/test_mind_power_curve.gd:58)
   GDScript backtrace (most recent call first):
       [0] _sea_actor_at_rank (res://tests/modules/mind_cultivation/test_mind_power_curve.gd:58)
       [1] _capacity_at (res://tests/modules/mind_cultivation/test_mind_power_curve.gd:81)
       [2] test_sea_capacity_increases_at_every_realm (res://tests/modules/mind_cultivation/test_mind_power_curve.gd:167)
       [3] _initialize (res://tests/run_tests.gd:24)
SCRIPT ERROR: Invalid access to property or key 'stats' on a base object of type 'Nil'.
   at: _capacity_at (res://tests/modules/mind_cultivation/test_mind_power_curve.gd:81)
   GDScript backtrace (most recent call first):
       [0] _capacity_at (res://tests/modules/mind_cultivation/test_mind_power_curve.gd:81)
       [1] test_sea_capacity_increases_at_every_realm (res://tests/modules/mind_cultivation/test_mind_power_curve.gd:167)
       [2] _initialize (res://tests/run_tests.gd:24)
SCRIPT ERROR: Invalid call. Nonexistent function 'attach' in base 'GDScript'.
   at: _actor_at_rank (res://tests/modules/mind_cultivation/test_mind_power_curve.gd:50)
   GDScript backtrace (most recent call first):
       [0] _actor_at_rank (res://tests/modules/mind_cultivation/test_mind_power_curve.gd:50)
       [1] _sea_actor_at_rank (res://tests/modules/mind_cultivation/test_mind_power_curve.gd:57)
       [2] _capacity_at (res://tests/modules/mind_cultivation/test_mind_power_curve.gd:81)
       [3] test_sea_capacity_increases_at_every_realm (res://tests/modules/mind_cultivation/test_mind_power_curve.gd:167)
       [4] _initialize (res://tests/run_tests.gd:24)
SCRIPT ERROR: Invalid call. Nonexistent function 'attach_sea' in base 'GDScript'.
   at: _sea_actor_at_rank (res://tests/modules/mind_cultivation/test_mind_power_curve.gd:58)
   GDScript backtrace (most recent call first):
       [0] _sea_actor_at_rank (res://tests/modules/mind_cultivation/test_mind_power_curve.gd:58)
       [1] _capacity_at (res://tests/modules/mind_cultivation/test_mind_power_curve.gd:81)
       [2] test_sea_capacity_increases_at_every_realm (res://tests/modules/mind_cultivation/test_mind_power_curve.gd:167)
       [3] _initialize (res://tests/run_tests.gd:24)
SCRIPT ERROR: Invalid access to property or key 'stats' on a base object of type 'Nil'.
   at: _capacity_at (res://tests/modules/mind_cultivation/test_mind_power_curve.gd:81)
   GDScript backtrace (most recent call first):
       [0] _capacity_at (res://tests/modules/mind_cultivation/test_mind_power_curve.gd:81)
       [1] test_sea_capacity_increases_at_every_realm (res://tests/modules/mind_cultivation/test_mind_power_curve.gd:167)
       [2] _initialize (res://tests/run_tests.gd:24)
SCRIPT ERROR: Invalid call. Nonexistent function 'attach' in base 'GDScript'.
   at: _actor_at_rank (res://tests/modules/mind_cultivation/test_mind_power_curve.gd:50)
   GDScript backtrace (most recent call first):
       [0] _actor_at_rank (res://tests/modules/mind_cultivation/test_mind_power_curve.gd:50)
       [1] _sea_actor_at_rank (res://tests/modules/mind_cultivation/test_mind_power_curve.gd:57)
       [2] _capacity_at (res://tests/modules/mind_cultivation/test_mind_power_curve.gd:81)
       [3] test_sea_capacity_increases_at_every_realm (res://tests/modules/mind_cultivation/test_mind_power_curve.gd:167)
       [4] _initialize (res://tests/run_tests.gd:24)
SCRIPT ERROR: Invalid call. Nonexistent function 'attach_sea' in base 'GDScript'.
   at: _sea_actor_at_rank (res://tests/modules/mind_cultivation/test_mind_power_curve.gd:58)
   GDScript backtrace (most recent call first):
       [0] _sea_actor_at_rank (res://tests/modules/mind_cultivation/test_mind_power_curve.gd:58)
       [1] _capacity_at (res://tests/modules/mind_cultivation/test_mind_power_curve.gd:81)
       [2] test_sea_capacity_increases_at_every_realm (res://tests/modules/mind_cultivation/test_mind_power_curve.gd:167)
       [3] _initialize (res://tests/run_tests.gd:24)
SCRIPT ERROR: Invalid access to property or key 'stats' on a base object of type 'Nil'.
   at: _capacity_at (res://tests/modules/mind_cultivation/test_mind_power_curve.gd:81)
   GDScript backtrace (most recent call first):
       [0] _capacity_at (res://tests/modules/mind_cultivation/test_mind_power_curve.gd:81)
       [1] test_sea_capacity_increases_at_every_realm (res://tests/modules/mind_cultivation/test_mind_power_curve.gd:167)
       [2] _initialize (res://tests/run_tests.gd:24)
SCRIPT ERROR: Invalid call. Nonexistent function 'attach' in base 'GDScript'.
   at: _actor_at_rank (res://tests/modules/mind_cultivation/test_mind_power_curve.gd:50)
   GDScript backtrace (most recent call first):
       [0] _actor_at_rank (res://tests/modules/mind_cultivation/test_mind_power_curve.gd:50)
       [1] _sea_actor_at_rank (res://tests/modules/mind_cultivation/test_mind_power_curve.gd:57)
       [2] _capacity_at (res://tests/modules/mind_cultivation/test_mind_power_curve.gd:81)
       [3] test_sea_capacity_increases_at_every_realm (res://tests/modules/mind_cultivation/test_mind_power_curve.gd:167)
       [4] _initialize (res://tests/run_tests.gd:24)
SCRIPT ERROR: Invalid call. Nonexistent function 'attach_sea' in base 'GDScript'.
   at: _sea_actor_at_rank (res://tests/modules/mind_cultivation/test_mind_power_curve.gd:58)
   GDScript backtrace (most recent call first):
       [0] _sea_actor_at_rank (res://tests/modules/mind_cultivation/test_mind_power_curve.gd:58)
       [1] _capacity_at (res://tests/modules/mind_cultivation/test_mind_power_curve.gd:81)
       [2] test_sea_capacity_increases_at_every_realm (res://tests/modules/mind_cultivation/test_mind_power_curve.gd:167)
       [3] _initialize (res://tests/run_tests.gd:24)
SCRIPT ERROR: Invalid access to property or key 'stats' on a base object of type 'Nil'.
   at: _capacity_at (res://tests/modules/mind_cultivation/test_mind_power_curve.gd:81)
   GDScript backtrace (most recent call first):
       [0] _capacity_at (res://tests/modules/mind_cultivation/test_mind_power_curve.gd:81)
       [1] test_sea_capacity_increases_at_every_realm (res://tests/modules/mind_cultivation/test_mind_power_curve.gd:167)
       [2] _initialize (res://tests/run_tests.gd:24)
SCRIPT ERROR: Invalid call. Nonexistent function 'attach' in base 'GDScript'.
   at: _actor_at_rank (res://tests/modules/mind_cultivation/test_mind_power_curve.gd:50)
   GDScript backtrace (most recent call first):
       [0] _actor_at_rank (res://tests/modules/mind_cultivation/test_mind_power_curve.gd:50)
       [1] _sea_actor_at_rank (res://tests/modules/mind_cultivation/test_mind_power_curve.gd:57)
       [2] _capacity_at (res://tests/modules/mind_cultivation/test_mind_power_curve.gd:81)
       [3] test_sea_capacity_increases_at_every_realm (res://tests/modules/mind_cultivation/test_mind_power_curve.gd:167)
       [4] _initialize (res://tests/run_tests.gd:24)
SCRIPT ERROR: Invalid call. Nonexistent function 'attach_sea' in base 'GDScript'.
   at: _sea_actor_at_rank (res://tests/modules/mind_cultivation/test_mind_power_curve.gd:58)
   GDScript backtrace (most recent call first):
       [0] _sea_actor_at_rank (res://tests/modules/mind_cultivation/test_mind_power_curve.gd:58)
       [1] _capacity_at (res://tests/modules/mind_cultivation/test_mind_power_curve.gd:81)
       [2] test_sea_capacity_increases_at_every_realm (res://tests/modules/mind_cultivation/test_mind_power_curve.gd:167)
       [3] _initialize (res://tests/run_tests.gd:24)
SCRIPT ERROR: Invalid access to property or key 'stats' on a base object of type 'Nil'.
   at: _capacity_at (res://tests/modules/mind_cultivation/test_mind_power_curve.gd:81)
   GDScript backtrace (most recent call first):
       [0] _capacity_at (res://tests/modules/mind_cultivation/test_mind_power_curve.gd:81)
       [1] test_sea_capacity_increases_at_every_realm (res://tests/modules/mind_cultivation/test_mind_power_curve.gd:167)
       [2] _initialize (res://tests/run_tests.gd:24)
SCRIPT ERROR: Invalid call. Nonexistent function 'attach' in base 'GDScript'.
   at: _actor_at_rank (res://tests/modules/mind_cultivation/test_mind_power_curve.gd:50)
   GDScript backtrace (most recent call first):
       [0] _actor_at_rank (res://tests/modules/mind_cultivation/test_mind_power_curve.gd:50)
       [1] _sea_actor_at_rank (res://tests/modules/mind_cultivation/test_mind_power_curve.gd:57)
       [2] _capacity_at (res://tests/modules/mind_cultivation/test_mind_power_curve.gd:81)
       [3] test_sea_capacity_increases_at_every_realm (res://tests/modules/mind_cultivation/test_mind_power_curve.gd:167)
       [4] _initialize (res://tests/run_tests.gd:24)
SCRIPT ERROR: Invalid call. Nonexistent function 'attach_sea' in base 'GDScript'.
   at: _sea_actor_at_rank (res://tests/modules/mind_cultivation/test_mind_power_curve.gd:58)
   GDScript backtrace (most recent call first):
       [0] _sea_actor_at_rank (res://tests/modules/mind_cultivation/test_mind_power_curve.gd:58)
       [1] _capacity_at (res://tests/modules/mind_cultivation/test_mind_power_curve.gd:81)
       [2] test_sea_capacity_increases_at_every_realm (res://tests/modules/mind_cultivation/test_mind_power_curve.gd:167)
       [3] _initialize (res://tests/run_tests.gd:24)
SCRIPT ERROR: Invalid access to property or key 'stats' on a base object of type 'Nil'.
   at: _capacity_at (res://tests/modules/mind_cultivation/test_mind_power_curve.gd:81)
   GDScript backtrace (most recent call first):
       [0] _capacity_at (res://tests/modules/mind_cultivation/test_mind_power_curve.gd:81)
       [1] test_sea_capacity_increases_at_every_realm (res://tests/modules/mind_cultivation/test_mind_power_curve.gd:167)
       [2] _initialize (res://tests/run_tests.gd:24)
SCRIPT ERROR: Invalid call. Nonexistent function 'attach' in base 'GDScript'.
   at: _actor_at_rank (res://tests/modules/mind_cultivation/test_mind_power_curve.gd:50)
   GDScript backtrace (most recent call first):
       [0] _actor_at_rank (res://tests/modules/mind_cultivation/test_mind_power_curve.gd:50)
       [1] _sea_actor_at_rank (res://tests/modules/mind_cultivation/test_mind_power_curve.gd:57)
       [2] _capacity_at (res://tests/modules/mind_cultivation/test_mind_power_curve.gd:81)
       [3] test_sea_capacity_increases_at_every_realm (res://tests/modules/mind_cultivation/test_mind_power_curve.gd:167)
       [4] _initialize (res://tests/run_tests.gd:24)
SCRIPT ERROR: Invalid call. Nonexistent function 'attach_sea' in base 'GDScript'.
   at: _sea_actor_at_rank (res://tests/modules/mind_cultivation/test_mind_power_curve.gd:58)
   GDScript backtrace (most recent call first):
       [0] _sea_actor_at_rank (res://tests/modules/mind_cultivation/test_mind_power_curve.gd:58)
       [1] _capacity_at (res://tests/modules/mind_cultivation/test_mind_power_curve.gd:81)
       [2] test_sea_capacity_increases_at_every_realm (res://tests/modules/mind_cultivation/test_mind_power_curve.gd:167)
       [3] _initialize (res://tests/run_tests.gd:24)
SCRIPT ERROR: Invalid access to property or key 'stats' on a base object of type 'Nil'.
   at: _capacity_at (res://tests/modules/mind_cultivation/test_mind_power_curve.gd:81)
   GDScript backtrace (most recent call first):
       [0] _capacity_at (res://tests/modules/mind_cultivation/test_mind_power_curve.gd:81)
       [1] test_sea_capacity_increases_at_every_realm (res://tests/modules/mind_cultivation/test_mind_power_curve.gd:167)
       [2] _initialize (res://tests/run_tests.gd:24)
SCRIPT ERROR: Invalid call. Nonexistent function 'attach' in base 'GDScript'.
   at: _actor_at_rank (res://tests/modules/mind_cultivation/test_mind_power_curve.gd:50)
   GDScript backtrace (most recent call first):
       [0] _actor_at_rank (res://tests/modules/mind_cultivation/test_mind_power_curve.gd:50)
       [1] _sea_actor_at_rank (res://tests/modules/mind_cultivation/test_mind_power_curve.gd:57)
       [2] _capacity_at (res://tests/modules/mind_cultivation/test_mind_power_curve.gd:81)
       [3] test_sea_capacity_increases_at_every_realm (res://tests/modules/mind_cultivation/test_mind_power_curve.gd:167)
       [4] _initialize (res://tests/run_tests.gd:24)
SCRIPT ERROR: Invalid call. Nonexistent function 'attach_sea' in base 'GDScript'.
   at: _sea_actor_at_rank (res://tests/modules/mind_cultivation/test_mind_power_curve.gd:58)
   GDScript backtrace (most recent call first):
       [0] _sea_actor_at_rank (res://tests/modules/mind_cultivation/test_mind_power_curve.gd:58)
       [1] _capacity_at (res://tests/modules/mind_cultivation/test_mind_power_curve.gd:81)
       [2] test_sea_capacity_increases_at_every_realm (res://tests/modules/mind_cultivation/test_mind_power_curve.gd:167)
       [3] _initialize (res://tests/run_tests.gd:24)
SCRIPT ERROR: Invalid access to property or key 'stats' on a base object of type 'Nil'.
   at: _capacity_at (res://tests/modules/mind_cultivation/test_mind_power_curve.gd:81)
   GDScript backtrace (most recent call first):
       [0] _capacity_at (res://tests/modules/mind_cultivation/test_mind_power_curve.gd:81)
       [1] test_sea_capacity_increases_at_every_realm (res://tests/modules/mind_cultivation/test_mind_power_curve.gd:167)
       [2] _initialize (res://tests/run_tests.gd:24)
SCRIPT ERROR: Invalid call. Nonexistent function 'attach' in base 'GDScript'.
   at: _actor_at_rank (res://tests/modules/mind_cultivation/test_mind_power_curve.gd:50)
   GDScript backtrace (most recent call first):
       [0] _actor_at_rank (res://tests/modules/mind_cultivation/test_mind_power_curve.gd:50)
       [1] _sea_actor_at_rank (res://tests/modules/mind_cultivation/test_mind_power_curve.gd:57)
       [2] _capacity_at (res://tests/modules/mind_cultivation/test_mind_power_curve.gd:81)
       [3] test_sea_capacity_increases_at_every_realm (res://tests/modules/mind_cultivation/test_mind_power_curve.gd:167)
       [4] _initialize (res://tests/run_tests.gd:24)
SCRIPT ERROR: Invalid call. Nonexistent function 'attach_sea' in base 'GDScript'.
   at: _sea_actor_at_rank (res://tests/modules/mind_cultivation/test_mind_power_curve.gd:58)
   GDScript backtrace (most recent call first):
       [0] _sea_actor_at_rank (res://tests/modules/mind_cultivation/test_mind_power_curve.gd:58)
       [1] _capacity_at (res://tests/modules/mind_cultivation/test_mind_power_curve.gd:81)
       [2] test_sea_capacity_increases_at_every_realm (res://tests/modules/mind_cultivation/test_mind_power_curve.gd:167)
       [3] _initialize (res://tests/run_tests.gd:24)
SCRIPT ERROR: Invalid access to property or key 'stats' on a base object of type 'Nil'.
   at: _capacity_at (res://tests/modules/mind_cultivation/test_mind_power_curve.gd:81)
   GDScript backtrace (most recent call first):
       [0] _capacity_at (res://tests/modules/mind_cultivation/test_mind_power_curve.gd:81)
       [1] test_sea_capacity_increases_at_every_realm (res://tests/modules/mind_cultivation/test_mind_power_curve.gd:167)
       [2] _initialize (res://tests/run_tests.gd:24)
SCRIPT ERROR: Invalid call. Nonexistent function 'attach' in base 'GDScript'.
   at: _actor_at_rank (res://tests/modules/mind_cultivation/test_mind_power_curve.gd:50)
   GDScript backtrace (most recent call first):
       [0] _actor_at_rank (res://tests/modules/mind_cultivation/test_mind_power_curve.gd:50)
       [1] _sea_actor_at_rank (res://tests/modules/mind_cultivation/test_mind_power_curve.gd:57)
       [2] _capacity_at (res://tests/modules/mind_cultivation/test_mind_power_curve.gd:81)
       [3] test_sea_capacity_increases_at_every_realm (res://tests/modules/mind_cultivation/test_mind_power_curve.gd:167)
       [4] _initialize (res://tests/run_tests.gd:24)
SCRIPT ERROR: Invalid call. Nonexistent function 'attach_sea' in base 'GDScript'.
   at: _sea_actor_at_rank (res://tests/modules/mind_cultivation/test_mind_power_curve.gd:58)
   GDScript backtrace (most recent call first):
       [0] _sea_actor_at_rank (res://tests/modules/mind_cultivation/test_mind_power_curve.gd:58)
       [1] _capacity_at (res://tests/modules/mind_cultivation/test_mind_power_curve.gd:81)
       [2] test_sea_capacity_increases_at_every_realm (res://tests/modules/mind_cultivation/test_mind_power_curve.gd:167)
       [3] _initialize (res://tests/run_tests.gd:24)
SCRIPT ERROR: Invalid access to property or key 'stats' on a base object of type 'Nil'.
   at: _capacity_at (res://tests/modules/mind_cultivation/test_mind_power_curve.gd:81)
   GDScript backtrace (most recent call first):
       [0] _capacity_at (res://tests/modules/mind_cultivation/test_mind_power_curve.gd:81)
       [1] test_sea_capacity_increases_at_every_realm (res://tests/modules/mind_cultivation/test_mind_power_curve.gd:167)
       [2] _initialize (res://tests/run_tests.gd:24)
SCRIPT ERROR: Invalid call. Nonexistent function 'attach' in base 'GDScript'.
   at: _actor_at_rank (res://tests/modules/mind_cultivation/test_mind_power_curve.gd:50)
   GDScript backtrace (most recent call first):
       [0] _actor_at_rank (res://tests/modules/mind_cultivation/test_mind_power_curve.gd:50)
       [1] _sea_actor_at_rank (res://tests/modules/mind_cultivation/test_mind_power_curve.gd:57)
       [2] _capacity_at (res://tests/modules/mind_cultivation/test_mind_power_curve.gd:81)
       [3] test_sea_capacity_increases_at_every_realm (res://tests/modules/mind_cultivation/test_mind_power_curve.gd:167)
       [4] _initialize (res://tests/run_tests.gd:24)
SCRIPT ERROR: Invalid call. Nonexistent function 'attach_sea' in base 'GDScript'.
   at: _sea_actor_at_rank (res://tests/modules/mind_cultivation/test_mind_power_curve.gd:58)
   GDScript backtrace (most recent call first):
       [0] _sea_actor_at_rank (res://tests/modules/mind_cultivation/test_mind_power_curve.gd:58)
       [1] _capacity_at (res://tests/modules/mind_cultivation/test_mind_power_curve.gd:81)
       [2] test_sea_capacity_increases_at_every_realm (res://tests/modules/mind_cultivation/test_mind_power_curve.gd:167)
       [3] _initialize (res://tests/run_tests.gd:24)
SCRIPT ERROR: Invalid access to property or key 'stats' on a base object of type 'Nil'.
   at: _capacity_at (res://tests/modules/mind_cultivation/test_mind_power_curve.gd:81)
   GDScript backtrace (most recent call first):
       [0] _capacity_at (res://tests/modules/mind_cultivation/test_mind_power_curve.gd:81)
       [1] test_sea_capacity_increases_at_every_realm (res://tests/modules/mind_cultivation/test_mind_power_curve.gd:167)
       [2] _initialize (res://tests/run_tests.gd:24)
SCRIPT ERROR: Invalid call. Nonexistent function 'attach' in base 'GDScript'.
   at: _actor_at_rank (res://tests/modules/mind_cultivation/test_mind_power_curve.gd:50)
   GDScript backtrace (most recent call first):
       [0] _actor_at_rank (res://tests/modules/mind_cultivation/test_mind_power_curve.gd:50)
       [1] _sea_actor_at_rank (res://tests/modules/mind_cultivation/test_mind_power_curve.gd:57)
       [2] _capacity_at (res://tests/modules/mind_cultivation/test_mind_power_curve.gd:81)
       [3] test_sea_capacity_increases_at_every_realm (res://tests/modules/mind_cultivation/test_mind_power_curve.gd:167)
       [4] _initialize (res://tests/run_tests.gd:24)
SCRIPT ERROR: Invalid call. Nonexistent function 'attach_sea' in base 'GDScript'.
   at: _sea_actor_at_rank (res://tests/modules/mind_cultivation/test_mind_power_curve.gd:58)
   GDScript backtrace (most recent call first):
       [0] _sea_actor_at_rank (res://tests/modules/mind_cultivation/test_mind_power_curve.gd:58)
       [1] _capacity_at (res://tests/modules/mind_cultivation/test_mind_power_curve.gd:81)
       [2] test_sea_capacity_increases_at_every_realm (res://tests/modules/mind_cultivation/test_mind_power_curve.gd:167)
       [3] _initialize (res://tests/run_tests.gd:24)
SCRIPT ERROR: Invalid access to property or key 'stats' on a base object of type 'Nil'.
   at: _capacity_at (res://tests/modules/mind_cultivation/test_mind_power_curve.gd:81)
   GDScript backtrace (most recent call first):
       [0] _capacity_at (res://tests/modules/mind_cultivation/test_mind_power_curve.gd:81)
       [1] test_sea_capacity_increases_at_every_realm (res://tests/modules/mind_cultivation/test_mind_power_curve.gd:167)
       [2] _initialize (res://tests/run_tests.gd:24)
SCRIPT ERROR: Invalid call. Nonexistent function 'attach' in base 'GDScript'.
   at: _actor_at_rank (res://tests/modules/mind_cultivation/test_mind_power_curve.gd:50)
   GDScript backtrace (most recent call first):
       [0] _actor_at_rank (res://tests/modules/mind_cultivation/test_mind_power_curve.gd:50)
       [1] _sea_actor_at_rank (res://tests/modules/mind_cultivation/test_mind_power_curve.gd:57)
       [2] _capacity_at (res://tests/modules/mind_cultivation/test_mind_power_curve.gd:81)
       [3] test_sea_capacity_increases_at_every_realm (res://tests/modules/mind_cultivation/test_mind_power_curve.gd:167)
       [4] _initialize (res://tests/run_tests.gd:24)
SCRIPT ERROR: Invalid call. Nonexistent function 'attach_sea' in base 'GDScript'.
   at: _sea_actor_at_rank (res://tests/modules/mind_cultivation/test_mind_power_curve.gd:58)
   GDScript backtrace (most recent call first):
       [0] _sea_actor_at_rank (res://tests/modules/mind_cultivation/test_mind_power_curve.gd:58)
       [1] _capacity_at (res://tests/modules/mind_cultivation/test_mind_power_curve.gd:81)
       [2] test_sea_capacity_increases_at_every_realm (res://tests/modules/mind_cultivation/test_mind_power_curve.gd:167)
       [3] _initialize (res://tests/run_tests.gd:24)
SCRIPT ERROR: Invalid access to property or key 'stats' on a base object of type 'Nil'.
   at: _capacity_at (res://tests/modules/mind_cultivation/test_mind_power_curve.gd:81)
   GDScript backtrace (most recent call first):
       [0] _capacity_at (res://tests/modules/mind_cultivation/test_mind_power_curve.gd:81)
       [1] test_sea_capacity_increases_at_every_realm (res://tests/modules/mind_cultivation/test_mind_power_curve.gd:167)
       [2] _initialize (res://tests/run_tests.gd:24)
SCRIPT ERROR: Invalid call. Nonexistent function 'attach' in base 'GDScript'.
   at: _actor_at_rank (res://tests/modules/mind_cultivation/test_mind_power_curve.gd:50)
   GDScript backtrace (most recent call first):
       [0] _actor_at_rank (res://tests/modules/mind_cultivation/test_mind_power_curve.gd:50)
       [1] _sea_actor_at_rank (res://tests/modules/mind_cultivation/test_mind_power_curve.gd:57)
       [2] _capacity_at (res://tests/modules/mind_cultivation/test_mind_power_curve.gd:81)
       [3] test_sea_capacity_increases_at_every_realm (res://tests/modules/mind_cultivation/test_mind_power_curve.gd:167)
       [4] _initialize (res://tests/run_tests.gd:24)
SCRIPT ERROR: Invalid call. Nonexistent function 'attach_sea' in base 'GDScript'.
   at: _sea_actor_at_rank (res://tests/modules/mind_cultivation/test_mind_power_curve.gd:58)
   GDScript backtrace (most recent call first):
       [0] _sea_actor_at_rank (res://tests/modules/mind_cultivation/test_mind_power_curve.gd:58)
       [1] _capacity_at (res://tests/modules/mind_cultivation/test_mind_power_curve.gd:81)
       [2] test_sea_capacity_increases_at_every_realm (res://tests/modules/mind_cultivation/test_mind_power_curve.gd:167)
       [3] _initialize (res://tests/run_tests.gd:24)
SCRIPT ERROR: Invalid access to property or key 'stats' on a base object of type 'Nil'.
   at: _capacity_at (res://tests/modules/mind_cultivation/test_mind_power_curve.gd:81)
   GDScript backtrace (most recent call first):
       [0] _capacity_at (res://tests/modules/mind_cultivation/test_mind_power_curve.gd:81)
       [1] test_sea_capacity_increases_at_every_realm (res://tests/modules/mind_cultivation/test_mind_power_curve.gd:167)
       [2] _initialize (res://tests/run_tests.gd:24)
SCRIPT ERROR: Invalid call. Nonexistent function 'attach' in base 'GDScript'.
   at: _actor_at_rank (res://tests/modules/mind_cultivation/test_mind_power_curve.gd:50)
   GDScript backtrace (most recent call first):
       [0] _actor_at_rank (res://tests/modules/mind_cultivation/test_mind_power_curve.gd:50)
       [1] _sea_actor_at_rank (res://tests/modules/mind_cultivation/test_mind_power_curve.gd:57)
       [2] _capacity_at (res://tests/modules/mind_cultivation/test_mind_power_curve.gd:81)
       [3] test_sea_capacity_increases_at_every_realm (res://tests/modules/mind_cultivation/test_mind_power_curve.gd:167)
       [4] _initialize (res://tests/run_tests.gd:24)
SCRIPT ERROR: Invalid call. Nonexistent function 'attach_sea' in base 'GDScript'.
   at: _sea_actor_at_rank (res://tests/modules/mind_cultivation/test_mind_power_curve.gd:58)
   GDScript backtrace (most recent call first):
       [0] _sea_actor_at_rank (res://tests/modules/mind_cultivation/test_mind_power_curve.gd:58)
       [1] _capacity_at (res://tests/modules/mind_cultivation/test_mind_power_curve.gd:81)
       [2] test_sea_capacity_increases_at_every_realm (res://tests/modules/mind_cultivation/test_mind_power_curve.gd:167)
       [3] _initialize (res://tests/run_tests.gd:24)
SCRIPT ERROR: Invalid access to property or key 'stats' on a base object of type 'Nil'.
   at: _capacity_at (res://tests/modules/mind_cultivation/test_mind_power_curve.gd:81)
   GDScript backtrace (most recent call first):
       [0] _capacity_at (res://tests/modules/mind_cultivation/test_mind_power_curve.gd:81)
       [1] test_sea_capacity_increases_at_every_realm (res://tests/modules/mind_cultivation/test_mind_power_curve.gd:167)
       [2] _initialize (res://tests/run_tests.gd:24)
SCRIPT ERROR: Invalid call. Nonexistent function 'attach' in base 'GDScript'.
   at: _actor_at_rank (res://tests/modules/mind_cultivation/test_mind_power_curve.gd:50)
   GDScript backtrace (most recent call first):
       [0] _actor_at_rank (res://tests/modules/mind_cultivation/test_mind_power_curve.gd:50)
       [1] _sea_actor_at_rank (res://tests/modules/mind_cultivation/test_mind_power_curve.gd:57)
       [2] _capacity_at (res://tests/modules/mind_cultivation/test_mind_power_curve.gd:81)
       [3] test_sea_capacity_increases_at_every_realm (res://tests/modules/mind_cultivation/test_mind_power_curve.gd:167)
       [4] _initialize (res://tests/run_tests.gd:24)
SCRIPT ERROR: Invalid call. Nonexistent function 'attach_sea' in base 'GDScript'.
   at: _sea_actor_at_rank (res://tests/modules/mind_cultivation/test_mind_power_curve.gd:58)
   GDScript backtrace (most recent call first):
       [0] _sea_actor_at_rank (res://tests/modules/mind_cultivation/test_mind_power_curve.gd:58)
       [1] _capacity_at (res://tests/modules/mind_cultivation/test_mind_power_curve.gd:81)
       [2] test_sea_capacity_increases_at_every_realm (res://tests/modules/mind_cultivation/test_mind_power_curve.gd:167)
       [3] _initialize (res://tests/run_tests.gd:24)
SCRIPT ERROR: Invalid access to property or key 'stats' on a base object of type 'Nil'.
   at: _capacity_at (res://tests/modules/mind_cultivation/test_mind_power_curve.gd:81)
   GDScript backtrace (most recent call first):
       [0] _capacity_at (res://tests/modules/mind_cultivation/test_mind_power_curve.gd:81)
       [1] test_sea_capacity_increases_at_every_realm (res://tests/modules/mind_cultivation/test_mind_power_curve.gd:167)
       [2] _initialize (res://tests/run_tests.gd:24)
SCRIPT ERROR: Invalid call. Nonexistent function 'attach' in base 'GDScript'.
   at: _actor_at_rank (res://tests/modules/mind_cultivation/test_mind_power_curve.gd:50)
   GDScript backtrace (most recent call first):
       [0] _actor_at_rank (res://tests/modules/mind_cultivation/test_mind_power_curve.gd:50)
       [1] _sea_actor_at_rank (res://tests/modules/mind_cultivation/test_mind_power_curve.gd:57)
       [2] test_sea_capacity_is_the_authored_value_before_any_meridian_bonus (res://tests/modules/mind_cultivation/test_mind_power_curve.gd:182)
       [3] _initialize (res://tests/run_tests.gd:24)
SCRIPT ERROR: Invalid call. Nonexistent function 'attach_sea' in base 'GDScript'.
   at: _sea_actor_at_rank (res://tests/modules/mind_cultivation/test_mind_power_curve.gd:58)
   GDScript backtrace (most recent call first):
       [0] _sea_actor_at_rank (res://tests/modules/mind_cultivation/test_mind_power_curve.gd:58)
       [1] test_sea_capacity_is_the_authored_value_before_any_meridian_bonus (res://tests/modules/mind_cultivation/test_mind_power_curve.gd:182)
       [2] _initialize (res://tests/run_tests.gd:24)
SCRIPT ERROR: Invalid access to property or key 'meridians' on a base object of type 'Nil'.
   at: test_sea_capacity_is_the_authored_value_before_any_meridian_bonus (res://tests/modules/mind_cultivation/test_mind_power_curve.gd:183)
   GDScript backtrace (most recent call first):
       [0] test_sea_capacity_is_the_authored_value_before_any_meridian_bonus (res://tests/modules/mind_cultivation/test_mind_power_curve.gd:183)
       [1] _initialize (res://tests/run_tests.gd:24)
SCRIPT ERROR: Invalid call. Nonexistent function 'attach' in base 'GDScript'.
   at: _actor_at_rank (res://tests/modules/mind_cultivation/test_mind_power_curve.gd:50)
   GDScript backtrace (most recent call first):
       [0] _actor_at_rank (res://tests/modules/mind_cultivation/test_mind_power_curve.gd:50)
       [1] _sea_actor_at_rank (res://tests/modules/mind_cultivation/test_mind_power_curve.gd:57)
       [2] _capacity_at (res://tests/modules/mind_cultivation/test_mind_power_curve.gd:81)
       [3] test_sea_capacity_pins_both_ends_of_the_ladder (res://tests/modules/mind_cultivation/test_mind_power_curve.gd:173)
       [4] _initialize (res://tests/run_tests.gd:24)
SCRIPT ERROR: Invalid call. Nonexistent function 'attach_sea' in base 'GDScript'.
   at: _sea_actor_at_rank (res://tests/modules/mind_cultivation/test_mind_power_curve.gd:58)
   GDScript backtrace (most recent call first):
       [0] _sea_actor_at_rank (res://tests/modules/mind_cultivation/test_mind_power_curve.gd:58)
       [1] _capacity_at (res://tests/modules/mind_cultivation/test_mind_power_curve.gd:81)
       [2] test_sea_capacity_pins_both_ends_of_the_ladder (res://tests/modules/mind_cultivation/test_mind_power_curve.gd:173)
       [3] _initialize (res://tests/run_tests.gd:24)
SCRIPT ERROR: Invalid access to property or key 'stats' on a base object of type 'Nil'.
   at: _capacity_at (res://tests/modules/mind_cultivation/test_mind_power_curve.gd:81)
   GDScript backtrace (most recent call first):
       [0] _capacity_at (res://tests/modules/mind_cultivation/test_mind_power_curve.gd:81)
       [1] test_sea_capacity_pins_both_ends_of_the_ladder (res://tests/modules/mind_cultivation/test_mind_power_curve.gd:173)
       [2] _initialize (res://tests/run_tests.gd:24)
SCRIPT ERROR: Invalid call. Nonexistent function 'attach' in base 'GDScript'.
   at: _actor_at_rank (res://tests/modules/mind_cultivation/test_mind_power_curve.gd:50)
   GDScript backtrace (most recent call first):
       [0] _actor_at_rank (res://tests/modules/mind_cultivation/test_mind_power_curve.gd:50)
       [1] _sea_actor_at_rank (res://tests/modules/mind_cultivation/test_mind_power_curve.gd:57)
       [2] _capacity_at (res://tests/modules/mind_cultivation/test_mind_power_curve.gd:81)
       [3] test_sea_capacity_pins_both_ends_of_the_ladder (res://tests/modules/mind_cultivation/test_mind_power_curve.gd:174)
       [4] _initialize (res://tests/run_tests.gd:24)
SCRIPT ERROR: Invalid call. Nonexistent function 'attach_sea' in base 'GDScript'.
   at: _sea_actor_at_rank (res://tests/modules/mind_cultivation/test_mind_power_curve.gd:58)
   GDScript backtrace (most recent call first):
       [0] _sea_actor_at_rank (res://tests/modules/mind_cultivation/test_mind_power_curve.gd:58)
       [1] _capacity_at (res://tests/modules/mind_cultivation/test_mind_power_curve.gd:81)
       [2] test_sea_capacity_pins_both_ends_of_the_ladder (res://tests/modules/mind_cultivation/test_mind_power_curve.gd:174)
       [3] _initialize (res://tests/run_tests.gd:24)
SCRIPT ERROR: Invalid access to property or key 'stats' on a base object of type 'Nil'.
   at: _capacity_at (res://tests/modules/mind_cultivation/test_mind_power_curve.gd:81)
   GDScript backtrace (most recent call first):
       [0] _capacity_at (res://tests/modules/mind_cultivation/test_mind_power_curve.gd:81)
       [1] test_sea_capacity_pins_both_ends_of_the_ladder (res://tests/modules/mind_cultivation/test_mind_power_curve.gd:174)
       [2] _initialize (res://tests/run_tests.gd:24)
SCRIPT ERROR: Invalid call. Nonexistent function 'attach' in base 'GDScript'.
   at: _actor_at_rank (res://tests/modules/mind_cultivation/test_mind_power_curve.gd:50)
   GDScript backtrace (most recent call first):
       [0] _actor_at_rank (res://tests/modules/mind_cultivation/test_mind_power_curve.gd:50)
       [1] _technique_power_at (res://tests/modules/mind_cultivation/test_mind_power_curve.gd:77)
       [2] test_technique_power_follows_the_power_exponent (res://tests/modules/mind_cultivation/test_mind_power_curve.gd:118)
       [3] _initialize (res://tests/run_tests.gd:24)
SCRIPT ERROR: Invalid access to property or key 'stats' on a base object of type 'Nil'.
   at: _technique_power_at (res://tests/modules/mind_cultivation/test_mind_power_curve.gd:77)
   GDScript backtrace (most recent call first):
       [0] _technique_power_at (res://tests/modules/mind_cultivation/test_mind_power_curve.gd:77)
       [1] test_technique_power_follows_the_power_exponent (res://tests/modules/mind_cultivation/test_mind_power_curve.gd:118)
       [2] _initialize (res://tests/run_tests.gd:24)
SCRIPT ERROR: Invalid call. Nonexistent function 'attach' in base 'GDScript'.
   at: _actor_at_rank (res://tests/modules/mind_cultivation/test_mind_power_curve.gd:50)
   GDScript backtrace (most recent call first):
       [0] _actor_at_rank (res://tests/modules/mind_cultivation/test_mind_power_curve.gd:50)
       [1] _technique_power_at (res://tests/modules/mind_cultivation/test_mind_power_curve.gd:77)
       [2] test_technique_power_follows_the_power_exponent (res://tests/modules/mind_cultivation/test_mind_power_curve.gd:118)
       [3] _initialize (res://tests/run_tests.gd:24)
SCRIPT ERROR: Invalid access to property or key 'stats' on a base object of type 'Nil'.
   at: _technique_power_at (res://tests/modules/mind_cultivation/test_mind_power_curve.gd:77)
   GDScript backtrace (most recent call first):
       [0] _technique_power_at (res://tests/modules/mind_cultivation/test_mind_power_curve.gd:77)
       [1] test_technique_power_follows_the_power_exponent (res://tests/modules/mind_cultivation/test_mind_power_curve.gd:118)
       [2] _initialize (res://tests/run_tests.gd:24)
SCRIPT ERROR: Invalid call. Nonexistent function 'attach' in base 'GDScript'.
   at: _actor_at_rank (res://tests/modules/mind_cultivation/test_mind_power_curve.gd:50)
   GDScript backtrace (most recent call first):
       [0] _actor_at_rank (res://tests/modules/mind_cultivation/test_mind_power_curve.gd:50)
       [1] _technique_power_at (res://tests/modules/mind_cultivation/test_mind_power_curve.gd:77)
       [2] test_technique_power_follows_the_power_exponent (res://tests/modules/mind_cultivation/test_mind_power_curve.gd:118)
       [3] _initialize (res://tests/run_tests.gd:24)
SCRIPT ERROR: Invalid access to property or key 'stats' on a base object of type 'Nil'.
   at: _technique_power_at (res://tests/modules/mind_cultivation/test_mind_power_curve.gd:77)
   GDScript backtrace (most recent call first):
       [0] _technique_power_at (res://tests/modules/mind_cultivation/test_mind_power_curve.gd:77)
       [1] test_technique_power_follows_the_power_exponent (res://tests/modules/mind_cultivation/test_mind_power_curve.gd:118)
       [2] _initialize (res://tests/run_tests.gd:24)
SCRIPT ERROR: Invalid call. Nonexistent function 'attach' in base 'GDScript'.
   at: _actor_at_rank (res://tests/modules/mind_cultivation/test_mind_power_curve.gd:50)
   GDScript backtrace (most recent call first):
       [0] _actor_at_rank (res://tests/modules/mind_cultivation/test_mind_power_curve.gd:50)
       [1] _technique_power_at (res://tests/modules/mind_cultivation/test_mind_power_curve.gd:77)
       [2] test_technique_power_follows_the_power_exponent (res://tests/modules/mind_cultivation/test_mind_power_curve.gd:118)
       [3] _initialize (res://tests/run_tests.gd:24)
SCRIPT ERROR: Invalid access to property or key 'stats' on a base object of type 'Nil'.
   at: _technique_power_at (res://tests/modules/mind_cultivation/test_mind_power_curve.gd:77)
   GDScript backtrace (most recent call first):
       [0] _technique_power_at (res://tests/modules/mind_cultivation/test_mind_power_curve.gd:77)
       [1] test_technique_power_follows_the_power_exponent (res://tests/modules/mind_cultivation/test_mind_power_curve.gd:118)
       [2] _initialize (res://tests/run_tests.gd:24)
SCRIPT ERROR: Invalid call. Nonexistent function 'attach' in base 'GDScript'.
   at: _actor_at_rank (res://tests/modules/mind_cultivation/test_mind_power_curve.gd:50)
   GDScript backtrace (most recent call first):
       [0] _actor_at_rank (res://tests/modules/mind_cultivation/test_mind_power_curve.gd:50)
       [1] _technique_power_at (res://tests/modules/mind_cultivation/test_mind_power_curve.gd:77)
       [2] test_technique_power_follows_the_power_exponent (res://tests/modules/mind_cultivation/test_mind_power_curve.gd:118)
       [3] _initialize (res://tests/run_tests.gd:24)
SCRIPT ERROR: Invalid access to property or key 'stats' on a base object of type 'Nil'.
   at: _technique_power_at (res://tests/modules/mind_cultivation/test_mind_power_curve.gd:77)
   GDScript backtrace (most recent call first):
       [0] _technique_power_at (res://tests/modules/mind_cultivation/test_mind_power_curve.gd:77)
       [1] test_technique_power_follows_the_power_exponent (res://tests/modules/mind_cultivation/test_mind_power_curve.gd:118)
       [2] _initialize (res://tests/run_tests.gd:24)
SCRIPT ERROR: Invalid call. Nonexistent function 'attach' in base 'GDScript'.
   at: _actor_at_rank (res://tests/modules/mind_cultivation/test_mind_power_curve.gd:50)
   GDScript backtrace (most recent call first):
       [0] _actor_at_rank (res://tests/modules/mind_cultivation/test_mind_power_curve.gd:50)
       [1] _technique_power_at (res://tests/modules/mind_cultivation/test_mind_power_curve.gd:77)
       [2] test_technique_power_follows_the_power_exponent (res://tests/modules/mind_cultivation/test_mind_power_curve.gd:118)
       [3] _initialize (res://tests/run_tests.gd:24)
SCRIPT ERROR: Invalid access to property or key 'stats' on a base object of type 'Nil'.
   at: _technique_power_at (res://tests/modules/mind_cultivation/test_mind_power_curve.gd:77)
   GDScript backtrace (most recent call first):
       [0] _technique_power_at (res://tests/modules/mind_cultivation/test_mind_power_curve.gd:77)
       [1] test_technique_power_follows_the_power_exponent (res://tests/modules/mind_cultivation/test_mind_power_curve.gd:118)
       [2] _initialize (res://tests/run_tests.gd:24)
SCRIPT ERROR: Invalid call. Nonexistent function 'attach' in base 'GDScript'.
   at: _actor_at_rank (res://tests/modules/mind_cultivation/test_mind_power_curve.gd:50)
   GDScript backtrace (most recent call first):
       [0] _actor_at_rank (res://tests/modules/mind_cultivation/test_mind_power_curve.gd:50)
       [1] _technique_power_at (res://tests/modules/mind_cultivation/test_mind_power_curve.gd:77)
       [2] test_technique_power_follows_the_power_exponent (res://tests/modules/mind_cultivation/test_mind_power_curve.gd:118)
       [3] _initialize (res://tests/run_tests.gd:24)
SCRIPT ERROR: Invalid access to property or key 'stats' on a base object of type 'Nil'.
   at: _technique_power_at (res://tests/modules/mind_cultivation/test_mind_power_curve.gd:77)
   GDScript backtrace (most recent call first):
       [0] _technique_power_at (res://tests/modules/mind_cultivation/test_mind_power_curve.gd:77)
       [1] test_technique_power_follows_the_power_exponent (res://tests/modules/mind_cultivation/test_mind_power_curve.gd:118)
       [2] _initialize (res://tests/run_tests.gd:24)
SCRIPT ERROR: Invalid call. Nonexistent function 'attach' in base 'GDScript'.
   at: _actor_at_rank (res://tests/modules/mind_cultivation/test_mind_power_curve.gd:50)
   GDScript backtrace (most recent call first):
       [0] _actor_at_rank (res://tests/modules/mind_cultivation/test_mind_power_curve.gd:50)
       [1] _technique_power_at (res://tests/modules/mind_cultivation/test_mind_power_curve.gd:77)
       [2] test_technique_power_follows_the_power_exponent (res://tests/modules/mind_cultivation/test_mind_power_curve.gd:118)
       [3] _initialize (res://tests/run_tests.gd:24)
SCRIPT ERROR: Invalid access to property or key 'stats' on a base object of type 'Nil'.
   at: _technique_power_at (res://tests/modules/mind_cultivation/test_mind_power_curve.gd:77)
   GDScript backtrace (most recent call first):
       [0] _technique_power_at (res://tests/modules/mind_cultivation/test_mind_power_curve.gd:77)
       [1] test_technique_power_follows_the_power_exponent (res://tests/modules/mind_cultivation/test_mind_power_curve.gd:118)
       [2] _initialize (res://tests/run_tests.gd:24)
SCRIPT ERROR: Invalid call. Nonexistent function 'attach' in base 'GDScript'.
   at: _actor_at_rank (res://tests/modules/mind_cultivation/test_mind_power_curve.gd:50)
   GDScript backtrace (most recent call first):
       [0] _actor_at_rank (res://tests/modules/mind_cultivation/test_mind_power_curve.gd:50)
       [1] _technique_power_at (res://tests/modules/mind_cultivation/test_mind_power_curve.gd:77)
       [2] test_technique_power_follows_the_power_exponent (res://tests/modules/mind_cultivation/test_mind_power_curve.gd:118)
       [3] _initialize (res://tests/run_tests.gd:24)
SCRIPT ERROR: Invalid access to property or key 'stats' on a base object of type 'Nil'.
   at: _technique_power_at (res://tests/modules/mind_cultivation/test_mind_power_curve.gd:77)
   GDScript backtrace (most recent call first):
       [0] _technique_power_at (res://tests/modules/mind_cultivation/test_mind_power_curve.gd:77)
       [1] test_technique_power_follows_the_power_exponent (res://tests/modules/mind_cultivation/test_mind_power_curve.gd:118)
       [2] _initialize (res://tests/run_tests.gd:24)
SCRIPT ERROR: Invalid call. Nonexistent function 'attach' in base 'GDScript'.
   at: _actor_at_rank (res://tests/modules/mind_cultivation/test_mind_power_curve.gd:50)
   GDScript backtrace (most recent call first):
       [0] _actor_at_rank (res://tests/modules/mind_cultivation/test_mind_power_curve.gd:50)
       [1] _technique_power_at (res://tests/modules/mind_cultivation/test_mind_power_curve.gd:77)
       [2] test_technique_power_follows_the_power_exponent (res://tests/modules/mind_cultivation/test_mind_power_curve.gd:118)
       [3] _initialize (res://tests/run_tests.gd:24)
SCRIPT ERROR: Invalid access to property or key 'stats' on a base object of type 'Nil'.
   at: _technique_power_at (res://tests/modules/mind_cultivation/test_mind_power_curve.gd:77)
   GDScript backtrace (most recent call first):
       [0] _technique_power_at (res://tests/modules/mind_cultivation/test_mind_power_curve.gd:77)
       [1] test_technique_power_follows_the_power_exponent (res://tests/modules/mind_cultivation/test_mind_power_curve.gd:118)
       [2] _initialize (res://tests/run_tests.gd:24)
SCRIPT ERROR: Invalid call. Nonexistent function 'attach' in base 'GDScript'.
   at: _actor_at_rank (res://tests/modules/mind_cultivation/test_mind_power_curve.gd:50)
   GDScript backtrace (most recent call first):
       [0] _actor_at_rank (res://tests/modules/mind_cultivation/test_mind_power_curve.gd:50)
       [1] _technique_power_at (res://tests/modules/mind_cultivation/test_mind_power_curve.gd:77)
       [2] test_technique_power_follows_the_power_exponent (res://tests/modules/mind_cultivation/test_mind_power_curve.gd:118)
       [3] _initialize (res://tests/run_tests.gd:24)
SCRIPT ERROR: Invalid access to property or key 'stats' on a base object of type 'Nil'.
   at: _technique_power_at (res://tests/modules/mind_cultivation/test_mind_power_curve.gd:77)
   GDScript backtrace (most recent call first):
       [0] _technique_power_at (res://tests/modules/mind_cultivation/test_mind_power_curve.gd:77)
       [1] test_technique_power_follows_the_power_exponent (res://tests/modules/mind_cultivation/test_mind_power_curve.gd:118)
       [2] _initialize (res://tests/run_tests.gd:24)
SCRIPT ERROR: Invalid call. Nonexistent function 'attach' in base 'GDScript'.
   at: _actor_at_rank (res://tests/modules/mind_cultivation/test_mind_power_curve.gd:50)
   GDScript backtrace (most recent call first):
       [0] _actor_at_rank (res://tests/modules/mind_cultivation/test_mind_power_curve.gd:50)
       [1] _technique_power_at (res://tests/modules/mind_cultivation/test_mind_power_curve.gd:77)
       [2] test_technique_power_follows_the_power_exponent (res://tests/modules/mind_cultivation/test_mind_power_curve.gd:118)
       [3] _initialize (res://tests/run_tests.gd:24)
SCRIPT ERROR: Invalid access to property or key 'stats' on a base object of type 'Nil'.
   at: _technique_power_at (res://tests/modules/mind_cultivation/test_mind_power_curve.gd:77)
   GDScript backtrace (most recent call first):
       [0] _technique_power_at (res://tests/modules/mind_cultivation/test_mind_power_curve.gd:77)
       [1] test_technique_power_follows_the_power_exponent (res://tests/modules/mind_cultivation/test_mind_power_curve.gd:118)
       [2] _initialize (res://tests/run_tests.gd:24)
SCRIPT ERROR: Invalid call. Nonexistent function 'attach' in base 'GDScript'.
   at: _actor_at_rank (res://tests/modules/mind_cultivation/test_mind_power_curve.gd:50)
   GDScript backtrace (most recent call first):
       [0] _actor_at_rank (res://tests/modules/mind_cultivation/test_mind_power_curve.gd:50)
       [1] _technique_power_at (res://tests/modules/mind_cultivation/test_mind_power_curve.gd:77)
       [2] test_technique_power_follows_the_power_exponent (res://tests/modules/mind_cultivation/test_mind_power_curve.gd:118)
       [3] _initialize (res://tests/run_tests.gd:24)
SCRIPT ERROR: Invalid access to property or key 'stats' on a base object of type 'Nil'.
   at: _technique_power_at (res://tests/modules/mind_cultivation/test_mind_power_curve.gd:77)
   GDScript backtrace (most recent call first):
       [0] _technique_power_at (res://tests/modules/mind_cultivation/test_mind_power_curve.gd:77)
       [1] test_technique_power_follows_the_power_exponent (res://tests/modules/mind_cultivation/test_mind_power_curve.gd:118)
       [2] _initialize (res://tests/run_tests.gd:24)
SCRIPT ERROR: Invalid call. Nonexistent function 'attach' in base 'GDScript'.
   at: _actor_at_rank (res://tests/modules/mind_cultivation/test_mind_power_curve.gd:50)
   GDScript backtrace (most recent call first):
       [0] _actor_at_rank (res://tests/modules/mind_cultivation/test_mind_power_curve.gd:50)
       [1] _technique_power_at (res://tests/modules/mind_cultivation/test_mind_power_curve.gd:77)
       [2] test_technique_power_follows_the_power_exponent (res://tests/modules/mind_cultivation/test_mind_power_curve.gd:118)
       [3] _initialize (res://tests/run_tests.gd:24)
SCRIPT ERROR: Invalid access to property or key 'stats' on a base object of type 'Nil'.
   at: _technique_power_at (res://tests/modules/mind_cultivation/test_mind_power_curve.gd:77)
   GDScript backtrace (most recent call first):
       [0] _technique_power_at (res://tests/modules/mind_cultivation/test_mind_power_curve.gd:77)
       [1] test_technique_power_follows_the_power_exponent (res://tests/modules/mind_cultivation/test_mind_power_curve.gd:118)
       [2] _initialize (res://tests/run_tests.gd:24)
SCRIPT ERROR: Invalid call. Nonexistent function 'attach' in base 'GDScript'.
   at: _actor_at_rank (res://tests/modules/mind_cultivation/test_mind_power_curve.gd:50)
   GDScript backtrace (most recent call first):
       [0] _actor_at_rank (res://tests/modules/mind_cultivation/test_mind_power_curve.gd:50)
       [1] _technique_power_at (res://tests/modules/mind_cultivation/test_mind_power_curve.gd:77)
       [2] test_technique_power_follows_the_power_exponent (res://tests/modules/mind_cultivation/test_mind_power_curve.gd:118)
       [3] _initialize (res://tests/run_tests.gd:24)
SCRIPT ERROR: Invalid access to property or key 'stats' on a base object of type 'Nil'.
   at: _technique_power_at (res://tests/modules/mind_cultivation/test_mind_power_curve.gd:77)
   GDScript backtrace (most recent call first):
       [0] _technique_power_at (res://tests/modules/mind_cultivation/test_mind_power_curve.gd:77)
       [1] test_technique_power_follows_the_power_exponent (res://tests/modules/mind_cultivation/test_mind_power_curve.gd:118)
       [2] _initialize (res://tests/run_tests.gd:24)
SCRIPT ERROR: Invalid call. Nonexistent function 'attach' in base 'GDScript'.
   at: _actor_at_rank (res://tests/modules/mind_cultivation/test_mind_power_curve.gd:50)
   GDScript backtrace (most recent call first):
       [0] _actor_at_rank (res://tests/modules/mind_cultivation/test_mind_power_curve.gd:50)
       [1] _technique_power_at (res://tests/modules/mind_cultivation/test_mind_power_curve.gd:77)
       [2] test_technique_power_follows_the_power_exponent (res://tests/modules/mind_cultivation/test_mind_power_curve.gd:118)
       [3] _initialize (res://tests/run_tests.gd:24)
SCRIPT ERROR: Invalid access to property or key 'stats' on a base object of type 'Nil'.
   at: _technique_power_at (res://tests/modules/mind_cultivation/test_mind_power_curve.gd:77)
   GDScript backtrace (most recent call first):
       [0] _technique_power_at (res://tests/modules/mind_cultivation/test_mind_power_curve.gd:77)
       [1] test_technique_power_follows_the_power_exponent (res://tests/modules/mind_cultivation/test_mind_power_curve.gd:118)
       [2] _initialize (res://tests/run_tests.gd:24)
SCRIPT ERROR: Invalid call. Nonexistent function 'attach' in base 'GDScript'.
   at: _actor_at_rank (res://tests/modules/mind_cultivation/test_mind_power_curve.gd:50)
   GDScript backtrace (most recent call first):
       [0] _actor_at_rank (res://tests/modules/mind_cultivation/test_mind_power_curve.gd:50)
       [1] _technique_power_at (res://tests/modules/mind_cultivation/test_mind_power_curve.gd:77)
       [2] test_technique_power_follows_the_power_exponent (res://tests/modules/mind_cultivation/test_mind_power_curve.gd:118)
       [3] _initialize (res://tests/run_tests.gd:24)
SCRIPT ERROR: Invalid access to property or key 'stats' on a base object of type 'Nil'.
   at: _technique_power_at (res://tests/modules/mind_cultivation/test_mind_power_curve.gd:77)
   GDScript backtrace (most recent call first):
       [0] _technique_power_at (res://tests/modules/mind_cultivation/test_mind_power_curve.gd:77)
       [1] test_technique_power_follows_the_power_exponent (res://tests/modules/mind_cultivation/test_mind_power_curve.gd:118)
       [2] _initialize (res://tests/run_tests.gd:24)
SCRIPT ERROR: Invalid call. Nonexistent function 'attach' in base 'GDScript'.
   at: _actor_at_rank (res://tests/modules/mind_cultivation/test_mind_power_curve.gd:50)
   GDScript backtrace (most recent call first):
       [0] _actor_at_rank (res://tests/modules/mind_cultivation/test_mind_power_curve.gd:50)
       [1] _technique_power_at (res://tests/modules/mind_cultivation/test_mind_power_curve.gd:77)
       [2] test_technique_power_follows_the_power_exponent (res://tests/modules/mind_cultivation/test_mind_power_curve.gd:118)
       [3] _initialize (res://tests/run_tests.gd:24)
SCRIPT ERROR: Invalid access to property or key 'stats' on a base object of type 'Nil'.
   at: _technique_power_at (res://tests/modules/mind_cultivation/test_mind_power_curve.gd:77)
   GDScript backtrace (most recent call first):
       [0] _technique_power_at (res://tests/modules/mind_cultivation/test_mind_power_curve.gd:77)
       [1] test_technique_power_follows_the_power_exponent (res://tests/modules/mind_cultivation/test_mind_power_curve.gd:118)
       [2] _initialize (res://tests/run_tests.gd:24)
SCRIPT ERROR: Invalid call. Nonexistent function 'attach' in base 'GDScript'.
   at: _actor_at_rank (res://tests/modules/mind_cultivation/test_mind_power_curve.gd:50)
   GDScript backtrace (most recent call first):
       [0] _actor_at_rank (res://tests/modules/mind_cultivation/test_mind_power_curve.gd:50)
       [1] _technique_power_at (res://tests/modules/mind_cultivation/test_mind_power_curve.gd:77)
       [2] test_technique_power_follows_the_power_exponent (res://tests/modules/mind_cultivation/test_mind_power_curve.gd:118)
       [3] _initialize (res://tests/run_tests.gd:24)
SCRIPT ERROR: Invalid access to property or key 'stats' on a base object of type 'Nil'.
   at: _technique_power_at (res://tests/modules/mind_cultivation/test_mind_power_curve.gd:77)
   GDScript backtrace (most recent call first):
       [0] _technique_power_at (res://tests/modules/mind_cultivation/test_mind_power_curve.gd:77)
       [1] test_technique_power_follows_the_power_exponent (res://tests/modules/mind_cultivation/test_mind_power_curve.gd:118)
       [2] _initialize (res://tests/run_tests.gd:24)
SCRIPT ERROR: Invalid call. Nonexistent function 'attach' in base 'GDScript'.
   at: _actor_at_rank (res://tests/modules/mind_cultivation/test_mind_power_curve.gd:50)
   GDScript backtrace (most recent call first):
       [0] _actor_at_rank (res://tests/modules/mind_cultivation/test_mind_power_curve.gd:50)
       [1] _technique_power_at (res://tests/modules/mind_cultivation/test_mind_power_curve.gd:77)
       [2] test_technique_power_follows_the_power_exponent (res://tests/modules/mind_cultivation/test_mind_power_curve.gd:118)
       [3] _initialize (res://tests/run_tests.gd:24)
SCRIPT ERROR: Invalid access to property or key 'stats' on a base object of type 'Nil'.
   at: _technique_power_at (res://tests/modules/mind_cultivation/test_mind_power_curve.gd:77)
   GDScript backtrace (most recent call first):
       [0] _technique_power_at (res://tests/modules/mind_cultivation/test_mind_power_curve.gd:77)
       [1] test_technique_power_follows_the_power_exponent (res://tests/modules/mind_cultivation/test_mind_power_curve.gd:118)
       [2] _initialize (res://tests/run_tests.gd:24)
SCRIPT ERROR: Invalid call. Nonexistent function 'attach' in base 'GDScript'.
   at: _actor_at_rank (res://tests/modules/mind_cultivation/test_mind_power_curve.gd:50)
   GDScript backtrace (most recent call first):
       [0] _actor_at_rank (res://tests/modules/mind_cultivation/test_mind_power_curve.gd:50)
       [1] _technique_power_at (res://tests/modules/mind_cultivation/test_mind_power_curve.gd:77)
       [2] test_technique_power_follows_the_power_exponent (res://tests/modules/mind_cultivation/test_mind_power_curve.gd:118)
       [3] _initialize (res://tests/run_tests.gd:24)
SCRIPT ERROR: Invalid access to property or key 'stats' on a base object of type 'Nil'.
   at: _technique_power_at (res://tests/modules/mind_cultivation/test_mind_power_curve.gd:77)
   GDScript backtrace (most recent call first):
       [0] _technique_power_at (res://tests/modules/mind_cultivation/test_mind_power_curve.gd:77)
       [1] test_technique_power_follows_the_power_exponent (res://tests/modules/mind_cultivation/test_mind_power_curve.gd:118)
       [2] _initialize (res://tests/run_tests.gd:24)
SCRIPT ERROR: Invalid call. Nonexistent function 'attach' in base 'GDScript'.
   at: _actor_at_rank (res://tests/modules/mind_cultivation/test_mind_power_curve.gd:50)
   GDScript backtrace (most recent call first):
       [0] _actor_at_rank (res://tests/modules/mind_cultivation/test_mind_power_curve.gd:50)
       [1] _technique_power_at (res://tests/modules/mind_cultivation/test_mind_power_curve.gd:77)
       [2] test_technique_power_follows_the_power_exponent (res://tests/modules/mind_cultivation/test_mind_power_curve.gd:118)
       [3] _initialize (res://tests/run_tests.gd:24)
SCRIPT ERROR: Invalid access to property or key 'stats' on a base object of type 'Nil'.
   at: _technique_power_at (res://tests/modules/mind_cultivation/test_mind_power_curve.gd:77)
   GDScript backtrace (most recent call first):
       [0] _technique_power_at (res://tests/modules/mind_cultivation/test_mind_power_curve.gd:77)
       [1] test_technique_power_follows_the_power_exponent (res://tests/modules/mind_cultivation/test_mind_power_curve.gd:118)
       [2] _initialize (res://tests/run_tests.gd:24)
SCRIPT ERROR: Invalid call. Nonexistent function 'attach' in base 'GDScript'.
   at: _actor_at_rank (res://tests/modules/mind_cultivation/test_mind_power_curve.gd:50)
   GDScript backtrace (most recent call first):
       [0] _actor_at_rank (res://tests/modules/mind_cultivation/test_mind_power_curve.gd:50)
       [1] _technique_power_at (res://tests/modules/mind_cultivation/test_mind_power_curve.gd:77)
       [2] test_technique_power_follows_the_power_exponent (res://tests/modules/mind_cultivation/test_mind_power_curve.gd:118)
       [3] _initialize (res://tests/run_tests.gd:24)
SCRIPT ERROR: Invalid access to property or key 'stats' on a base object of type 'Nil'.
   at: _technique_power_at (res://tests/modules/mind_cultivation/test_mind_power_curve.gd:77)
   GDScript backtrace (most recent call first):
       [0] _technique_power_at (res://tests/modules/mind_cultivation/test_mind_power_curve.gd:77)
       [1] test_technique_power_follows_the_power_exponent (res://tests/modules/mind_cultivation/test_mind_power_curve.gd:118)
       [2] _initialize (res://tests/run_tests.gd:24)
SCRIPT ERROR: Invalid call. Nonexistent function 'attach' in base 'GDScript'.
   at: _actor_at_rank (res://tests/modules/mind_cultivation/test_mind_power_curve.gd:50)
   GDScript backtrace (most recent call first):
       [0] _actor_at_rank (res://tests/modules/mind_cultivation/test_mind_power_curve.gd:50)
       [1] _technique_power_at (res://tests/modules/mind_cultivation/test_mind_power_curve.gd:77)
       [2] test_technique_power_follows_the_power_exponent (res://tests/modules/mind_cultivation/test_mind_power_curve.gd:118)
       [3] _initialize (res://tests/run_tests.gd:24)
SCRIPT ERROR: Invalid access to property or key 'stats' on a base object of type 'Nil'.
   at: _technique_power_at (res://tests/modules/mind_cultivation/test_mind_power_curve.gd:77)
   GDScript backtrace (most recent call first):
       [0] _technique_power_at (res://tests/modules/mind_cultivation/test_mind_power_curve.gd:77)
       [1] test_technique_power_follows_the_power_exponent (res://tests/modules/mind_cultivation/test_mind_power_curve.gd:118)
       [2] _initialize (res://tests/run_tests.gd:24)
SCRIPT ERROR: Invalid call. Nonexistent function 'attach' in base 'GDScript'.
   at: _actor_at_rank (res://tests/modules/mind_cultivation/test_mind_power_curve.gd:50)
   GDScript backtrace (most recent call first):
       [0] _actor_at_rank (res://tests/modules/mind_cultivation/test_mind_power_curve.gd:50)
       [1] _technique_power_at (res://tests/modules/mind_cultivation/test_mind_power_curve.gd:77)
       [2] test_technique_power_follows_the_power_exponent (res://tests/modules/mind_cultivation/test_mind_power_curve.gd:118)
       [3] _initialize (res://tests/run_tests.gd:24)
SCRIPT ERROR: Invalid access to property or key 'stats' on a base object of type 'Nil'.
   at: _technique_power_at (res://tests/modules/mind_cultivation/test_mind_power_curve.gd:77)
   GDScript backtrace (most recent call first):
       [0] _technique_power_at (res://tests/modules/mind_cultivation/test_mind_power_curve.gd:77)
       [1] test_technique_power_follows_the_power_exponent (res://tests/modules/mind_cultivation/test_mind_power_curve.gd:118)
       [2] _initialize (res://tests/run_tests.gd:24)
SCRIPT ERROR: Invalid call. Nonexistent function 'attach' in base 'GDScript'.
   at: _actor_at_rank (res://tests/modules/mind_cultivation/test_mind_power_curve.gd:50)
   GDScript backtrace (most recent call first):
       [0] _actor_at_rank (res://tests/modules/mind_cultivation/test_mind_power_curve.gd:50)
       [1] _technique_power_at (res://tests/modules/mind_cultivation/test_mind_power_curve.gd:77)
       [2] test_technique_power_follows_the_power_exponent (res://tests/modules/mind_cultivation/test_mind_power_curve.gd:118)
       [3] _initialize (res://tests/run_tests.gd:24)
SCRIPT ERROR: Invalid access to property or key 'stats' on a base object of type 'Nil'.
   at: _technique_power_at (res://tests/modules/mind_cultivation/test_mind_power_curve.gd:77)
   GDScript backtrace (most recent call first):
       [0] _technique_power_at (res://tests/modules/mind_cultivation/test_mind_power_curve.gd:77)
       [1] test_technique_power_follows_the_power_exponent (res://tests/modules/mind_cultivation/test_mind_power_curve.gd:118)
       [2] _initialize (res://tests/run_tests.gd:24)
SCRIPT ERROR: Invalid call. Nonexistent function 'attach' in base 'GDScript'.
   at: _actor_at_rank (res://tests/modules/mind_cultivation/test_mind_power_curve.gd:50)
   GDScript backtrace (most recent call first):
       [0] _actor_at_rank (res://tests/modules/mind_cultivation/test_mind_power_curve.gd:50)
       [1] _technique_power_at (res://tests/modules/mind_cultivation/test_mind_power_curve.gd:77)
       [2] test_technique_power_follows_the_power_exponent (res://tests/modules/mind_cultivation/test_mind_power_curve.gd:118)
       [3] _initialize (res://tests/run_tests.gd:24)
SCRIPT ERROR: Invalid access to property or key 'stats' on a base object of type 'Nil'.
   at: _technique_power_at (res://tests/modules/mind_cultivation/test_mind_power_curve.gd:77)
   GDScript backtrace (most recent call first):
       [0] _technique_power_at (res://tests/modules/mind_cultivation/test_mind_power_curve.gd:77)
       [1] test_technique_power_follows_the_power_exponent (res://tests/modules/mind_cultivation/test_mind_power_curve.gd:118)
       [2] _initialize (res://tests/run_tests.gd:24)
SCRIPT ERROR: Invalid call. Nonexistent function 'attach' in base 'GDScript'.
   at: _actor_at_rank (res://tests/modules/mind_cultivation/test_mind_power_curve.gd:50)
   GDScript backtrace (most recent call first):
       [0] _actor_at_rank (res://tests/modules/mind_cultivation/test_mind_power_curve.gd:50)
       [1] _technique_power_at (res://tests/modules/mind_cultivation/test_mind_power_curve.gd:77)
       [2] test_technique_power_follows_the_power_exponent (res://tests/modules/mind_cultivation/test_mind_power_curve.gd:118)
       [3] _initialize (res://tests/run_tests.gd:24)
SCRIPT ERROR: Invalid access to property or key 'stats' on a base object of type 'Nil'.
   at: _technique_power_at (res://tests/modules/mind_cultivation/test_mind_power_curve.gd:77)
   GDScript backtrace (most recent call first):
       [0] _technique_power_at (res://tests/modules/mind_cultivation/test_mind_power_curve.gd:77)
       [1] test_technique_power_follows_the_power_exponent (res://tests/modules/mind_cultivation/test_mind_power_curve.gd:118)
       [2] _initialize (res://tests/run_tests.gd:24)
SCRIPT ERROR: Invalid call. Nonexistent function 'attach' in base 'GDScript'.
   at: _actor_at_rank (res://tests/modules/mind_cultivation/test_mind_power_curve.gd:50)
   GDScript backtrace (most recent call first):
       [0] _actor_at_rank (res://tests/modules/mind_cultivation/test_mind_power_curve.gd:50)
       [1] _technique_power_at (res://tests/modules/mind_cultivation/test_mind_power_curve.gd:77)
       [2] test_technique_power_follows_the_power_exponent (res://tests/modules/mind_cultivation/test_mind_power_curve.gd:118)
       [3] _initialize (res://tests/run_tests.gd:24)
SCRIPT ERROR: Invalid access to property or key 'stats' on a base object of type 'Nil'.
   at: _technique_power_at (res://tests/modules/mind_cultivation/test_mind_power_curve.gd:77)
   GDScript backtrace (most recent call first):
       [0] _technique_power_at (res://tests/modules/mind_cultivation/test_mind_power_curve.gd:77)
       [1] test_technique_power_follows_the_power_exponent (res://tests/modules/mind_cultivation/test_mind_power_curve.gd:118)
       [2] _initialize (res://tests/run_tests.gd:24)
SCRIPT ERROR: Invalid call. Nonexistent function 'attach' in base 'GDScript'.
   at: _actor_at_rank (res://tests/modules/mind_cultivation/test_mind_power_curve.gd:50)
   GDScript backtrace (most recent call first):
       [0] _actor_at_rank (res://tests/modules/mind_cultivation/test_mind_power_curve.gd:50)
       [1] _technique_power_at (res://tests/modules/mind_cultivation/test_mind_power_curve.gd:77)
       [2] test_technique_power_follows_the_power_exponent (res://tests/modules/mind_cultivation/test_mind_power_curve.gd:118)
       [3] _initialize (res://tests/run_tests.gd:24)
SCRIPT ERROR: Invalid access to property or key 'stats' on a base object of type 'Nil'.
   at: _technique_power_at (res://tests/modules/mind_cultivation/test_mind_power_curve.gd:77)
   GDScript backtrace (most recent call first):
       [0] _technique_power_at (res://tests/modules/mind_cultivation/test_mind_power_curve.gd:77)
       [1] test_technique_power_follows_the_power_exponent (res://tests/modules/mind_cultivation/test_mind_power_curve.gd:118)
       [2] _initialize (res://tests/run_tests.gd:24)
SCRIPT ERROR: Invalid call. Nonexistent function 'attach' in base 'GDScript'.
   at: _actor_at_rank (res://tests/modules/mind_cultivation/test_mind_power_curve.gd:50)
   GDScript backtrace (most recent call first):
       [0] _actor_at_rank (res://tests/modules/mind_cultivation/test_mind_power_curve.gd:50)
       [1] _technique_power_at (res://tests/modules/mind_cultivation/test_mind_power_curve.gd:77)
       [2] test_technique_power_increases_at_every_one_of_the_30_realms (res://tests/modules/mind_cultivation/test_mind_power_curve.gd:98)
       [3] _initialize (res://tests/run_tests.gd:24)
SCRIPT ERROR: Invalid access to property or key 'stats' on a base object of type 'Nil'.
   at: _technique_power_at (res://tests/modules/mind_cultivation/test_mind_power_curve.gd:77)
   GDScript backtrace (most recent call first):
       [0] _technique_power_at (res://tests/modules/mind_cultivation/test_mind_power_curve.gd:77)
       [1] test_technique_power_increases_at_every_one_of_the_30_realms (res://tests/modules/mind_cultivation/test_mind_power_curve.gd:98)
       [2] _initialize (res://tests/run_tests.gd:24)
SCRIPT ERROR: Invalid call. Nonexistent function 'attach' in base 'GDScript'.
   at: _actor_at_rank (res://tests/modules/mind_cultivation/test_mind_power_curve.gd:50)
   GDScript backtrace (most recent call first):
       [0] _actor_at_rank (res://tests/modules/mind_cultivation/test_mind_power_curve.gd:50)
       [1] _technique_power_at (res://tests/modules/mind_cultivation/test_mind_power_curve.gd:77)
       [2] test_technique_power_increases_at_every_one_of_the_30_realms (res://tests/modules/mind_cultivation/test_mind_power_curve.gd:98)
       [3] _initialize (res://tests/run_tests.gd:24)
SCRIPT ERROR: Invalid access to property or key 'stats' on a base object of type 'Nil'.
   at: _technique_power_at (res://tests/modules/mind_cultivation/test_mind_power_curve.gd:77)
   GDScript backtrace (most recent call first):
       [0] _technique_power_at (res://tests/modules/mind_cultivation/test_mind_power_curve.gd:77)
       [1] test_technique_power_increases_at_every_one_of_the_30_realms (res://tests/modules/mind_cultivation/test_mind_power_curve.gd:98)
       [2] _initialize (res://tests/run_tests.gd:24)
SCRIPT ERROR: Invalid call. Nonexistent function 'attach' in base 'GDScript'.
   at: _actor_at_rank (res://tests/modules/mind_cultivation/test_mind_power_curve.gd:50)
   GDScript backtrace (most recent call first):
       [0] _actor_at_rank (res://tests/modules/mind_cultivation/test_mind_power_curve.gd:50)
       [1] _technique_power_at (res://tests/modules/mind_cultivation/test_mind_power_curve.gd:77)
       [2] test_technique_power_increases_at_every_one_of_the_30_realms (res://tests/modules/mind_cultivation/test_mind_power_curve.gd:98)
       [3] _initialize (res://tests/run_tests.gd:24)
SCRIPT ERROR: Invalid access to property or key 'stats' on a base object of type 'Nil'.
   at: _technique_power_at (res://tests/modules/mind_cultivation/test_mind_power_curve.gd:77)
   GDScript backtrace (most recent call first):
       [0] _technique_power_at (res://tests/modules/mind_cultivation/test_mind_power_curve.gd:77)
       [1] test_technique_power_increases_at_every_one_of_the_30_realms (res://tests/modules/mind_cultivation/test_mind_power_curve.gd:98)
       [2] _initialize (res://tests/run_tests.gd:24)
SCRIPT ERROR: Invalid call. Nonexistent function 'attach' in base 'GDScript'.
   at: _actor_at_rank (res://tests/modules/mind_cultivation/test_mind_power_curve.gd:50)
   GDScript backtrace (most recent call first):
       [0] _actor_at_rank (res://tests/modules/mind_cultivation/test_mind_power_curve.gd:50)
       [1] _technique_power_at (res://tests/modules/mind_cultivation/test_mind_power_curve.gd:77)
       [2] test_technique_power_increases_at_every_one_of_the_30_realms (res://tests/modules/mind_cultivation/test_mind_power_curve.gd:98)
       [3] _initialize (res://tests/run_tests.gd:24)
SCRIPT ERROR: Invalid access to property or key 'stats' on a base object of type 'Nil'.
   at: _technique_power_at (res://tests/modules/mind_cultivation/test_mind_power_curve.gd:77)
   GDScript backtrace (most recent call first):
       [0] _technique_power_at (res://tests/modules/mind_cultivation/test_mind_power_curve.gd:77)
       [1] test_technique_power_increases_at_every_one_of_the_30_realms (res://tests/modules/mind_cultivation/test_mind_power_curve.gd:98)
       [2] _initialize (res://tests/run_tests.gd:24)
SCRIPT ERROR: Invalid call. Nonexistent function 'attach' in base 'GDScript'.
   at: _actor_at_rank (res://tests/modules/mind_cultivation/test_mind_power_curve.gd:50)
   GDScript backtrace (most recent call first):
       [0] _actor_at_rank (res://tests/modules/mind_cultivation/test_mind_power_curve.gd:50)
       [1] _technique_power_at (res://tests/modules/mind_cultivation/test_mind_power_curve.gd:77)
       [2] test_technique_power_increases_at_every_one_of_the_30_realms (res://tests/modules/mind_cultivation/test_mind_power_curve.gd:98)
       [3] _initialize (res://tests/run_tests.gd:24)
SCRIPT ERROR: Invalid access to property or key 'stats' on a base object of type 'Nil'.
   at: _technique_power_at (res://tests/modules/mind_cultivation/test_mind_power_curve.gd:77)
   GDScript backtrace (most recent call first):
       [0] _technique_power_at (res://tests/modules/mind_cultivation/test_mind_power_curve.gd:77)
       [1] test_technique_power_increases_at_every_one_of_the_30_realms (res://tests/modules/mind_cultivation/test_mind_power_curve.gd:98)
       [2] _initialize (res://tests/run_tests.gd:24)
SCRIPT ERROR: Invalid call. Nonexistent function 'attach' in base 'GDScript'.
   at: _actor_at_rank (res://tests/modules/mind_cultivation/test_mind_power_curve.gd:50)
   GDScript backtrace (most recent call first):
       [0] _actor_at_rank (res://tests/modules/mind_cultivation/test_mind_power_curve.gd:50)
       [1] _technique_power_at (res://tests/modules/mind_cultivation/test_mind_power_curve.gd:77)
       [2] test_technique_power_increases_at_every_one_of_the_30_realms (res://tests/modules/mind_cultivation/test_mind_power_curve.gd:98)
       [3] _initialize (res://tests/run_tests.gd:24)
SCRIPT ERROR: Invalid access to property or key 'stats' on a base object of type 'Nil'.
   at: _technique_power_at (res://tests/modules/mind_cultivation/test_mind_power_curve.gd:77)
   GDScript backtrace (most recent call first):
       [0] _technique_power_at (res://tests/modules/mind_cultivation/test_mind_power_curve.gd:77)
       [1] test_technique_power_increases_at_every_one_of_the_30_realms (res://tests/modules/mind_cultivation/test_mind_power_curve.gd:98)
       [2] _initialize (res://tests/run_tests.gd:24)
SCRIPT ERROR: Invalid call. Nonexistent function 'attach' in base 'GDScript'.
   at: _actor_at_rank (res://tests/modules/mind_cultivation/test_mind_power_curve.gd:50)
   GDScript backtrace (most recent call first):
       [0] _actor_at_rank (res://tests/modules/mind_cultivation/test_mind_power_curve.gd:50)
       [1] _technique_power_at (res://tests/modules/mind_cultivation/test_mind_power_curve.gd:77)
       [2] test_technique_power_increases_at_every_one_of_the_30_realms (res://tests/modules/mind_cultivation/test_mind_power_curve.gd:98)
       [3] _initialize (res://tests/run_tests.gd:24)
SCRIPT ERROR: Invalid access to property or key 'stats' on a base object of type 'Nil'.
   at: _technique_power_at (res://tests/modules/mind_cultivation/test_mind_power_curve.gd:77)
   GDScript backtrace (most recent call first):
       [0] _technique_power_at (res://tests/modules/mind_cultivation/test_mind_power_curve.gd:77)
       [1] test_technique_power_increases_at_every_one_of_the_30_realms (res://tests/modules/mind_cultivation/test_mind_power_curve.gd:98)
       [2] _initialize (res://tests/run_tests.gd:24)
SCRIPT ERROR: Invalid call. Nonexistent function 'attach' in base 'GDScript'.
   at: _actor_at_rank (res://tests/modules/mind_cultivation/test_mind_power_curve.gd:50)
   GDScript backtrace (most recent call first):
       [0] _actor_at_rank (res://tests/modules/mind_cultivation/test_mind_power_curve.gd:50)
       [1] _technique_power_at (res://tests/modules/mind_cultivation/test_mind_power_curve.gd:77)
       [2] test_technique_power_increases_at_every_one_of_the_30_realms (res://tests/modules/mind_cultivation/test_mind_power_curve.gd:98)
       [3] _initialize (res://tests/run_tests.gd:24)
SCRIPT ERROR: Invalid access to property or key 'stats' on a base object of type 'Nil'.
   at: _technique_power_at (res://tests/modules/mind_cultivation/test_mind_power_curve.gd:77)
   GDScript backtrace (most recent call first):
       [0] _technique_power_at (res://tests/modules/mind_cultivation/test_mind_power_curve.gd:77)
       [1] test_technique_power_increases_at_every_one_of_the_30_realms (res://tests/modules/mind_cultivation/test_mind_power_curve.gd:98)
       [2] _initialize (res://tests/run_tests.gd:24)
SCRIPT ERROR: Invalid call. Nonexistent function 'attach' in base 'GDScript'.
   at: _actor_at_rank (res://tests/modules/mind_cultivation/test_mind_power_curve.gd:50)
   GDScript backtrace (most recent call first):
       [0] _actor_at_rank (res://tests/modules/mind_cultivation/test_mind_power_curve.gd:50)
       [1] _technique_power_at (res://tests/modules/mind_cultivation/test_mind_power_curve.gd:77)
       [2] test_technique_power_increases_at_every_one_of_the_30_realms (res://tests/modules/mind_cultivation/test_mind_power_curve.gd:98)
       [3] _initialize (res://tests/run_tests.gd:24)
SCRIPT ERROR: Invalid access to property or key 'stats' on a base object of type 'Nil'.
   at: _technique_power_at (res://tests/modules/mind_cultivation/test_mind_power_curve.gd:77)
   GDScript backtrace (most recent call first):
       [0] _technique_power_at (res://tests/modules/mind_cultivation/test_mind_power_curve.gd:77)
       [1] test_technique_power_increases_at_every_one_of_the_30_realms (res://tests/modules/mind_cultivation/test_mind_power_curve.gd:98)
       [2] _initialize (res://tests/run_tests.gd:24)
SCRIPT ERROR: Invalid call. Nonexistent function 'attach' in base 'GDScript'.
   at: _actor_at_rank (res://tests/modules/mind_cultivation/test_mind_power_curve.gd:50)
   GDScript backtrace (most recent call first):
       [0] _actor_at_rank (res://tests/modules/mind_cultivation/test_mind_power_curve.gd:50)
       [1] _technique_power_at (res://tests/modules/mind_cultivation/test_mind_power_curve.gd:77)
       [2] test_technique_power_increases_at_every_one_of_the_30_realms (res://tests/modules/mind_cultivation/test_mind_power_curve.gd:98)
       [3] _initialize (res://tests/run_tests.gd:24)
SCRIPT ERROR: Invalid access to property or key 'stats' on a base object of type 'Nil'.
   at: _technique_power_at (res://tests/modules/mind_cultivation/test_mind_power_curve.gd:77)
   GDScript backtrace (most recent call first):
       [0] _technique_power_at (res://tests/modules/mind_cultivation/test_mind_power_curve.gd:77)
       [1] test_technique_power_increases_at_every_one_of_the_30_realms (res://tests/modules/mind_cultivation/test_mind_power_curve.gd:98)
       [2] _initialize (res://tests/run_tests.gd:24)
SCRIPT ERROR: Invalid call. Nonexistent function 'attach' in base 'GDScript'.
   at: _actor_at_rank (res://tests/modules/mind_cultivation/test_mind_power_curve.gd:50)
   GDScript backtrace (most recent call first):
       [0] _actor_at_rank (res://tests/modules/mind_cultivation/test_mind_power_curve.gd:50)
       [1] _technique_power_at (res://tests/modules/mind_cultivation/test_mind_power_curve.gd:77)
       [2] test_technique_power_increases_at_every_one_of_the_30_realms (res://tests/modules/mind_cultivation/test_mind_power_curve.gd:98)
       [3] _initialize (res://tests/run_tests.gd:24)
SCRIPT ERROR: Invalid access to property or key 'stats' on a base object of type 'Nil'.
   at: _technique_power_at (res://tests/modules/mind_cultivation/test_mind_power_curve.gd:77)
   GDScript backtrace (most recent call first):
       [0] _technique_power_at (res://tests/modules/mind_cultivation/test_mind_power_curve.gd:77)
       [1] test_technique_power_increases_at_every_one_of_the_30_realms (res://tests/modules/mind_cultivation/test_mind_power_curve.gd:98)
       [2] _initialize (res://tests/run_tests.gd:24)
SCRIPT ERROR: Invalid call. Nonexistent function 'attach' in base 'GDScript'.
   at: _actor_at_rank (res://tests/modules/mind_cultivation/test_mind_power_curve.gd:50)
   GDScript backtrace (most recent call first):
       [0] _actor_at_rank (res://tests/modules/mind_cultivation/test_mind_power_curve.gd:50)
       [1] _technique_power_at (res://tests/modules/mind_cultivation/test_mind_power_curve.gd:77)
       [2] test_technique_power_increases_at_every_one_of_the_30_realms (res://tests/modules/mind_cultivation/test_mind_power_curve.gd:98)
       [3] _initialize (res://tests/run_tests.gd:24)
SCRIPT ERROR: Invalid access to property or key 'stats' on a base object of type 'Nil'.
   at: _technique_power_at (res://tests/modules/mind_cultivation/test_mind_power_curve.gd:77)
   GDScript backtrace (most recent call first):
       [0] _technique_power_at (res://tests/modules/mind_cultivation/test_mind_power_curve.gd:77)
       [1] test_technique_power_increases_at_every_one_of_the_30_realms (res://tests/modules/mind_cultivation/test_mind_power_curve.gd:98)
       [2] _initialize (res://tests/run_tests.gd:24)
SCRIPT ERROR: Invalid call. Nonexistent function 'attach' in base 'GDScript'.
   at: _actor_at_rank (res://tests/modules/mind_cultivation/test_mind_power_curve.gd:50)
   GDScript backtrace (most recent call first):
       [0] _actor_at_rank (res://tests/modules/mind_cultivation/test_mind_power_curve.gd:50)
       [1] _technique_power_at (res://tests/modules/mind_cultivation/test_mind_power_curve.gd:77)
       [2] test_technique_power_increases_at_every_one_of_the_30_realms (res://tests/modules/mind_cultivation/test_mind_power_curve.gd:98)
       [3] _initialize (res://tests/run_tests.gd:24)
SCRIPT ERROR: Invalid access to property or key 'stats' on a base object of type 'Nil'.
   at: _technique_power_at (res://tests/modules/mind_cultivation/test_mind_power_curve.gd:77)
   GDScript backtrace (most recent call first):
       [0] _technique_power_at (res://tests/modules/mind_cultivation/test_mind_power_curve.gd:77)
       [1] test_technique_power_increases_at_every_one_of_the_30_realms (res://tests/modules/mind_cultivation/test_mind_power_curve.gd:98)
       [2] _initialize (res://tests/run_tests.gd:24)
SCRIPT ERROR: Invalid call. Nonexistent function 'attach' in base 'GDScript'.
   at: _actor_at_rank (res://tests/modules/mind_cultivation/test_mind_power_curve.gd:50)
   GDScript backtrace (most recent call first):
       [0] _actor_at_rank (res://tests/modules/mind_cultivation/test_mind_power_curve.gd:50)
       [1] _technique_power_at (res://tests/modules/mind_cultivation/test_mind_power_curve.gd:77)
       [2] test_technique_power_increases_at_every_one_of_the_30_realms (res://tests/modules/mind_cultivation/test_mind_power_curve.gd:98)
       [3] _initialize (res://tests/run_tests.gd:24)
SCRIPT ERROR: Invalid access to property or key 'stats' on a base object of type 'Nil'.
   at: _technique_power_at (res://tests/modules/mind_cultivation/test_mind_power_curve.gd:77)
   GDScript backtrace (most recent call first):
       [0] _technique_power_at (res://tests/modules/mind_cultivation/test_mind_power_curve.gd:77)
       [1] test_technique_power_increases_at_every_one_of_the_30_realms (res://tests/modules/mind_cultivation/test_mind_power_curve.gd:98)
       [2] _initialize (res://tests/run_tests.gd:24)
SCRIPT ERROR: Invalid call. Nonexistent function 'attach' in base 'GDScript'.
   at: _actor_at_rank (res://tests/modules/mind_cultivation/test_mind_power_curve.gd:50)
   GDScript backtrace (most recent call first):
       [0] _actor_at_rank (res://tests/modules/mind_cultivation/test_mind_power_curve.gd:50)
       [1] _technique_power_at (res://tests/modules/mind_cultivation/test_mind_power_curve.gd:77)
       [2] test_technique_power_increases_at_every_one_of_the_30_realms (res://tests/modules/mind_cultivation/test_mind_power_curve.gd:98)
       [3] _initialize (res://tests/run_tests.gd:24)
SCRIPT ERROR: Invalid access to property or key 'stats' on a base object of type 'Nil'.
   at: _technique_power_at (res://tests/modules/mind_cultivation/test_mind_power_curve.gd:77)
   GDScript backtrace (most recent call first):
       [0] _technique_power_at (res://tests/modules/mind_cultivation/test_mind_power_curve.gd:77)
       [1] test_technique_power_increases_at_every_one_of_the_30_realms (res://tests/modules/mind_cultivation/test_mind_power_curve.gd:98)
       [2] _initialize (res://tests/run_tests.gd:24)
SCRIPT ERROR: Invalid call. Nonexistent function 'attach' in base 'GDScript'.
   at: _actor_at_rank (res://tests/modules/mind_cultivation/test_mind_power_curve.gd:50)
   GDScript backtrace (most recent call first):
       [0] _actor_at_rank (res://tests/modules/mind_cultivation/test_mind_power_curve.gd:50)
       [1] _technique_power_at (res://tests/modules/mind_cultivation/test_mind_power_curve.gd:77)
       [2] test_technique_power_increases_at_every_one_of_the_30_realms (res://tests/modules/mind_cultivation/test_mind_power_curve.gd:98)
       [3] _initialize (res://tests/run_tests.gd:24)
SCRIPT ERROR: Invalid access to property or key 'stats' on a base object of type 'Nil'.
   at: _technique_power_at (res://tests/modules/mind_cultivation/test_mind_power_curve.gd:77)
   GDScript backtrace (most recent call first):
       [0] _technique_power_at (res://tests/modules/mind_cultivation/test_mind_power_curve.gd:77)
       [1] test_technique_power_increases_at_every_one_of_the_30_realms (res://tests/modules/mind_cultivation/test_mind_power_curve.gd:98)
       [2] _initialize (res://tests/run_tests.gd:24)
SCRIPT ERROR: Invalid call. Nonexistent function 'attach' in base 'GDScript'.
   at: _actor_at_rank (res://tests/modules/mind_cultivation/test_mind_power_curve.gd:50)
   GDScript backtrace (most recent call first):
       [0] _actor_at_rank (res://tests/modules/mind_cultivation/test_mind_power_curve.gd:50)
       [1] _technique_power_at (res://tests/modules/mind_cultivation/test_mind_power_curve.gd:77)
       [2] test_technique_power_increases_at_every_one_of_the_30_realms (res://tests/modules/mind_cultivation/test_mind_power_curve.gd:98)
       [3] _initialize (res://tests/run_tests.gd:24)
SCRIPT ERROR: Invalid access to property or key 'stats' on a base object of type 'Nil'.
   at: _technique_power_at (res://tests/modules/mind_cultivation/test_mind_power_curve.gd:77)
   GDScript backtrace (most recent call first):
       [0] _technique_power_at (res://tests/modules/mind_cultivation/test_mind_power_curve.gd:77)
       [1] test_technique_power_increases_at_every_one_of_the_30_realms (res://tests/modules/mind_cultivation/test_mind_power_curve.gd:98)
       [2] _initialize (res://tests/run_tests.gd:24)
SCRIPT ERROR: Invalid call. Nonexistent function 'attach' in base 'GDScript'.
   at: _actor_at_rank (res://tests/modules/mind_cultivation/test_mind_power_curve.gd:50)
   GDScript backtrace (most recent call first):
       [0] _actor_at_rank (res://tests/modules/mind_cultivation/test_mind_power_curve.gd:50)
       [1] _technique_power_at (res://tests/modules/mind_cultivation/test_mind_power_curve.gd:77)
       [2] test_technique_power_increases_at_every_one_of_the_30_realms (res://tests/modules/mind_cultivation/test_mind_power_curve.gd:98)
       [3] _initialize (res://tests/run_tests.gd:24)
SCRIPT ERROR: Invalid access to property or key 'stats' on a base object of type 'Nil'.
   at: _technique_power_at (res://tests/modules/mind_cultivation/test_mind_power_curve.gd:77)
   GDScript backtrace (most recent call first):
       [0] _technique_power_at (res://tests/modules/mind_cultivation/test_mind_power_curve.gd:77)
       [1] test_technique_power_increases_at_every_one_of_the_30_realms (res://tests/modules/mind_cultivation/test_mind_power_curve.gd:98)
       [2] _initialize (res://tests/run_tests.gd:24)
SCRIPT ERROR: Invalid call. Nonexistent function 'attach' in base 'GDScript'.
   at: _actor_at_rank (res://tests/modules/mind_cultivation/test_mind_power_curve.gd:50)
   GDScript backtrace (most recent call first):
       [0] _actor_at_rank (res://tests/modules/mind_cultivation/test_mind_power_curve.gd:50)
       [1] _technique_power_at (res://tests/modules/mind_cultivation/test_mind_power_curve.gd:77)
       [2] test_technique_power_increases_at_every_one_of_the_30_realms (res://tests/modules/mind_cultivation/test_mind_power_curve.gd:98)
       [3] _initialize (res://tests/run_tests.gd:24)
SCRIPT ERROR: Invalid access to property or key 'stats' on a base object of type 'Nil'.
   at: _technique_power_at (res://tests/modules/mind_cultivation/test_mind_power_curve.gd:77)
   GDScript backtrace (most recent call first):
       [0] _technique_power_at (res://tests/modules/mind_cultivation/test_mind_power_curve.gd:77)
       [1] test_technique_power_increases_at_every_one_of_the_30_realms (res://tests/modules/mind_cultivation/test_mind_power_curve.gd:98)
       [2] _initialize (res://tests/run_tests.gd:24)
SCRIPT ERROR: Invalid call. Nonexistent function 'attach' in base 'GDScript'.
   at: _actor_at_rank (res://tests/modules/mind_cultivation/test_mind_power_curve.gd:50)
   GDScript backtrace (most recent call first):
       [0] _actor_at_rank (res://tests/modules/mind_cultivation/test_mind_power_curve.gd:50)
       [1] _technique_power_at (res://tests/modules/mind_cultivation/test_mind_power_curve.gd:77)
       [2] test_technique_power_increases_at_every_one_of_the_30_realms (res://tests/modules/mind_cultivation/test_mind_power_curve.gd:98)
       [3] _initialize (res://tests/run_tests.gd:24)
SCRIPT ERROR: Invalid access to property or key 'stats' on a base object of type 'Nil'.
   at: _technique_power_at (res://tests/modules/mind_cultivation/test_mind_power_curve.gd:77)
   GDScript backtrace (most recent call first):
       [0] _technique_power_at (res://tests/modules/mind_cultivation/test_mind_power_curve.gd:77)
       [1] test_technique_power_increases_at_every_one_of_the_30_realms (res://tests/modules/mind_cultivation/test_mind_power_curve.gd:98)
       [2] _initialize (res://tests/run_tests.gd:24)
SCRIPT ERROR: Invalid call. Nonexistent function 'attach' in base 'GDScript'.
   at: _actor_at_rank (res://tests/modules/mind_cultivation/test_mind_power_curve.gd:50)
   GDScript backtrace (most recent call first):
       [0] _actor_at_rank (res://tests/modules/mind_cultivation/test_mind_power_curve.gd:50)
       [1] _technique_power_at (res://tests/modules/mind_cultivation/test_mind_power_curve.gd:77)
       [2] test_technique_power_increases_at_every_one_of_the_30_realms (res://tests/modules/mind_cultivation/test_mind_power_curve.gd:98)
       [3] _initialize (res://tests/run_tests.gd:24)
SCRIPT ERROR: Invalid access to property or key 'stats' on a base object of type 'Nil'.
   at: _technique_power_at (res://tests/modules/mind_cultivation/test_mind_power_curve.gd:77)
   GDScript backtrace (most recent call first):
       [0] _technique_power_at (res://tests/modules/mind_cultivation/test_mind_power_curve.gd:77)
       [1] test_technique_power_increases_at_every_one_of_the_30_realms (res://tests/modules/mind_cultivation/test_mind_power_curve.gd:98)
       [2] _initialize (res://tests/run_tests.gd:24)
SCRIPT ERROR: Invalid call. Nonexistent function 'attach' in base 'GDScript'.
   at: _actor_at_rank (res://tests/modules/mind_cultivation/test_mind_power_curve.gd:50)
   GDScript backtrace (most recent call first):
       [0] _actor_at_rank (res://tests/modules/mind_cultivation/test_mind_power_curve.gd:50)
       [1] _technique_power_at (res://tests/modules/mind_cultivation/test_mind_power_curve.gd:77)
       [2] test_technique_power_increases_at_every_one_of_the_30_realms (res://tests/modules/mind_cultivation/test_mind_power_curve.gd:98)
       [3] _initialize (res://tests/run_tests.gd:24)
SCRIPT ERROR: Invalid access to property or key 'stats' on a base object of type 'Nil'.
   at: _technique_power_at (res://tests/modules/mind_cultivation/test_mind_power_curve.gd:77)
   GDScript backtrace (most recent call first):
       [0] _technique_power_at (res://tests/modules/mind_cultivation/test_mind_power_curve.gd:77)
       [1] test_technique_power_increases_at_every_one_of_the_30_realms (res://tests/modules/mind_cultivation/test_mind_power_curve.gd:98)
       [2] _initialize (res://tests/run_tests.gd:24)
SCRIPT ERROR: Invalid call. Nonexistent function 'attach' in base 'GDScript'.
   at: _actor_at_rank (res://tests/modules/mind_cultivation/test_mind_power_curve.gd:50)
   GDScript backtrace (most recent call first):
       [0] _actor_at_rank (res://tests/modules/mind_cultivation/test_mind_power_curve.gd:50)
       [1] _technique_power_at (res://tests/modules/mind_cultivation/test_mind_power_curve.gd:77)
       [2] test_technique_power_increases_at_every_one_of_the_30_realms (res://tests/modules/mind_cultivation/test_mind_power_curve.gd:98)
       [3] _initialize (res://tests/run_tests.gd:24)
SCRIPT ERROR: Invalid access to property or key 'stats' on a base object of type 'Nil'.
   at: _technique_power_at (res://tests/modules/mind_cultivation/test_mind_power_curve.gd:77)
   GDScript backtrace (most recent call first):
       [0] _technique_power_at (res://tests/modules/mind_cultivation/test_mind_power_curve.gd:77)
       [1] test_technique_power_increases_at_every_one_of_the_30_realms (res://tests/modules/mind_cultivation/test_mind_power_curve.gd:98)
       [2] _initialize (res://tests/run_tests.gd:24)
SCRIPT ERROR: Invalid call. Nonexistent function 'attach' in base 'GDScript'.
   at: _actor_at_rank (res://tests/modules/mind_cultivation/test_mind_power_curve.gd:50)
   GDScript backtrace (most recent call first):
       [0] _actor_at_rank (res://tests/modules/mind_cultivation/test_mind_power_curve.gd:50)
       [1] _technique_power_at (res://tests/modules/mind_cultivation/test_mind_power_curve.gd:77)
       [2] test_technique_power_increases_at_every_one_of_the_30_realms (res://tests/modules/mind_cultivation/test_mind_power_curve.gd:98)
       [3] _initialize (res://tests/run_tests.gd:24)
SCRIPT ERROR: Invalid access to property or key 'stats' on a base object of type 'Nil'.
   at: _technique_power_at (res://tests/modules/mind_cultivation/test_mind_power_curve.gd:77)
   GDScript backtrace (most recent call first):
       [0] _technique_power_at (res://tests/modules/mind_cultivation/test_mind_power_curve.gd:77)
       [1] test_technique_power_increases_at_every_one_of_the_30_realms (res://tests/modules/mind_cultivation/test_mind_power_curve.gd:98)
       [2] _initialize (res://tests/run_tests.gd:24)
SCRIPT ERROR: Invalid call. Nonexistent function 'attach' in base 'GDScript'.
   at: _actor_at_rank (res://tests/modules/mind_cultivation/test_mind_power_curve.gd:50)
   GDScript backtrace (most recent call first):
       [0] _actor_at_rank (res://tests/modules/mind_cultivation/test_mind_power_curve.gd:50)
       [1] _technique_power_at (res://tests/modules/mind_cultivation/test_mind_power_curve.gd:77)
       [2] test_technique_power_increases_at_every_one_of_the_30_realms (res://tests/modules/mind_cultivation/test_mind_power_curve.gd:98)
       [3] _initialize (res://tests/run_tests.gd:24)
SCRIPT ERROR: Invalid access to property or key 'stats' on a base object of type 'Nil'.
   at: _technique_power_at (res://tests/modules/mind_cultivation/test_mind_power_curve.gd:77)
   GDScript backtrace (most recent call first):
       [0] _technique_power_at (res://tests/modules/mind_cultivation/test_mind_power_curve.gd:77)
       [1] test_technique_power_increases_at_every_one_of_the_30_realms (res://tests/modules/mind_cultivation/test_mind_power_curve.gd:98)
       [2] _initialize (res://tests/run_tests.gd:24)
SCRIPT ERROR: Invalid call. Nonexistent function 'attach' in base 'GDScript'.
   at: _actor_at_rank (res://tests/modules/mind_cultivation/test_mind_power_curve.gd:50)
   GDScript backtrace (most recent call first):
       [0] _actor_at_rank (res://tests/modules/mind_cultivation/test_mind_power_curve.gd:50)
       [1] _technique_power_at (res://tests/modules/mind_cultivation/test_mind_power_curve.gd:77)
       [2] test_technique_power_increases_at_every_one_of_the_30_realms (res://tests/modules/mind_cultivation/test_mind_power_curve.gd:98)
       [3] _initialize (res://tests/run_tests.gd:24)
SCRIPT ERROR: Invalid access to property or key 'stats' on a base object of type 'Nil'.
   at: _technique_power_at (res://tests/modules/mind_cultivation/test_mind_power_curve.gd:77)
   GDScript backtrace (most recent call first):
       [0] _technique_power_at (res://tests/modules/mind_cultivation/test_mind_power_curve.gd:77)
       [1] test_technique_power_increases_at_every_one_of_the_30_realms (res://tests/modules/mind_cultivation/test_mind_power_curve.gd:98)
       [2] _initialize (res://tests/run_tests.gd:24)
SCRIPT ERROR: Invalid call. Nonexistent function 'attach' in base 'GDScript'.
   at: _actor_at_rank (res://tests/modules/mind_cultivation/test_mind_power_curve.gd:50)
   GDScript backtrace (most recent call first):
       [0] _actor_at_rank (res://tests/modules/mind_cultivation/test_mind_power_curve.gd:50)
       [1] _technique_power_at (res://tests/modules/mind_cultivation/test_mind_power_curve.gd:77)
       [2] test_technique_power_increases_at_every_one_of_the_30_realms (res://tests/modules/mind_cultivation/test_mind_power_curve.gd:98)
       [3] _initialize (res://tests/run_tests.gd:24)
SCRIPT ERROR: Invalid access to property or key 'stats' on a base object of type 'Nil'.
   at: _technique_power_at (res://tests/modules/mind_cultivation/test_mind_power_curve.gd:77)
   GDScript backtrace (most recent call first):
       [0] _technique_power_at (res://tests/modules/mind_cultivation/test_mind_power_curve.gd:77)
       [1] test_technique_power_increases_at_every_one_of_the_30_realms (res://tests/modules/mind_cultivation/test_mind_power_curve.gd:98)
       [2] _initialize (res://tests/run_tests.gd:24)
SCRIPT ERROR: Invalid call. Nonexistent function 'attach' in base 'GDScript'.
   at: _actor_at_rank (res://tests/modules/mind_cultivation/test_mind_power_curve.gd:50)
   GDScript backtrace (most recent call first):
       [0] _actor_at_rank (res://tests/modules/mind_cultivation/test_mind_power_curve.gd:50)
       [1] _technique_power_at (res://tests/modules/mind_cultivation/test_mind_power_curve.gd:77)
       [2] test_technique_power_increases_at_every_one_of_the_30_realms (res://tests/modules/mind_cultivation/test_mind_power_curve.gd:98)
       [3] _initialize (res://tests/run_tests.gd:24)
SCRIPT ERROR: Invalid access to property or key 'stats' on a base object of type 'Nil'.
   at: _technique_power_at (res://tests/modules/mind_cultivation/test_mind_power_curve.gd:77)
   GDScript backtrace (most recent call first):
       [0] _technique_power_at (res://tests/modules/mind_cultivation/test_mind_power_curve.gd:77)
       [1] test_technique_power_increases_at_every_one_of_the_30_realms (res://tests/modules/mind_cultivation/test_mind_power_curve.gd:98)
       [2] _initialize (res://tests/run_tests.gd:24)
SCRIPT ERROR: Invalid call. Nonexistent function 'attach' in base 'GDScript'.
   at: _actor_at_rank (res://tests/modules/mind_cultivation/test_mind_power_curve.gd:50)
   GDScript backtrace (most recent call first):
       [0] _actor_at_rank (res://tests/modules/mind_cultivation/test_mind_power_curve.gd:50)
       [1] _technique_power_at (res://tests/modules/mind_cultivation/test_mind_power_curve.gd:77)
       [2] test_technique_power_increases_at_every_one_of_the_30_realms (res://tests/modules/mind_cultivation/test_mind_power_curve.gd:98)
       [3] _initialize (res://tests/run_tests.gd:24)
SCRIPT ERROR: Invalid access to property or key 'stats' on a base object of type 'Nil'.
   at: _technique_power_at (res://tests/modules/mind_cultivation/test_mind_power_curve.gd:77)
   GDScript backtrace (most recent call first):
       [0] _technique_power_at (res://tests/modules/mind_cultivation/test_mind_power_curve.gd:77)
       [1] test_technique_power_increases_at_every_one_of_the_30_realms (res://tests/modules/mind_cultivation/test_mind_power_curve.gd:98)
       [2] _initialize (res://tests/run_tests.gd:24)
SCRIPT ERROR: Invalid call. Nonexistent function 'attach' in base 'GDScript'.
   at: _actor_at_rank (res://tests/modules/mind_cultivation/test_mind_power_curve.gd:50)
   GDScript backtrace (most recent call first):
       [0] _actor_at_rank (res://tests/modules/mind_cultivation/test_mind_power_curve.gd:50)
       [1] _technique_power_at (res://tests/modules/mind_cultivation/test_mind_power_curve.gd:77)
       [2] test_technique_power_increases_at_every_one_of_the_30_realms (res://tests/modules/mind_cultivation/test_mind_power_curve.gd:98)
       [3] _initialize (res://tests/run_tests.gd:24)
SCRIPT ERROR: Invalid access to property or key 'stats' on a base object of type 'Nil'.
   at: _technique_power_at (res://tests/modules/mind_cultivation/test_mind_power_curve.gd:77)
   GDScript backtrace (most recent call first):
       [0] _technique_power_at (res://tests/modules/mind_cultivation/test_mind_power_curve.gd:77)
       [1] test_technique_power_increases_at_every_one_of_the_30_realms (res://tests/modules/mind_cultivation/test_mind_power_curve.gd:98)
       [2] _initialize (res://tests/run_tests.gd:24)
SCRIPT ERROR: Invalid call. Nonexistent function 'attach' in base 'GDScript'.
   at: _actor_at_rank (res://tests/modules/mind_cultivation/test_mind_power_curve.gd:50)
   GDScript backtrace (most recent call first):
       [0] _actor_at_rank (res://tests/modules/mind_cultivation/test_mind_power_curve.gd:50)
       [1] _technique_power_at (res://tests/modules/mind_cultivation/test_mind_power_curve.gd:77)
       [2] test_technique_power_pins_both_ends_of_the_ladder (res://tests/modules/mind_cultivation/test_mind_power_curve.gd:109)
       [3] _initialize (res://tests/run_tests.gd:24)
SCRIPT ERROR: Invalid access to property or key 'stats' on a base object of type 'Nil'.
   at: _technique_power_at (res://tests/modules/mind_cultivation/test_mind_power_curve.gd:77)
   GDScript backtrace (most recent call first):
       [0] _technique_power_at (res://tests/modules/mind_cultivation/test_mind_power_curve.gd:77)
       [1] test_technique_power_pins_both_ends_of_the_ladder (res://tests/modules/mind_cultivation/test_mind_power_curve.gd:109)
       [2] _initialize (res://tests/run_tests.gd:24)
SCRIPT ERROR: Invalid call. Nonexistent function 'attach' in base 'GDScript'.
   at: _actor_at_rank (res://tests/modules/mind_cultivation/test_mind_power_curve.gd:50)
   GDScript backtrace (most recent call first):
       [0] _actor_at_rank (res://tests/modules/mind_cultivation/test_mind_power_curve.gd:50)
       [1] _technique_power_at (res://tests/modules/mind_cultivation/test_mind_power_curve.gd:77)
       [2] test_technique_power_pins_both_ends_of_the_ladder (res://tests/modules/mind_cultivation/test_mind_power_curve.gd:110)
       [3] _initialize (res://tests/run_tests.gd:24)
SCRIPT ERROR: Invalid access to property or key 'stats' on a base object of type 'Nil'.
   at: _technique_power_at (res://tests/modules/mind_cultivation/test_mind_power_curve.gd:77)
   GDScript backtrace (most recent call first):
       [0] _technique_power_at (res://tests/modules/mind_cultivation/test_mind_power_curve.gd:77)
       [1] test_technique_power_pins_both_ends_of_the_ladder (res://tests/modules/mind_cultivation/test_mind_power_curve.gd:110)
       [2] _initialize (res://tests/run_tests.gd:24)
SCRIPT ERROR: Invalid call. Nonexistent function 'attach' in base 'GDScript'.
   at: _actor_at_rank (res://tests/modules/mind_cultivation/test_mind_power_curve.gd:50)
   GDScript backtrace (most recent call first):
       [0] _actor_at_rank (res://tests/modules/mind_cultivation/test_mind_power_curve.gd:50)
       [1] _technique_power_at (res://tests/modules/mind_cultivation/test_mind_power_curve.gd:77)
       [2] test_technique_power_r30_over_r1_is_at_least_ten (res://tests/modules/mind_cultivation/test_mind_power_curve.gd:104)
       [3] _initialize (res://tests/run_tests.gd:24)
SCRIPT ERROR: Invalid access to property or key 'stats' on a base object of type 'Nil'.
   at: _technique_power_at (res://tests/modules/mind_cultivation/test_mind_power_curve.gd:77)
   GDScript backtrace (most recent call first):
       [0] _technique_power_at (res://tests/modules/mind_cultivation/test_mind_power_curve.gd:77)
       [1] test_technique_power_r30_over_r1_is_at_least_ten (res://tests/modules/mind_cultivation/test_mind_power_curve.gd:104)
       [2] _initialize (res://tests/run_tests.gd:24)
SCRIPT ERROR: Invalid call. Nonexistent function 'attach' in base 'GDScript'.
   at: _actor_at_rank (res://tests/modules/mind_cultivation/test_mind_power_curve.gd:50)
   GDScript backtrace (most recent call first):
       [0] _actor_at_rank (res://tests/modules/mind_cultivation/test_mind_power_curve.gd:50)
       [1] _technique_power_at (res://tests/modules/mind_cultivation/test_mind_power_curve.gd:77)
       [2] test_technique_power_r30_over_r1_is_at_least_ten (res://tests/modules/mind_cultivation/test_mind_power_curve.gd:104)
       [3] _initialize (res://tests/run_tests.gd:24)
SCRIPT ERROR: Invalid access to property or key 'stats' on a base object of type 'Nil'.
   at: _technique_power_at (res://tests/modules/mind_cultivation/test_mind_power_curve.gd:77)
   GDScript backtrace (most recent call first):
       [0] _technique_power_at (res://tests/modules/mind_cultivation/test_mind_power_curve.gd:77)
       [1] test_technique_power_r30_over_r1_is_at_least_ten (res://tests/modules/mind_cultivation/test_mind_power_curve.gd:104)
       [2] _initialize (res://tests/run_tests.gd:24)
SCRIPT ERROR: Invalid call. Nonexistent function 'attach' in base 'GDScript'.
   at: _actor_at_rank (res://tests/modules/mind_cultivation/test_mind_power_curve.gd:50)
   GDScript backtrace (most recent call first):
       [0] _actor_at_rank (res://tests/modules/mind_cultivation/test_mind_power_curve.gd:50)
       [1] _sea_actor_at_rank (res://tests/modules/mind_cultivation/test_mind_power_curve.gd:57)
       [2] _fill_rate_at (res://tests/modules/mind_cultivation/test_mind_power_curve.gd:86)
       [3] test_throughput_factor_is_not_applied_to_the_fill_rate (res://tests/modules/mind_cultivation/test_mind_power_curve.gd:252)
       [4] _initialize (res://tests/run_tests.gd:24)
SCRIPT ERROR: Invalid call. Nonexistent function 'attach_sea' in base 'GDScript'.
   at: _sea_actor_at_rank (res://tests/modules/mind_cultivation/test_mind_power_curve.gd:58)
   GDScript backtrace (most recent call first):
       [0] _sea_actor_at_rank (res://tests/modules/mind_cultivation/test_mind_power_curve.gd:58)
       [1] _fill_rate_at (res://tests/modules/mind_cultivation/test_mind_power_curve.gd:86)
       [2] test_throughput_factor_is_not_applied_to_the_fill_rate (res://tests/modules/mind_cultivation/test_mind_power_curve.gd:252)
       [3] _initialize (res://tests/run_tests.gd:24)
SCRIPT ERROR: Invalid call. Nonexistent function 'path' in base 'Nil'.
   at: _fill_rate_at (res://tests/modules/mind_cultivation/test_mind_power_curve.gd:87)
   GDScript backtrace (most recent call first):
       [0] _fill_rate_at (res://tests/modules/mind_cultivation/test_mind_power_curve.gd:87)
       [1] test_throughput_factor_is_not_applied_to_the_fill_rate (res://tests/modules/mind_cultivation/test_mind_power_curve.gd:252)
       [2] _initialize (res://tests/run_tests.gd:24)
ERROR: res://tests/modules/mind_cultivation/test_mind_power_curve.gd :: curve is a power of the budget, not the budget: expected true, got false
   at: push_error (core/variant/variant_utility.cpp:1023)
   GDScript backtrace (most recent call first):
       [0] _initialize (res://tests/run_tests.gd:28)
ERROR: res://tests/modules/mind_cultivation/test_mind_power_curve.gd :: fill rate rises at qi_refining: expected true, got false
   at: push_error (core/variant/variant_utility.cpp:1023)
   GDScript backtrace (most recent call first):
       [0] _initialize (res://tests/run_tests.gd:28)
ERROR: res://tests/modules/mind_cultivation/test_mind_power_curve.gd :: fill rate rises at foundation: expected true, got false
   at: push_error (core/variant/variant_utility.cpp:1023)
   GDScript backtrace (most recent call first):
       [0] _initialize (res://tests/run_tests.gd:28)
ERROR: res://tests/modules/mind_cultivation/test_mind_power_curve.gd :: fill rate rises at core_formation: expected true, got false
   at: push_error (core/variant/variant_utility.cpp:1023)
   GDScript backtrace (most recent call first):
       [0] _initialize (res://tests/run_tests.gd:28)
ERROR: res://tests/modules/mind_cultivation/test_mind_power_curve.gd :: fill rate rises at nascent_soul: expected true, got false
   at: push_error (core/variant/variant_utility.cpp:1023)
   GDScript backtrace (most recent call first):
       [0] _initialize (res://tests/run_tests.gd:28)
ERROR: res://tests/modules/mind_cultivation/test_mind_power_curve.gd :: fill rate rises at spirit_transformation: expected true, got false
   at: push_error (core/variant/variant_utility.cpp:1023)
   GDScript backtrace (most recent call first):
       [0] _initialize (res://tests/run_tests.gd:28)
ERROR: res://tests/modules/mind_cultivation/test_mind_power_curve.gd :: fill rate rises at void_refinement: expected true, got false
   at: push_error (core/variant/variant_utility.cpp:1023)
   GDScript backtrace (most recent call first):
       [0] _initialize (res://tests/run_tests.gd:28)
ERROR: res://tests/modules/mind_cultivation/test_mind_power_curve.gd :: fill rate rises at body_integration: expected true, got false
   at: push_error (core/variant/variant_utility.cpp:1023)
   GDScript backtrace (most recent call first):
       [0] _initialize (res://tests/run_tests.gd:28)
ERROR: res://tests/modules/mind_cultivation/test_mind_power_curve.gd :: fill rate rises at great_ascension: expected true, got false
   at: push_error (core/variant/variant_utility.cpp:1023)
   GDScript backtrace (most recent call first):
       [0] _initialize (res://tests/run_tests.gd:28)
ERROR: res://tests/modules/mind_cultivation/test_mind_power_curve.gd :: fill rate rises at tribulation: expected true, got false
   at: push_error (core/variant/variant_utility.cpp:1023)
   GDScript backtrace (most recent call first):
       [0] _initialize (res://tests/run_tests.gd:28)
ERROR: res://tests/modules/mind_cultivation/test_mind_power_curve.gd :: fill rate rises at spirit_condensation: expected true, got false
   at: push_error (core/variant/variant_utility.cpp:1023)
   GDScript backtrace (most recent call first):
       [0] _initialize (res://tests/run_tests.gd:28)
ERROR: res://tests/modules/mind_cultivation/test_mind_power_curve.gd :: fill rate rises at spirit_sea: expected true, got false
   at: push_error (core/variant/variant_utility.cpp:1023)
   GDScript backtrace (most recent call first):
       [0] _initialize (res://tests/run_tests.gd:28)
ERROR: res://tests/modules/mind_cultivation/test_mind_power_curve.gd :: fill rate rises at spirit_palace: expected true, got false
   at: push_error (core/variant/variant_utility.cpp:1023)
   GDScript backtrace (most recent call first):
       [0] _initialize (res://tests/run_tests.gd:28)
ERROR: res://tests/modules/mind_cultivation/test_mind_power_curve.gd :: fill rate rises at spirit_manifestation: expected true, got false
   at: push_error (core/variant/variant_utility.cpp:1023)
   GDScript backtrace (most recent call first):
       [0] _initialize (res://tests/run_tests.gd:28)
ERROR: res://tests/modules/mind_cultivation/test_mind_power_curve.gd :: fill rate rises at spirit_severing: expected true, got false
   at: push_error (core/variant/variant_utility.cpp:1023)
   GDScript backtrace (most recent call first):
       [0] _initialize (res://tests/run_tests.gd:28)
ERROR: res://tests/modules/mind_cultivation/test_mind_power_curve.gd :: fill rate rises at spirit_unity: expected true, got false
   at: push_error (core/variant/variant_utility.cpp:1023)
   GDScript backtrace (most recent call first):
       [0] _initialize (res://tests/run_tests.gd:28)
ERROR: res://tests/modules/mind_cultivation/test_mind_power_curve.gd :: fill rate rises at spirit_domain: expected true, got false
   at: push_error (core/variant/variant_utility.cpp:1023)
   GDScript backtrace (most recent call first):
       [0] _initialize (res://tests/run_tests.gd:28)
ERROR: res://tests/modules/mind_cultivation/test_mind_power_curve.gd :: fill rate rises at spirit_sovereign: expected true, got false
   at: push_error (core/variant/variant_utility.cpp:1023)
   GDScript backtrace (most recent call first):
       [0] _initialize (res://tests/run_tests.gd:28)
ERROR: res://tests/modules/mind_cultivation/test_mind_power_curve.gd :: fill rate rises at spirit_ascension: expected true, got false
   at: push_error (core/variant/variant_utility.cpp:1023)
   GDScript backtrace (most recent call first):
       [0] _initialize (res://tests/run_tests.gd:28)
ERROR: res://tests/modules/mind_cultivation/test_mind_power_curve.gd :: fill rate rises at earth_immortal: expected true, got false
   at: push_error (core/variant/variant_utility.cpp:1023)
   GDScript backtrace (most recent call first):
       [0] _initialize (res://tests/run_tests.gd:28)
ERROR: res://tests/modules/mind_cultivation/test_mind_power_curve.gd :: fill rate rises at heaven_immortal: expected true, got false
   at: push_error (core/variant/variant_utility.cpp:1023)
   GDScript backtrace (most recent call first):
       [0] _initialize (res://tests/run_tests.gd:28)
ERROR: res://tests/modules/mind_cultivation/test_mind_power_curve.gd :: fill rate rises at golden_immortal: expected true, got false
   at: push_error (core/variant/variant_utility.cpp:1023)
   GDScript backtrace (most recent call first):
       [0] _initialize (res://tests/run_tests.gd:28)
ERROR: res://tests/modules/mind_cultivation/test_mind_power_curve.gd :: fill rate rises at mystic_immortal: expected true, got false
   at: push_error (core/variant/variant_utility.cpp:1023)
   GDScript backtrace (most recent call first):
       [0] _initialize (res://tests/run_tests.gd:28)
ERROR: res://tests/modules/mind_cultivation/test_mind_power_curve.gd :: fill rate rises at true_immortal: expected true, got false
   at: push_error (core/variant/variant_utility.cpp:1023)
   GDScript backtrace (most recent call first):
       [0] _initialize (res://tests/run_tests.gd:28)
ERROR: res://tests/modules/mind_cultivation/test_mind_power_curve.gd :: fill rate rises at primordial_immortal: expected true, got false
   at: push_error (core/variant/variant_utility.cpp:1023)
   GDScript backtrace (most recent call first):
       [0] _initialize (res://tests/run_tests.gd:28)
ERROR: res://tests/modules/mind_cultivation/test_mind_power_curve.gd :: fill rate rises at great_luo: expected true, got false
   at: push_error (core/variant/variant_utility.cpp:1023)
   GDScript backtrace (most recent call first):
       [0] _initialize (res://tests/run_tests.gd:28)
ERROR: res://tests/modules/mind_cultivation/test_mind_power_curve.gd :: fill rate rises at dao_fruit: expected true, got false
   at: push_error (core/variant/variant_utility.cpp:1023)
   GDScript backtrace (most recent call first):
       [0] _initialize (res://tests/run_tests.gd:28)
ERROR: res://tests/modules/mind_cultivation/test_mind_power_curve.gd :: fill rate rises at immortal_sovereign: expected true, got false
   at: push_error (core/variant/variant_utility.cpp:1023)
   GDScript backtrace (most recent call first):
       [0] _initialize (res://tests/run_tests.gd:28)
ERROR: res://tests/modules/mind_cultivation/test_mind_power_curve.gd :: fill rate rises at transcendent: expected true, got false
   at: push_error (core/variant/variant_utility.cpp:1023)
   GDScript backtrace (most recent call first):
       [0] _initialize (res://tests/run_tests.gd:28)
ERROR: res://tests/modules/mind_cultivation/test_mind_power_curve.gd :: fill rate rises at dao_ancestor: expected true, got false
   at: push_error (core/variant/variant_utility.cpp:1023)
   GDScript backtrace (most recent call first):
       [0] _initialize (res://tests/run_tests.gd:28)
ERROR: res://tests/modules/mind_cultivation/test_mind_power_curve.gd :: fill rate rises at primordial_origin: expected true, got false
   at: push_error (core/variant/variant_utility.cpp:1023)
   GDScript backtrace (most recent call first):
       [0] _initialize (res://tests/run_tests.gd:28)
ERROR: res://tests/modules/mind_cultivation/test_mind_power_curve.gd :: R1 fill rate: expected 1.0, got 0.0
   at: push_error (core/variant/variant_utility.cpp:1023)
   GDScript backtrace (most recent call first):
       [0] _initialize (res://tests/run_tests.gd:28)
ERROR: res://tests/modules/mind_cultivation/test_mind_power_curve.gd :: R30 fill rate: expected 3.9, got 0.0
   at: push_error (core/variant/variant_utility.cpp:1023)
   GDScript backtrace (most recent call first):
       [0] _initialize (res://tests/run_tests.gd:28)
ERROR: res://tests/modules/mind_cultivation/test_mind_power_curve.gd :: sea capacity rises at qi_refining: expected true, got false
   at: push_error (core/variant/variant_utility.cpp:1023)
   GDScript backtrace (most recent call first):
       [0] _initialize (res://tests/run_tests.gd:28)
ERROR: res://tests/modules/mind_cultivation/test_mind_power_curve.gd :: sea capacity rises at foundation: expected true, got false
   at: push_error (core/variant/variant_utility.cpp:1023)
   GDScript backtrace (most recent call first):
       [0] _initialize (res://tests/run_tests.gd:28)
ERROR: res://tests/modules/mind_cultivation/test_mind_power_curve.gd :: sea capacity rises at core_formation: expected true, got false
   at: push_error (core/variant/variant_utility.cpp:1023)
   GDScript backtrace (most recent call first):
       [0] _initialize (res://tests/run_tests.gd:28)
ERROR: res://tests/modules/mind_cultivation/test_mind_power_curve.gd :: sea capacity rises at nascent_soul: expected true, got false
   at: push_error (core/variant/variant_utility.cpp:1023)
   GDScript backtrace (most recent call first):
       [0] _initialize (res://tests/run_tests.gd:28)
ERROR: res://tests/modules/mind_cultivation/test_mind_power_curve.gd :: sea capacity rises at spirit_transformation: expected true, got false
   at: push_error (core/variant/variant_utility.cpp:1023)
   GDScript backtrace (most recent call first):
       [0] _initialize (res://tests/run_tests.gd:28)
ERROR: res://tests/modules/mind_cultivation/test_mind_power_curve.gd :: sea capacity rises at void_refinement: expected true, got false
   at: push_error (core/variant/variant_utility.cpp:1023)
   GDScript backtrace (most recent call first):
       [0] _initialize (res://tests/run_tests.gd:28)
ERROR: res://tests/modules/mind_cultivation/test_mind_power_curve.gd :: sea capacity rises at body_integration: expected true, got false
   at: push_error (core/variant/variant_utility.cpp:1023)
   GDScript backtrace (most recent call first):
       [0] _initialize (res://tests/run_tests.gd:28)
ERROR: res://tests/modules/mind_cultivation/test_mind_power_curve.gd :: sea capacity rises at great_ascension: expected true, got false
   at: push_error (core/variant/variant_utility.cpp:1023)
   GDScript backtrace (most recent call first):
       [0] _initialize (res://tests/run_tests.gd:28)
ERROR: res://tests/modules/mind_cultivation/test_mind_power_curve.gd :: sea capacity rises at tribulation: expected true, got false
   at: push_error (core/variant/variant_utility.cpp:1023)
   GDScript backtrace (most recent call first):
       [0] _initialize (res://tests/run_tests.gd:28)
ERROR: res://tests/modules/mind_cultivation/test_mind_power_curve.gd :: sea capacity rises at spirit_condensation: expected true, got false
   at: push_error (core/variant/variant_utility.cpp:1023)
   GDScript backtrace (most recent call first):
       [0] _initialize (res://tests/run_tests.gd:28)
ERROR: res://tests/modules/mind_cultivation/test_mind_power_curve.gd :: sea capacity rises at spirit_sea: expected true, got false
   at: push_error (core/variant/variant_utility.cpp:1023)
   GDScript backtrace (most recent call first):
       [0] _initialize (res://tests/run_tests.gd:28)
ERROR: res://tests/modules/mind_cultivation/test_mind_power_curve.gd :: sea capacity rises at spirit_palace: expected true, got false
   at: push_error (core/variant/variant_utility.cpp:1023)
   GDScript backtrace (most recent call first):
       [0] _initialize (res://tests/run_tests.gd:28)
ERROR: res://tests/modules/mind_cultivation/test_mind_power_curve.gd :: sea capacity rises at spirit_manifestation: expected true, got false
   at: push_error (core/variant/variant_utility.cpp:1023)
   GDScript backtrace (most recent call first):
       [0] _initialize (res://tests/run_tests.gd:28)
ERROR: res://tests/modules/mind_cultivation/test_mind_power_curve.gd :: sea capacity rises at spirit_severing: expected true, got false
   at: push_error (core/variant/variant_utility.cpp:1023)
   GDScript backtrace (most recent call first):
       [0] _initialize (res://tests/run_tests.gd:28)
ERROR: res://tests/modules/mind_cultivation/test_mind_power_curve.gd :: sea capacity rises at spirit_unity: expected true, got false
   at: push_error (core/variant/variant_utility.cpp:1023)
   GDScript backtrace (most recent call first):
       [0] _initialize (res://tests/run_tests.gd:28)
ERROR: res://tests/modules/mind_cultivation/test_mind_power_curve.gd :: sea capacity rises at spirit_domain: expected true, got false
   at: push_error (core/variant/variant_utility.cpp:1023)
   GDScript backtrace (most recent call first):
       [0] _initialize (res://tests/run_tests.gd:28)
ERROR: res://tests/modules/mind_cultivation/test_mind_power_curve.gd :: sea capacity rises at spirit_sovereign: expected true, got false
   at: push_error (core/variant/variant_utility.cpp:1023)
   GDScript backtrace (most recent call first):
       [0] _initialize (res://tests/run_tests.gd:28)
ERROR: res://tests/modules/mind_cultivation/test_mind_power_curve.gd :: sea capacity rises at spirit_ascension: expected true, got false
   at: push_error (core/variant/variant_utility.cpp:1023)
   GDScript backtrace (most recent call first):
       [0] _initialize (res://tests/run_tests.gd:28)
ERROR: res://tests/modules/mind_cultivation/test_mind_power_curve.gd :: sea capacity rises at earth_immortal: expected true, got false
   at: push_error (core/variant/variant_utility.cpp:1023)
   GDScript backtrace (most recent call first):
       [0] _initialize (res://tests/run_tests.gd:28)
ERROR: res://tests/modules/mind_cultivation/test_mind_power_curve.gd :: sea capacity rises at heaven_immortal: expected true, got false
   at: push_error (core/variant/variant_utility.cpp:1023)
   GDScript backtrace (most recent call first):
       [0] _initialize (res://tests/run_tests.gd:28)
ERROR: res://tests/modules/mind_cultivation/test_mind_power_curve.gd :: sea capacity rises at golden_immortal: expected true, got false
   at: push_error (core/variant/variant_utility.cpp:1023)
   GDScript backtrace (most recent call first):
       [0] _initialize (res://tests/run_tests.gd:28)
ERROR: res://tests/modules/mind_cultivation/test_mind_power_curve.gd :: sea capacity rises at mystic_immortal: expected true, got false
   at: push_error (core/variant/variant_utility.cpp:1023)
   GDScript backtrace (most recent call first):
       [0] _initialize (res://tests/run_tests.gd:28)
ERROR: res://tests/modules/mind_cultivation/test_mind_power_curve.gd :: sea capacity rises at true_immortal: expected true, got false
   at: push_error (core/variant/variant_utility.cpp:1023)
   GDScript backtrace (most recent call first):
       [0] _initialize (res://tests/run_tests.gd:28)
ERROR: res://tests/modules/mind_cultivation/test_mind_power_curve.gd :: sea capacity rises at primordial_immortal: expected true, got false
   at: push_error (core/variant/variant_utility.cpp:1023)
   GDScript backtrace (most recent call first):
       [0] _initialize (res://tests/run_tests.gd:28)
ERROR: res://tests/modules/mind_cultivation/test_mind_power_curve.gd :: sea capacity rises at great_luo: expected true, got false
   at: push_error (core/variant/variant_utility.cpp:1023)
   GDScript backtrace (most recent call first):
       [0] _initialize (res://tests/run_tests.gd:28)
ERROR: res://tests/modules/mind_cultivation/test_mind_power_curve.gd :: sea capacity rises at dao_fruit: expected true, got false
   at: push_error (core/variant/variant_utility.cpp:1023)
   GDScript backtrace (most recent call first):
       [0] _initialize (res://tests/run_tests.gd:28)
ERROR: res://tests/modules/mind_cultivation/test_mind_power_curve.gd :: sea capacity rises at immortal_sovereign: expected true, got false
   at: push_error (core/variant/variant_utility.cpp:1023)
   GDScript backtrace (most recent call first):
       [0] _initialize (res://tests/run_tests.gd:28)
ERROR: res://tests/modules/mind_cultivation/test_mind_power_curve.gd :: sea capacity rises at transcendent: expected true, got false
   at: push_error (core/variant/variant_utility.cpp:1023)
   GDScript backtrace (most recent call first):
       [0] _initialize (res://tests/run_tests.gd:28)
ERROR: res://tests/modules/mind_cultivation/test_mind_power_curve.gd :: sea capacity rises at dao_ancestor: expected true, got false
   at: push_error (core/variant/variant_utility.cpp:1023)
   GDScript backtrace (most recent call first):
       [0] _initialize (res://tests/run_tests.gd:28)
ERROR: res://tests/modules/mind_cultivation/test_mind_power_curve.gd :: sea capacity rises at primordial_origin: expected true, got false
   at: push_error (core/variant/variant_utility.cpp:1023)
   GDScript backtrace (most recent call first):
       [0] _initialize (res://tests/run_tests.gd:28)
ERROR: res://tests/modules/mind_cultivation/test_mind_power_curve.gd :: R1 sea capacity: expected 100.0, got 0.0
   at: push_error (core/variant/variant_utility.cpp:1023)
   GDScript backtrace (most recent call first):
       [0] _initialize (res://tests/run_tests.gd:28)
ERROR: res://tests/modules/mind_cultivation/test_mind_power_curve.gd :: R30 sea capacity: expected 825.0, got 0.0
   at: push_error (core/variant/variant_utility.cpp:1023)
   GDScript backtrace (most recent call first):
       [0] _initialize (res://tests/run_tests.gd:28)
ERROR: res://tests/modules/mind_cultivation/test_mind_power_curve.gd :: T = P^0.55 at qi_refining: expected 45.0, got 0.0
   at: push_error (core/variant/variant_utility.cpp:1023)
   GDScript backtrace (most recent call first):
       [0] _initialize (res://tests/run_tests.gd:28)
ERROR: res://tests/modules/mind_cultivation/test_mind_power_curve.gd :: T = P^0.55 at foundation: expected 50.8760072958172, got 0.0
   at: push_error (core/variant/variant_utility.cpp:1023)
   GDScript backtrace (most recent call first):
       [0] _initialize (res://tests/run_tests.gd:28)
ERROR: res://tests/modules/mind_cultivation/test_mind_power_curve.gd :: T = P^0.55 at core_formation: expected 57.519291519201, got 0.0
   at: push_error (core/variant/variant_utility.cpp:1023)
   GDScript backtrace (most recent call first):
       [0] _initialize (res://tests/run_tests.gd:28)
ERROR: res://tests/modules/mind_cultivation/test_mind_power_curve.gd :: T = P^0.55 at nascent_soul: expected 65.0300421106912, got 0.0
   at: push_error (core/variant/variant_utility.cpp:1023)
   GDScript backtrace (most recent call first):
       [0] _initialize (res://tests/run_tests.gd:28)
ERROR: res://tests/modules/mind_cultivation/test_mind_power_curve.gd :: T = P^0.55 at spirit_transformation: expected 73.5215310415739, got 0.0
   at: push_error (core/variant/variant_utility.cpp:1023)
   GDScript backtrace (most recent call first):
       [0] _initialize (res://tests/run_tests.gd:28)
ERROR: res://tests/modules/mind_cultivation/test_mind_power_curve.gd :: T = P^0.55 at void_refinement: expected 83.1218211037948, got 0.0
   at: push_error (core/variant/variant_utility.cpp:1023)
   GDScript backtrace (most recent call first):
       [0] _initialize (res://tests/run_tests.gd:28)
ERROR: res://tests/modules/mind_cultivation/test_mind_power_curve.gd :: T = P^0.55 at body_integration: expected 93.9756972648505, got 0.0
   at: push_error (core/variant/variant_utility.cpp:1023)
   GDScript backtrace (most recent call first):
       [0] _initialize (res://tests/run_tests.gd:28)
ERROR: res://tests/modules/mind_cultivation/test_mind_power_curve.gd :: T = P^0.55 at great_ascension: expected 106.246850215023, got 0.0
   at: push_error (core/variant/variant_utility.cpp:1023)
   GDScript backtrace (most recent call first):
       [0] _initialize (res://tests/run_tests.gd:28)
ERROR: res://tests/modules/mind_cultivation/test_mind_power_curve.gd :: T = P^0.55 at tribulation: expected 120.120345037714, got 0.0
   at: push_error (core/variant/variant_utility.cpp:1023)
   GDScript backtrace (most recent call first):
       [0] _initialize (res://tests/run_tests.gd:28)
ERROR: res://tests/modules/mind_cultivation/test_mind_power_curve.gd :: T = P^0.55 at spirit_condensation: expected 377.914163249731, got 0.0
   at: push_error (core/variant/variant_utility.cpp:1023)
   GDScript backtrace (most recent call first):
       [0] _initialize (res://tests/run_tests.gd:28)
ERROR: res://tests/modules/mind_cultivation/test_mind_power_curve.gd :: T = P^0.55 at spirit_sea: expected 421.590751700646, got 0.0
   at: push_error (core/variant/variant_utility.cpp:1023)
   GDScript backtrace (most recent call first):
       [0] _initialize (res://tests/run_tests.gd:28)
ERROR: res://tests/modules/mind_cultivation/test_mind_power_curve.gd :: T = P^0.55 at spirit_palace: expected 470.315164668924, got 0.0
   at: push_error (core/variant/variant_utility.cpp:1023)
   GDScript backtrace (most recent call first):
       [0] _initialize (res://tests/run_tests.gd:28)
ERROR: res://tests/modules/mind_cultivation/test_mind_power_curve.gd :: T = P^0.55 at spirit_manifestation: expected 524.670793240311, got 0.0
   at: push_error (core/variant/variant_utility.cpp:1023)
   GDScript backtrace (most recent call first):
       [0] _initialize (res://tests/run_tests.gd:28)
ERROR: res://tests/modules/mind_cultivation/test_mind_power_curve.gd :: T = P^0.55 at spirit_severing: expected 585.308452627078, got 0.0
   at: push_error (core/variant/variant_utility.cpp:1023)
   GDScript backtrace (most recent call first):
       [0] _initialize (res://tests/run_tests.gd:28)
ERROR: res://tests/modules/mind_cultivation/test_mind_power_curve.gd :: T = P^0.55 at spirit_unity: expected 652.954174561404, got 0.0
   at: push_error (core/variant/variant_utility.cpp:1023)
   GDScript backtrace (most recent call first):
       [0] _initialize (res://tests/run_tests.gd:28)
ERROR: res://tests/modules/mind_cultivation/test_mind_power_curve.gd :: T = P^0.55 at spirit_domain: expected 728.417900277287, got 0.0
   at: push_error (core/variant/variant_utility.cpp:1023)
   GDScript backtrace (most recent call first):
       [0] _initialize (res://tests/run_tests.gd:28)
ERROR: res://tests/modules/mind_cultivation/test_mind_power_curve.gd :: T = P^0.55 at spirit_sovereign: expected 812.603178164496, got 0.0
   at: push_error (core/variant/variant_utility.cpp:1023)
   GDScript backtrace (most recent call first):
       [0] _initialize (res://tests/run_tests.gd:28)
ERROR: res://tests/modules/mind_cultivation/test_mind_power_curve.gd :: T = P^0.55 at spirit_ascension: expected 906.517982207293, got 0.0
   at: push_error (core/variant/variant_utility.cpp:1023)
   GDScript backtrace (most recent call first):
       [0] _initialize (res://tests/run_tests.gd:28)
ERROR: res://tests/modules/mind_cultivation/test_mind_power_curve.gd :: T = P^0.55 at earth_immortal: expected 2479.1701194604, got 0.0
   at: push_error (core/variant/variant_utility.cpp:1023)
   GDScript backtrace (most recent call first):
       [0] _initialize (res://tests/run_tests.gd:28)
ERROR: res://tests/modules/mind_cultivation/test_mind_power_curve.gd :: T = P^0.55 at heaven_immortal: expected 2740.66538226803, got 0.0
   at: push_error (core/variant/variant_utility.cpp:1023)
   GDScript backtrace (most recent call first):
       [0] _initialize (res://tests/run_tests.gd:28)
ERROR: res://tests/modules/mind_cultivation/test_mind_power_curve.gd :: T = P^0.55 at golden_immortal: expected 3029.74236362498, got 0.0
   at: push_error (core/variant/variant_utility.cpp:1023)
   GDScript backtrace (most recent call first):
       [0] _initialize (res://tests/run_tests.gd:28)
ERROR: res://tests/modules/mind_cultivation/test_mind_power_curve.gd :: T = P^0.55 at mystic_immortal: expected 3349.31029863541, got 0.0
   at: push_error (core/variant/variant_utility.cpp:1023)
   GDScript backtrace (most recent call first):
       [0] _initialize (res://tests/run_tests.gd:28)
ERROR: res://tests/modules/mind_cultivation/test_mind_power_curve.gd :: T = P^0.55 at true_immortal: expected 3702.58527960227, got 0.0
   at: push_error (core/variant/variant_utility.cpp:1023)
   GDScript backtrace (most recent call first):
       [0] _initialize (res://tests/run_tests.gd:28)
ERROR: res://tests/modules/mind_cultivation/test_mind_power_curve.gd :: T = P^0.55 at primordial_immortal: expected 4093.12262238373, got 0.0
   at: push_error (core/variant/variant_utility.cpp:1023)
   GDScript backtrace (most recent call first):
       [0] _initialize (res://tests/run_tests.gd:28)
ERROR: res://tests/modules/mind_cultivation/test_mind_power_curve.gd :: T = P^0.55 at great_luo: expected 4524.85264665373, got 0.0
   at: push_error (core/variant/variant_utility.cpp:1023)
   GDScript backtrace (most recent call first):
       [0] _initialize (res://tests/run_tests.gd:28)
ERROR: res://tests/modules/mind_cultivation/test_mind_power_curve.gd :: T = P^0.55 at dao_fruit: expected 5002.12023015464, got 0.0
   at: push_error (core/variant/variant_utility.cpp:1023)
   GDScript backtrace (most recent call first):
       [0] _initialize (res://tests/run_tests.gd:28)
ERROR: res://tests/modules/mind_cultivation/test_mind_power_curve.gd :: T = P^0.55 at immortal_sovereign: expected 5529.72853501124, got 0.0
   at: push_error (core/variant/variant_utility.cpp:1023)
   GDScript backtrace (most recent call first):
       [0] _initialize (res://tests/run_tests.gd:28)
ERROR: res://tests/modules/mind_cultivation/test_mind_power_curve.gd :: T = P^0.55 at transcendent: expected 94156.78973327, got 0.0
   at: push_error (core/variant/variant_utility.cpp:1023)
   GDScript backtrace (most recent call first):
       [0] _initialize (res://tests/run_tests.gd:28)
ERROR: res://tests/modules/mind_cultivation/test_mind_power_curve.gd :: T = P^0.55 at dao_ancestor: expected 111054.258197968, got 0.0
   at: push_error (core/variant/variant_utility.cpp:1023)
   GDScript backtrace (most recent call first):
       [0] _initialize (res://tests/run_tests.gd:28)
ERROR: res://tests/modules/mind_cultivation/test_mind_power_curve.gd :: T = P^0.55 at primordial_origin: expected 130984.162680549, got 0.0
   at: push_error (core/variant/variant_utility.cpp:1023)
   GDScript backtrace (most recent call first):
       [0] _initialize (res://tests/run_tests.gd:28)
ERROR: res://tests/modules/mind_cultivation/test_mind_power_curve.gd :: technique power rises at qi_refining: expected true, got false
   at: push_error (core/variant/variant_utility.cpp:1023)
   GDScript backtrace (most recent call first):
       [0] _initialize (res://tests/run_tests.gd:28)
ERROR: res://tests/modules/mind_cultivation/test_mind_power_curve.gd :: technique power rises at foundation: expected true, got false
   at: push_error (core/variant/variant_utility.cpp:1023)
   GDScript backtrace (most recent call first):
       [0] _initialize (res://tests/run_tests.gd:28)
ERROR: res://tests/modules/mind_cultivation/test_mind_power_curve.gd :: technique power rises at core_formation: expected true, got false
   at: push_error (core/variant/variant_utility.cpp:1023)
   GDScript backtrace (most recent call first):
       [0] _initialize (res://tests/run_tests.gd:28)
ERROR: res://tests/modules/mind_cultivation/test_mind_power_curve.gd :: technique power rises at nascent_soul: expected true, got false
   at: push_error (core/variant/variant_utility.cpp:1023)
   GDScript backtrace (most recent call first):
       [0] _initialize (res://tests/run_tests.gd:28)
ERROR: res://tests/modules/mind_cultivation/test_mind_power_curve.gd :: technique power rises at spirit_transformation: expected true, got false
   at: push_error (core/variant/variant_utility.cpp:1023)
   GDScript backtrace (most recent call first):
       [0] _initialize (res://tests/run_tests.gd:28)
ERROR: res://tests/modules/mind_cultivation/test_mind_power_curve.gd :: technique power rises at void_refinement: expected true, got false
   at: push_error (core/variant/variant_utility.cpp:1023)
   GDScript backtrace (most recent call first):
       [0] _initialize (res://tests/run_tests.gd:28)
ERROR: res://tests/modules/mind_cultivation/test_mind_power_curve.gd :: technique power rises at body_integration: expected true, got false
   at: push_error (core/variant/variant_utility.cpp:1023)
   GDScript backtrace (most recent call first):
       [0] _initialize (res://tests/run_tests.gd:28)
ERROR: res://tests/modules/mind_cultivation/test_mind_power_curve.gd :: technique power rises at great_ascension: expected true, got false
   at: push_error (core/variant/variant_utility.cpp:1023)
   GDScript backtrace (most recent call first):
       [0] _initialize (res://tests/run_tests.gd:28)
ERROR: res://tests/modules/mind_cultivation/test_mind_power_curve.gd :: technique power rises at tribulation: expected true, got false
   at: push_error (core/variant/variant_utility.cpp:1023)
   GDScript backtrace (most recent call first):
       [0] _initialize (res://tests/run_tests.gd:28)
ERROR: res://tests/modules/mind_cultivation/test_mind_power_curve.gd :: technique power rises at spirit_condensation: expected true, got false
   at: push_error (core/variant/variant_utility.cpp:1023)
   GDScript backtrace (most recent call first):
       [0] _initialize (res://tests/run_tests.gd:28)
ERROR: res://tests/modules/mind_cultivation/test_mind_power_curve.gd :: technique power rises at spirit_sea: expected true, got false
   at: push_error (core/variant/variant_utility.cpp:1023)
   GDScript backtrace (most recent call first):
       [0] _initialize (res://tests/run_tests.gd:28)
ERROR: res://tests/modules/mind_cultivation/test_mind_power_curve.gd :: technique power rises at spirit_palace: expected true, got false
   at: push_error (core/variant/variant_utility.cpp:1023)
   GDScript backtrace (most recent call first):
       [0] _initialize (res://tests/run_tests.gd:28)
ERROR: res://tests/modules/mind_cultivation/test_mind_power_curve.gd :: technique power rises at spirit_manifestation: expected true, got false
   at: push_error (core/variant/variant_utility.cpp:1023)
   GDScript backtrace (most recent call first):
       [0] _initialize (res://tests/run_tests.gd:28)
ERROR: res://tests/modules/mind_cultivation/test_mind_power_curve.gd :: technique power rises at spirit_severing: expected true, got false
   at: push_error (core/variant/variant_utility.cpp:1023)
   GDScript backtrace (most recent call first):
       [0] _initialize (res://tests/run_tests.gd:28)
ERROR: res://tests/modules/mind_cultivation/test_mind_power_curve.gd :: technique power rises at spirit_unity: expected true, got false
   at: push_error (core/variant/variant_utility.cpp:1023)
   GDScript backtrace (most recent call first):
       [0] _initialize (res://tests/run_tests.gd:28)
ERROR: res://tests/modules/mind_cultivation/test_mind_power_curve.gd :: technique power rises at spirit_domain: expected true, got false
   at: push_error (core/variant/variant_utility.cpp:1023)
   GDScript backtrace (most recent call first):
       [0] _initialize (res://tests/run_tests.gd:28)
ERROR: res://tests/modules/mind_cultivation/test_mind_power_curve.gd :: technique power rises at spirit_sovereign: expected true, got false
   at: push_error (core/variant/variant_utility.cpp:1023)
   GDScript backtrace (most recent call first):
       [0] _initialize (res://tests/run_tests.gd:28)
ERROR: res://tests/modules/mind_cultivation/test_mind_power_curve.gd :: technique power rises at spirit_ascension: expected true, got false
   at: push_error (core/variant/variant_utility.cpp:1023)
   GDScript backtrace (most recent call first):
       [0] _initialize (res://tests/run_tests.gd:28)
ERROR: res://tests/modules/mind_cultivation/test_mind_power_curve.gd :: technique power rises at earth_immortal: expected true, got false
   at: push_error (core/variant/variant_utility.cpp:1023)
   GDScript backtrace (most recent call first):
       [0] _initialize (res://tests/run_tests.gd:28)
ERROR: res://tests/modules/mind_cultivation/test_mind_power_curve.gd :: technique power rises at heaven_immortal: expected true, got false
   at: push_error (core/variant/variant_utility.cpp:1023)
   GDScript backtrace (most recent call first):
       [0] _initialize (res://tests/run_tests.gd:28)
ERROR: res://tests/modules/mind_cultivation/test_mind_power_curve.gd :: technique power rises at golden_immortal: expected true, got false
   at: push_error (core/variant/variant_utility.cpp:1023)
   GDScript backtrace (most recent call first):
       [0] _initialize (res://tests/run_tests.gd:28)
ERROR: res://tests/modules/mind_cultivation/test_mind_power_curve.gd :: technique power rises at mystic_immortal: expected true, got false
   at: push_error (core/variant/variant_utility.cpp:1023)
   GDScript backtrace (most recent call first):
       [0] _initialize (res://tests/run_tests.gd:28)
ERROR: res://tests/modules/mind_cultivation/test_mind_power_curve.gd :: technique power rises at true_immortal: expected true, got false
   at: push_error (core/variant/variant_utility.cpp:1023)
   GDScript backtrace (most recent call first):
       [0] _initialize (res://tests/run_tests.gd:28)
ERROR: res://tests/modules/mind_cultivation/test_mind_power_curve.gd :: technique power rises at primordial_immortal: expected true, got false
   at: push_error (core/variant/variant_utility.cpp:1023)
   GDScript backtrace (most recent call first):
       [0] _initialize (res://tests/run_tests.gd:28)
ERROR: res://tests/modules/mind_cultivation/test_mind_power_curve.gd :: technique power rises at great_luo: expected true, got false
   at: push_error (core/variant/variant_utility.cpp:1023)
   GDScript backtrace (most recent call first):
       [0] _initialize (res://tests/run_tests.gd:28)
ERROR: res://tests/modules/mind_cultivation/test_mind_power_curve.gd :: technique power rises at dao_fruit: expected true, got false
   at: push_error (core/variant/variant_utility.cpp:1023)
   GDScript backtrace (most recent call first):
       [0] _initialize (res://tests/run_tests.gd:28)
ERROR: res://tests/modules/mind_cultivation/test_mind_power_curve.gd :: technique power rises at immortal_sovereign: expected true, got false
   at: push_error (core/variant/variant_utility.cpp:1023)
   GDScript backtrace (most recent call first):
       [0] _initialize (res://tests/run_tests.gd:28)
ERROR: res://tests/modules/mind_cultivation/test_mind_power_curve.gd :: technique power rises at transcendent: expected true, got false
   at: push_error (core/variant/variant_utility.cpp:1023)
   GDScript backtrace (most recent call first):
       [0] _initialize (res://tests/run_tests.gd:28)
ERROR: res://tests/modules/mind_cultivation/test_mind_power_curve.gd :: technique power rises at dao_ancestor: expected true, got false
   at: push_error (core/variant/variant_utility.cpp:1023)
   GDScript backtrace (most recent call first):
       [0] _initialize (res://tests/run_tests.gd:28)
ERROR: res://tests/modules/mind_cultivation/test_mind_power_curve.gd :: technique power rises at primordial_origin: expected true, got false
   at: push_error (core/variant/variant_utility.cpp:1023)
   GDScript backtrace (most recent call first):
       [0] _initialize (res://tests/run_tests.gd:28)
ERROR: res://tests/modules/mind_cultivation/test_mind_power_curve.gd :: R1 technique power: expected 45.0, got 0.0
   at: push_error (core/variant/variant_utility.cpp:1023)
   GDScript backtrace (most recent call first):
       [0] _initialize (res://tests/run_tests.gd:28)
ERROR: res://tests/modules/mind_cultivation/test_mind_power_curve.gd :: R30 technique power: expected 1519.7156, got 0.0
   at: push_error (core/variant/variant_utility.cpp:1023)
   GDScript backtrace (most recent call first):
       [0] _initialize (res://tests/run_tests.gd:28)
ERROR: res://tests/modules/mind_cultivation/test_mind_power_curve.gd :: R30 is at least 10x R1 (measured -nan): expected true, got false
   at: push_error (core/variant/variant_utility.cpp:1023)
   GDScript backtrace (most recent call first):
       [0] _initialize (res://tests/run_tests.gd:28)
SCRIPT ERROR: Parse Error: Could not resolve external class member "provider".
   at: GDScript::reload (res://tests/modules/mind_cultivation/test_mind_provider.gd:203)
   GDScript backtrace (most recent call first):
       [0] _initialize (res://tests/run_tests.gd:13)
SCRIPT ERROR: Parse Error: Cannot infer the type of "provider" variable because the value doesn't have a set type.
   at: GDScript::reload (res://tests/modules/mind_cultivation/test_mind_provider.gd:203)
   GDScript backtrace (most recent call first):
       [0] _initialize (res://tests/run_tests.gd:13)
SCRIPT ERROR: Parse Error: Could not parse global class "MindProvider" from "res://src/modules/mind_cultivation/provider.gd".
   at: GDScript::reload (res://tests/modules/mind_cultivation/test_mind_provider.gd:205)
   GDScript backtrace (most recent call first):
       [0] _initialize (res://tests/run_tests.gd:13)
ERROR: Failed to load script "res://tests/modules/mind_cultivation/test_mind_provider.gd" with error "Parse error".
   at: load (modules/gdscript/gdscript_resource_format.cpp:46)
   GDScript backtrace (most recent call first):
       [0] _initialize (res://tests/run_tests.gd:13)
ERROR: res://tests/modules/mind_cultivation/test_mind_provider.gd :: failed to load suite
   at: push_error (core/variant/variant_utility.cpp:1023)
   GDScript backtrace (most recent call first):
       [0] _initialize (res://tests/run_tests.gd:15)
SCRIPT ERROR: Invalid call. Nonexistent function 'attach' in base 'GDScript'.
   at: _actor (res://tests/modules/mind_cultivation/test_mind_training.gd:11)
   GDScript backtrace (most recent call first):
       [0] _actor (res://tests/modules/mind_cultivation/test_mind_training.gd:11)
       [1] test_breakthrough_blocked_before_requirements (res://tests/modules/mind_cultivation/test_mind_training.gd:151)
       [2] _initialize (res://tests/run_tests.gd:24)
SCRIPT ERROR: Invalid call. Nonexistent function 'get_module_data' in base 'Nil'.
   at: attempt (res://src/modules/mind_cultivation/advancement.gd:108)
   GDScript backtrace (most recent call first):
       [0] attempt (res://src/modules/mind_cultivation/advancement.gd:108)
       [1] active_attempt (res://src/modules/mind_cultivation/advancement.gd:116)
       [2] start (res://src/modules/mind_cultivation/advancement.gd:137)
       [3] try_breakthrough (res://src/modules/mind_cultivation/advancement.gd:280)
       [4] test_breakthrough_blocked_before_requirements (res://tests/modules/mind_cultivation/test_mind_training.gd:154)
       [5] _initialize (res://tests/run_tests.gd:24)
SCRIPT ERROR: Invalid call. Nonexistent function 'path' in base 'Nil'.
   at: start (res://src/modules/mind_cultivation/advancement.gd:139)
   GDScript backtrace (most recent call first):
       [0] start (res://src/modules/mind_cultivation/advancement.gd:139)
       [1] try_breakthrough (res://src/modules/mind_cultivation/advancement.gd:280)
       [2] test_breakthrough_blocked_before_requirements (res://tests/modules/mind_cultivation/test_mind_training.gd:154)
       [3] _initialize (res://tests/run_tests.gd:24)
SCRIPT ERROR: Invalid call. Nonexistent function 'attach' in base 'GDScript'.
   at: _actor (res://tests/modules/mind_cultivation/test_mind_training.gd:11)
   GDScript backtrace (most recent call first):
       [0] _actor (res://tests/modules/mind_cultivation/test_mind_training.gd:11)
       [1] test_breakthrough_condition_describes_itself (res://tests/modules/mind_cultivation/test_mind_training.gd:158)
       [2] _initialize (res://tests/run_tests.gd:24)
SCRIPT ERROR: Invalid call. Nonexistent function 'path' in base 'Nil'.
   at: test_breakthrough_condition_describes_itself (res://tests/modules/mind_cultivation/test_mind_training.gd:160)
   GDScript backtrace (most recent call first):
       [0] test_breakthrough_condition_describes_itself (res://tests/modules/mind_cultivation/test_mind_training.gd:160)
       [1] _initialize (res://tests/run_tests.gd:24)
SCRIPT ERROR: Invalid call. Nonexistent function 'attach' in base 'GDScript'.
   at: _actor (res://tests/modules/mind_cultivation/test_mind_training.gd:11)
   GDScript backtrace (most recent call first):
       [0] _actor (res://tests/modules/mind_cultivation/test_mind_training.gd:11)
       [1] test_breakthrough_condition_passes_once_prepared (res://tests/modules/mind_cultivation/test_mind_training.gd:186)
       [2] _initialize (res://tests/run_tests.gd:24)
SCRIPT ERROR: Invalid call. Nonexistent function 'path' in base 'Nil'.
   at: _prepare (res://tests/modules/mind_cultivation/test_mind_training.gd:32)
   GDScript backtrace (most recent call first):
       [0] _prepare (res://tests/modules/mind_cultivation/test_mind_training.gd:32)
       [1] test_breakthrough_condition_passes_once_prepared (res://tests/modules/mind_cultivation/test_mind_training.gd:187)
       [2] _initialize (res://tests/run_tests.gd:24)
SCRIPT ERROR: Invalid call. Nonexistent function 'path' in base 'Nil'.
   at: test_breakthrough_condition_passes_once_prepared (res://tests/modules/mind_cultivation/test_mind_training.gd:189)
   GDScript backtrace (most recent call first):
       [0] test_breakthrough_condition_passes_once_prepared (res://tests/modules/mind_cultivation/test_mind_training.gd:189)
       [1] _initialize (res://tests/run_tests.gd:24)
SCRIPT ERROR: Invalid call. Nonexistent function 'attach' in base 'GDScript'.
   at: _actor (res://tests/modules/mind_cultivation/test_mind_training.gd:11)
   GDScript backtrace (most recent call first):
       [0] _actor (res://tests/modules/mind_cultivation/test_mind_training.gd:11)
       [1] test_breakthrough_consumes_the_pill (res://tests/modules/mind_cultivation/test_mind_training.gd:209)
       [2] _initialize (res://tests/run_tests.gd:24)
SCRIPT ERROR: Invalid call. Nonexistent function 'path' in base 'Nil'.
   at: _prepare (res://tests/modules/mind_cultivation/test_mind_training.gd:32)
   GDScript backtrace (most recent call first):
       [0] _prepare (res://tests/modules/mind_cultivation/test_mind_training.gd:32)
       [1] test_breakthrough_consumes_the_pill (res://tests/modules/mind_cultivation/test_mind_training.gd:215)
       [2] _initialize (res://tests/run_tests.gd:24)
SCRIPT ERROR: Invalid call. Nonexistent function 'component' in base 'Nil'.
   at: inventory (res://src/modules/items/api.gd:26)
   GDScript backtrace (most recent call first):
       [0] inventory (res://src/modules/items/api.gd:26)
       [1] has_item (res://src/modules/items/api.gd:40)
       [2] test_breakthrough_consumes_the_pill (res://tests/modules/mind_cultivation/test_mind_training.gd:223)
       [3] _initialize (res://tests/run_tests.gd:24)
SCRIPT ERROR: Invalid call. Nonexistent function 'attach' in base 'GDScript'.
   at: _actor (res://tests/modules/mind_cultivation/test_mind_training.gd:11)
   GDScript backtrace (most recent call first):
       [0] _actor (res://tests/modules/mind_cultivation/test_mind_training.gd:11)
       [1] test_breakthrough_succeeds_and_advances (res://tests/modules/mind_cultivation/test_mind_training.gd:193)
       [2] _initialize (res://tests/run_tests.gd:24)
SCRIPT ERROR: Invalid call. Nonexistent function 'path' in base 'Nil'.
   at: test_breakthrough_succeeds_and_advances (res://tests/modules/mind_cultivation/test_mind_training.gd:194)
   GDScript backtrace (most recent call first):
       [0] test_breakthrough_succeeds_and_advances (res://tests/modules/mind_cultivation/test_mind_training.gd:194)
       [1] _initialize (res://tests/run_tests.gd:24)
SCRIPT ERROR: Invalid call. Nonexistent function 'attach' in base 'GDScript'.
   at: _actor (res://tests/modules/mind_cultivation/test_mind_training.gd:11)
   GDScript backtrace (most recent call first):
       [0] _actor (res://tests/modules/mind_cultivation/test_mind_training.gd:11)
       [1] test_cultivate_fills_the_sea_and_advances_progress (res://tests/modules/mind_cultivation/test_mind_training.gd:89)
       [2] _initialize (res://tests/run_tests.gd:24)
SCRIPT ERROR: Invalid call. Nonexistent function 'sea' in base 'GDScript'.
   at: test_cultivate_fills_the_sea_and_advances_progress (res://tests/modules/mind_cultivation/test_mind_training.gd:90)
   GDScript backtrace (most recent call first):
       [0] test_cultivate_fills_the_sea_and_advances_progress (res://tests/modules/mind_cultivation/test_mind_training.gd:90)
       [1] _initialize (res://tests/run_tests.gd:24)
SCRIPT ERROR: Invalid call. Nonexistent function 'attach' in base 'GDScript'.
   at: _actor (res://tests/modules/mind_cultivation/test_mind_training.gd:11)
   GDScript backtrace (most recent call first):
       [0] _actor (res://tests/modules/mind_cultivation/test_mind_training.gd:11)
       [1] test_cultivate_sharpens_clarity (res://tests/modules/mind_cultivation/test_mind_training.gd:98)
       [2] _initialize (res://tests/run_tests.gd:24)
SCRIPT ERROR: Invalid call. Nonexistent function 'sea' in base 'GDScript'.
   at: test_cultivate_sharpens_clarity (res://tests/modules/mind_cultivation/test_mind_training.gd:99)
   GDScript backtrace (most recent call first):
       [0] test_cultivate_sharpens_clarity (res://tests/modules/mind_cultivation/test_mind_training.gd:99)
       [1] _initialize (res://tests/run_tests.gd:24)
SCRIPT ERROR: Invalid call. Nonexistent function 'attach' in base 'GDScript'.
   at: _actor (res://tests/modules/mind_cultivation/test_mind_training.gd:11)
   GDScript backtrace (most recent call first):
       [0] _actor (res://tests/modules/mind_cultivation/test_mind_training.gd:11)
       [1] test_cultivate_stops_when_the_sea_is_full (res://tests/modules/mind_cultivation/test_mind_training.gd:106)
       [2] _initialize (res://tests/run_tests.gd:24)
SCRIPT ERROR: Invalid call. Nonexistent function 'sea' in base 'GDScript'.
   at: test_cultivate_stops_when_the_sea_is_full (res://tests/modules/mind_cultivation/test_mind_training.gd:107)
   GDScript backtrace (most recent call first):
       [0] test_cultivate_stops_when_the_sea_is_full (res://tests/modules/mind_cultivation/test_mind_training.gd:107)
       [1] _initialize (res://tests/run_tests.gd:24)
SCRIPT ERROR: Invalid call. Nonexistent function 'attach' in base 'GDScript'.
   at: _actor (res://tests/modules/mind_cultivation/test_mind_training.gd:11)
   GDScript backtrace (most recent call first):
       [0] _actor (res://tests/modules/mind_cultivation/test_mind_training.gd:11)
       [1] test_deviation_turbulates_the_sea_and_damages_a_channel (res://tests/modules/mind_cultivation/test_mind_training.gd:227)
       [2] _initialize (res://tests/run_tests.gd:24)
SCRIPT ERROR: Invalid call. Nonexistent function 'path' in base 'Nil'.
   at: _prepare (res://tests/modules/mind_cultivation/test_mind_training.gd:32)
   GDScript backtrace (most recent call first):
       [0] _prepare (res://tests/modules/mind_cultivation/test_mind_training.gd:32)
       [1] test_deviation_turbulates_the_sea_and_damages_a_channel (res://tests/modules/mind_cultivation/test_mind_training.gd:228)
       [2] _initialize (res://tests/run_tests.gd:24)
SCRIPT ERROR: Invalid call. Nonexistent function 'path' in base 'Nil'.
   at: test_deviation_turbulates_the_sea_and_damages_a_channel (res://tests/modules/mind_cultivation/test_mind_training.gd:230)
   GDScript backtrace (most recent call first):
       [0] test_deviation_turbulates_the_sea_and_damages_a_channel (res://tests/modules/mind_cultivation/test_mind_training.gd:230)
       [1] _initialize (res://tests/run_tests.gd:24)
SCRIPT ERROR: Invalid call. Nonexistent function 'attach' in base 'GDScript'.
   at: _actor (res://tests/modules/mind_cultivation/test_mind_training.gd:11)
   GDScript backtrace (most recent call first):
       [0] _actor (res://tests/modules/mind_cultivation/test_mind_training.gd:11)
       [1] test_meditate_calms_turbulence (res://tests/modules/mind_cultivation/test_mind_training.gd:113)
       [2] _initialize (res://tests/run_tests.gd:24)
SCRIPT ERROR: Invalid call. Nonexistent function 'sea' in base 'GDScript'.
   at: test_meditate_calms_turbulence (res://tests/modules/mind_cultivation/test_mind_training.gd:114)
   GDScript backtrace (most recent call first):
       [0] test_meditate_calms_turbulence (res://tests/modules/mind_cultivation/test_mind_training.gd:114)
       [1] _initialize (res://tests/run_tests.gd:24)
SCRIPT ERROR: Invalid call. Nonexistent function 'attach' in base 'GDScript'.
   at: _actor (res://tests/modules/mind_cultivation/test_mind_training.gd:11)
   GDScript backtrace (most recent call first):
       [0] _actor (res://tests/modules/mind_cultivation/test_mind_training.gd:11)
       [1] test_meditate_is_a_noop_when_calm (res://tests/modules/mind_cultivation/test_mind_training.gd:121)
       [2] _initialize (res://tests/run_tests.gd:24)
SCRIPT ERROR: Invalid call. Nonexistent function 'sea' in base 'GDScript'.
   at: meditate (res://src/modules/mind_cultivation/training.gd:69)
   GDScript backtrace (most recent call first):
       [0] meditate (res://src/modules/mind_cultivation/training.gd:69)
       [1] test_meditate_is_a_noop_when_calm (res://tests/modules/mind_cultivation/test_mind_training.gd:122)
       [2] _initialize (res://tests/run_tests.gd:24)
SCRIPT ERROR: Invalid call. Nonexistent function 'attach' in base 'GDScript'.
   at: _actor (res://tests/modules/mind_cultivation/test_mind_training.gd:11)
   GDScript backtrace (most recent call first):
       [0] _actor (res://tests/modules/mind_cultivation/test_mind_training.gd:11)
       [1] test_synchronize_scales_capacity_with_meridian_bonus (res://tests/modules/mind_cultivation/test_mind_training.gd:76)
       [2] _initialize (res://tests/run_tests.gd:24)
SCRIPT ERROR: Invalid call. Nonexistent function 'sea' in base 'GDScript'.
   at: test_synchronize_scales_capacity_with_meridian_bonus (res://tests/modules/mind_cultivation/test_mind_training.gd:77)
   GDScript backtrace (most recent call first):
       [0] test_synchronize_scales_capacity_with_meridian_bonus (res://tests/modules/mind_cultivation/test_mind_training.gd:77)
       [1] _initialize (res://tests/run_tests.gd:24)
SCRIPT ERROR: Invalid call. Nonexistent function 'attach' in base 'GDScript'.
   at: _actor (res://tests/modules/mind_cultivation/test_mind_training.gd:11)
   GDScript backtrace (most recent call first):
       [0] _actor (res://tests/modules/mind_cultivation/test_mind_training.gd:11)
       [1] test_synchronize_sets_capacity_and_tier (res://tests/modules/mind_cultivation/test_mind_training.gd:68)
       [2] _initialize (res://tests/run_tests.gd:24)
SCRIPT ERROR: Invalid call. Nonexistent function 'sea' in base 'GDScript'.
   at: test_synchronize_sets_capacity_and_tier (res://tests/modules/mind_cultivation/test_mind_training.gd:69)
   GDScript backtrace (most recent call first):
       [0] test_synchronize_sets_capacity_and_tier (res://tests/modules/mind_cultivation/test_mind_training.gd:69)
       [1] _initialize (res://tests/run_tests.gd:24)
SCRIPT ERROR: Invalid call. Nonexistent function 'attach' in base 'GDScript'.
   at: _actor (res://tests/modules/mind_cultivation/test_mind_training.gd:11)
   GDScript backtrace (most recent call first):
       [0] _actor (res://tests/modules/mind_cultivation/test_mind_training.gd:11)
       [1] test_train_channel_repairs_a_damaged_channel (res://tests/modules/mind_cultivation/test_mind_training.gd:140)
       [2] _initialize (res://tests/run_tests.gd:24)
SCRIPT ERROR: Invalid access to property or key 'meridians' on a base object of type 'Nil'.
   at: test_train_channel_repairs_a_damaged_channel (res://tests/modules/mind_cultivation/test_mind_training.gd:141)
   GDScript backtrace (most recent call first):
       [0] test_train_channel_repairs_a_damaged_channel (res://tests/modules/mind_cultivation/test_mind_training.gd:141)
       [1] _initialize (res://tests/run_tests.gd:24)
SCRIPT ERROR: Invalid call. Nonexistent function 'attach' in base 'GDScript'.
   at: _actor (res://tests/modules/mind_cultivation/test_mind_training.gd:11)
   GDScript backtrace (most recent call first):
       [0] _actor (res://tests/modules/mind_cultivation/test_mind_training.gd:11)
       [1] test_train_channel_requires_the_elixir (res://tests/modules/mind_cultivation/test_mind_training.gd:136)
       [2] _initialize (res://tests/run_tests.gd:24)
SCRIPT ERROR: Invalid call. Nonexistent function 'path' in base 'Nil'.
   at: train_channel (res://src/modules/mind_cultivation/training.gd:114)
   GDScript backtrace (most recent call first):
       [0] train_channel (res://src/modules/mind_cultivation/training.gd:114)
       [1] test_train_channel_requires_the_elixir (res://tests/modules/mind_cultivation/test_mind_training.gd:136)
       [2] _initialize (res://tests/run_tests.gd:24)
SCRIPT ERROR: Invalid call. Nonexistent function 'attach' in base 'GDScript'.
   at: _actor (res://tests/modules/mind_cultivation/test_mind_training.gd:11)
   GDScript backtrace (most recent call first):
       [0] _actor (res://tests/modules/mind_cultivation/test_mind_training.gd:11)
       [1] test_train_channel_walks_the_ladder (res://tests/modules/mind_cultivation/test_mind_training.gd:129)
       [2] _initialize (res://tests/run_tests.gd:24)
SCRIPT ERROR: Invalid call. Nonexistent function 'component' in base 'Nil'.
   at: inventory (res://src/modules/items/api.gd:26)
   GDScript backtrace (most recent call first):
       [0] inventory (res://src/modules/items/api.gd:26)
       [1] _stock (res://tests/modules/mind_cultivation/test_mind_training.gd:24)
       [2] test_train_channel_walks_the_ladder (res://tests/modules/mind_cultivation/test_mind_training.gd:130)
       [3] _initialize (res://tests/run_tests.gd:24)
SCRIPT ERROR: Invalid call. Nonexistent function 'add' in base 'Nil'.
   at: _stock (res://tests/modules/mind_cultivation/test_mind_training.gd:24)
   GDScript backtrace (most recent call first):
       [0] _stock (res://tests/modules/mind_cultivation/test_mind_training.gd:24)
       [1] test_train_channel_walks_the_ladder (res://tests/modules/mind_cultivation/test_mind_training.gd:130)
       [2] _initialize (res://tests/run_tests.gd:24)
SCRIPT ERROR: Invalid call. Nonexistent function 'path' in base 'Nil'.
   at: train_channel (res://src/modules/mind_cultivation/training.gd:114)
   GDScript backtrace (most recent call first):
       [0] train_channel (res://src/modules/mind_cultivation/training.gd:114)
       [1] test_train_channel_walks_the_ladder (res://tests/modules/mind_cultivation/test_mind_training.gd:131)
       [2] _initialize (res://tests/run_tests.gd:24)
SCRIPT ERROR: Invalid access to property or key 'meridians' on a base object of type 'Nil'.
   at: test_train_channel_walks_the_ladder (res://tests/modules/mind_cultivation/test_mind_training.gd:132)
   GDScript backtrace (most recent call first):
       [0] test_train_channel_walks_the_ladder (res://tests/modules/mind_cultivation/test_mind_training.gd:132)
       [1] _initialize (res://tests/run_tests.gd:24)
SCRIPT ERROR: Invalid call. Nonexistent function 'attach' in base 'GDScript'.
   at: _actor (res://tests/modules/mind_cultivation/test_mind_training.gd:11)
   GDScript backtrace (most recent call first):
       [0] _actor (res://tests/modules/mind_cultivation/test_mind_training.gd:11)
       [1] test_turbulent_sea_blocks_the_attempt (res://tests/modules/mind_cultivation/test_mind_training.gd:167)
       [2] _initialize (res://tests/run_tests.gd:24)
SCRIPT ERROR: Invalid call. Nonexistent function 'path' in base 'Nil'.
   at: _prepare (res://tests/modules/mind_cultivation/test_mind_training.gd:32)
   GDScript backtrace (most recent call first):
       [0] _prepare (res://tests/modules/mind_cultivation/test_mind_training.gd:32)
       [1] test_turbulent_sea_blocks_the_attempt (res://tests/modules/mind_cultivation/test_mind_training.gd:168)
       [2] _initialize (res://tests/run_tests.gd:24)
SCRIPT ERROR: Invalid call. Nonexistent function 'sea' in base 'GDScript'.
   at: test_turbulent_sea_blocks_the_attempt (res://tests/modules/mind_cultivation/test_mind_training.gd:169)
   GDScript backtrace (most recent call first):
       [0] test_turbulent_sea_blocks_the_attempt (res://tests/modules/mind_cultivation/test_mind_training.gd:169)
       [1] _initialize (res://tests/run_tests.gd:24)
ERROR: res://tests/modules/mind_cultivation/test_mind_training.gd :: seed loaded: expected not <null>, got <null>
   at: push_error (core/variant/variant_utility.cpp:1023)
   GDScript backtrace (most recent call first):
       [0] _initialize (res://tests/run_tests.gd:28)
ERROR: res://tests/modules/mind_cultivation/test_mind_training.gd :: breakthrough succeeded: expected true, got false
   at: push_error (core/variant/variant_utility.cpp:1023)
   GDScript backtrace (most recent call first):
       [0] _initialize (res://tests/run_tests.gd:28)
ERROR: res://tests/modules/mind_cultivation/test_mind_training.gd :: seed loaded: expected not <null>, got <null>
   at: push_error (core/variant/variant_utility.cpp:1023)
   GDScript backtrace (most recent call first):
       [0] _initialize (res://tests/run_tests.gd:28)
ERROR: res://tests/modules/mind_cultivation/test_mind_training.gd :: lung trained: expected true, got false
   at: push_error (core/variant/variant_utility.cpp:1023)
   GDScript backtrace (most recent call first):
       [0] _initialize (res://tests/run_tests.gd:28)
ERROR: res://tests/modules/mind_cultivation/test_mind_training.gd :: seed loaded: expected not <null>, got <null>
   at: push_error (core/variant/variant_utility.cpp:1023)
   GDScript backtrace (most recent call first):
       [0] _initialize (res://tests/run_tests.gd:28)
SCRIPT ERROR: Invalid call. Nonexistent function 'attach' in base 'GDScript'.
   at: _actor (res://tests/modules/mind_cultivation/test_sea_of_consciousness.gd:9)
   GDScript backtrace (most recent call first):
       [0] _actor (res://tests/modules/mind_cultivation/test_sea_of_consciousness.gd:9)
       [1] test_add_turbulence (res://tests/modules/mind_cultivation/test_sea_of_consciousness.gd:51)
       [2] _initialize (res://tests/run_tests.gd:24)
SCRIPT ERROR: Invalid call. Nonexistent function 'sea' in base 'GDScript'.
   at: test_add_turbulence (res://tests/modules/mind_cultivation/test_sea_of_consciousness.gd:52)
   GDScript backtrace (most recent call first):
       [0] test_add_turbulence (res://tests/modules/mind_cultivation/test_sea_of_consciousness.gd:52)
       [1] _initialize (res://tests/run_tests.gd:24)
SCRIPT ERROR: Invalid call. Nonexistent function 'attach' in base 'GDScript'.
   at: test_attach_is_idempotent (res://tests/modules/mind_cultivation/test_sea_of_consciousness.gd:116)
   GDScript backtrace (most recent call first):
       [0] test_attach_is_idempotent (res://tests/modules/mind_cultivation/test_sea_of_consciousness.gd:116)
       [1] _initialize (res://tests/run_tests.gd:24)
SCRIPT ERROR: Invalid call. Nonexistent function 'attach' in base 'GDScript'.
   at: _actor (res://tests/modules/mind_cultivation/test_sea_of_consciousness.gd:9)
   GDScript backtrace (most recent call first):
       [0] _actor (res://tests/modules/mind_cultivation/test_sea_of_consciousness.gd:9)
       [1] test_attach_sea_is_idempotent (res://tests/modules/mind_cultivation/test_sea_of_consciousness.gd:107)
       [2] _initialize (res://tests/run_tests.gd:24)
SCRIPT ERROR: Invalid call. Nonexistent function 'attach_sea' in base 'GDScript'.
   at: test_attach_sea_is_idempotent (res://tests/modules/mind_cultivation/test_sea_of_consciousness.gd:108)
   GDScript backtrace (most recent call first):
       [0] test_attach_sea_is_idempotent (res://tests/modules/mind_cultivation/test_sea_of_consciousness.gd:108)
       [1] _initialize (res://tests/run_tests.gd:24)
SCRIPT ERROR: Invalid call. Nonexistent function 'attach_sea' in base 'GDScript'.
   at: test_attach_sea_sets_capacity_from_base (res://tests/modules/mind_cultivation/test_sea_of_consciousness.gd:102)
   GDScript backtrace (most recent call first):
       [0] test_attach_sea_sets_capacity_from_base (res://tests/modules/mind_cultivation/test_sea_of_consciousness.gd:102)
       [1] _initialize (res://tests/run_tests.gd:24)
SCRIPT ERROR: Invalid call. Nonexistent function 'attach' in base 'GDScript'.
   at: _actor (res://tests/modules/mind_cultivation/test_sea_of_consciousness.gd:9)
   GDScript backtrace (most recent call first):
       [0] _actor (res://tests/modules/mind_cultivation/test_sea_of_consciousness.gd:9)
       [1] test_calmed_clamps_to_zero (res://tests/modules/mind_cultivation/test_sea_of_consciousness.gd:75)
       [2] _initialize (res://tests/run_tests.gd:24)
SCRIPT ERROR: Invalid call. Nonexistent function 'sea' in base 'GDScript'.
   at: test_calmed_clamps_to_zero (res://tests/modules/mind_cultivation/test_sea_of_consciousness.gd:76)
   GDScript backtrace (most recent call first):
       [0] test_calmed_clamps_to_zero (res://tests/modules/mind_cultivation/test_sea_of_consciousness.gd:76)
       [1] _initialize (res://tests/run_tests.gd:24)
SCRIPT ERROR: Invalid call. Nonexistent function 'attach' in base 'GDScript'.
   at: _actor (res://tests/modules/mind_cultivation/test_sea_of_consciousness.gd:9)
   GDScript backtrace (most recent call first):
       [0] _actor (res://tests/modules/mind_cultivation/test_sea_of_consciousness.gd:9)
       [1] test_calmed_reduces_turbulence (res://tests/modules/mind_cultivation/test_sea_of_consciousness.gd:67)
       [2] _initialize (res://tests/run_tests.gd:24)
SCRIPT ERROR: Invalid call. Nonexistent function 'sea' in base 'GDScript'.
   at: test_calmed_reduces_turbulence (res://tests/modules/mind_cultivation/test_sea_of_consciousness.gd:68)
   GDScript backtrace (most recent call first):
       [0] test_calmed_reduces_turbulence (res://tests/modules/mind_cultivation/test_sea_of_consciousness.gd:68)
       [1] _initialize (res://tests/run_tests.gd:24)
SCRIPT ERROR: Invalid call. Nonexistent function 'attach' in base 'GDScript'.
   at: _actor (res://tests/modules/mind_cultivation/test_sea_of_consciousness.gd:9)
   GDScript backtrace (most recent call first):
       [0] _actor (res://tests/modules/mind_cultivation/test_sea_of_consciousness.gd:9)
       [1] test_drain_clamps_to_zero (res://tests/modules/mind_cultivation/test_sea_of_consciousness.gd:33)
       [2] _initialize (res://tests/run_tests.gd:24)
SCRIPT ERROR: Invalid call. Nonexistent function 'sea' in base 'GDScript'.
   at: test_drain_clamps_to_zero (res://tests/modules/mind_cultivation/test_sea_of_consciousness.gd:34)
   GDScript backtrace (most recent call first):
       [0] test_drain_clamps_to_zero (res://tests/modules/mind_cultivation/test_sea_of_consciousness.gd:34)
       [1] _initialize (res://tests/run_tests.gd:24)
SCRIPT ERROR: Invalid call. Nonexistent function 'attach' in base 'GDScript'.
   at: _actor (res://tests/modules/mind_cultivation/test_sea_of_consciousness.gd:9)
   GDScript backtrace (most recent call first):
       [0] _actor (res://tests/modules/mind_cultivation/test_sea_of_consciousness.gd:9)
       [1] test_fill_and_drain (res://tests/modules/mind_cultivation/test_sea_of_consciousness.gd:15)
       [2] _initialize (res://tests/run_tests.gd:24)
SCRIPT ERROR: Invalid call. Nonexistent function 'sea' in base 'GDScript'.
   at: test_fill_and_drain (res://tests/modules/mind_cultivation/test_sea_of_consciousness.gd:16)
   GDScript backtrace (most recent call first):
       [0] test_fill_and_drain (res://tests/modules/mind_cultivation/test_sea_of_consciousness.gd:16)
       [1] _initialize (res://tests/run_tests.gd:24)
SCRIPT ERROR: Invalid call. Nonexistent function 'attach' in base 'GDScript'.
   at: _actor (res://tests/modules/mind_cultivation/test_sea_of_consciousness.gd:9)
   GDScript backtrace (most recent call first):
       [0] _actor (res://tests/modules/mind_cultivation/test_sea_of_consciousness.gd:9)
       [1] test_fill_clamps_to_capacity (res://tests/modules/mind_cultivation/test_sea_of_consciousness.gd:25)
       [2] _initialize (res://tests/run_tests.gd:24)
SCRIPT ERROR: Invalid call. Nonexistent function 'sea' in base 'GDScript'.
   at: test_fill_clamps_to_capacity (res://tests/modules/mind_cultivation/test_sea_of_consciousness.gd:26)
   GDScript backtrace (most recent call first):
       [0] test_fill_clamps_to_capacity (res://tests/modules/mind_cultivation/test_sea_of_consciousness.gd:26)
       [1] _initialize (res://tests/run_tests.gd:24)
SCRIPT ERROR: Invalid call. Nonexistent function 'attach' in base 'GDScript'.
   at: _actor (res://tests/modules/mind_cultivation/test_sea_of_consciousness.gd:9)
   GDScript backtrace (most recent call first):
       [0] _actor (res://tests/modules/mind_cultivation/test_sea_of_consciousness.gd:9)
       [1] test_is_full (res://tests/modules/mind_cultivation/test_sea_of_consciousness.gd:42)
       [2] _initialize (res://tests/run_tests.gd:24)
SCRIPT ERROR: Invalid call. Nonexistent function 'sea' in base 'GDScript'.
   at: test_is_full (res://tests/modules/mind_cultivation/test_sea_of_consciousness.gd:43)
   GDScript backtrace (most recent call first):
       [0] test_is_full (res://tests/modules/mind_cultivation/test_sea_of_consciousness.gd:43)
       [1] _initialize (res://tests/run_tests.gd:24)
SCRIPT ERROR: Invalid call. Nonexistent function 'attach' in base 'GDScript'.
   at: _actor (res://tests/modules/mind_cultivation/test_sea_of_consciousness.gd:9)
   GDScript backtrace (most recent call first):
       [0] _actor (res://tests/modules/mind_cultivation/test_sea_of_consciousness.gd:9)
       [1] test_sea_provider_emits_stats (res://tests/modules/mind_cultivation/test_sea_of_consciousness.gd:122)
       [2] _initialize (res://tests/run_tests.gd:24)
SCRIPT ERROR: Invalid call. Nonexistent function 'sea' in base 'GDScript'.
   at: test_sea_provider_emits_stats (res://tests/modules/mind_cultivation/test_sea_of_consciousness.gd:123)
   GDScript backtrace (most recent call first):
       [0] test_sea_provider_emits_stats (res://tests/modules/mind_cultivation/test_sea_of_consciousness.gd:123)
       [1] _initialize (res://tests/run_tests.gd:24)
SCRIPT ERROR: Invalid call. Nonexistent function 'attach' in base 'GDScript'.
   at: _actor (res://tests/modules/mind_cultivation/test_sea_of_consciousness.gd:9)
   GDScript backtrace (most recent call first):
       [0] _actor (res://tests/modules/mind_cultivation/test_sea_of_consciousness.gd:9)
       [1] test_sea_provider_not_full (res://tests/modules/mind_cultivation/test_sea_of_consciousness.gd:134)
       [2] _initialize (res://tests/run_tests.gd:24)
SCRIPT ERROR: Invalid call. Nonexistent function 'sea' in base 'GDScript'.
   at: test_sea_provider_not_full (res://tests/modules/mind_cultivation/test_sea_of_consciousness.gd:135)
   GDScript backtrace (most recent call first):
       [0] test_sea_provider_not_full (res://tests/modules/mind_cultivation/test_sea_of_consciousness.gd:135)
       [1] _initialize (res://tests/run_tests.gd:24)
SCRIPT ERROR: Invalid call. Nonexistent function 'attach' in base 'GDScript'.
   at: _actor (res://tests/modules/mind_cultivation/test_sea_of_consciousness.gd:9)
   GDScript backtrace (most recent call first):
       [0] _actor (res://tests/modules/mind_cultivation/test_sea_of_consciousness.gd:9)
       [1] test_serialization_round_trip (res://tests/modules/mind_cultivation/test_sea_of_consciousness.gd:83)
       [2] _initialize (res://tests/run_tests.gd:24)
SCRIPT ERROR: Invalid call. Nonexistent function 'sea' in base 'GDScript'.
   at: test_serialization_round_trip (res://tests/modules/mind_cultivation/test_sea_of_consciousness.gd:84)
   GDScript backtrace (most recent call first):
       [0] test_serialization_round_trip (res://tests/modules/mind_cultivation/test_sea_of_consciousness.gd:84)
       [1] _initialize (res://tests/run_tests.gd:24)
SCRIPT ERROR: Invalid call. Nonexistent function 'attach' in base 'GDScript'.
   at: _actor (res://tests/modules/mind_cultivation/test_sea_of_consciousness.gd:9)
   GDScript backtrace (most recent call first):
       [0] _actor (res://tests/modules/mind_cultivation/test_sea_of_consciousness.gd:9)
       [1] test_turbulence_clamps_to_one (res://tests/modules/mind_cultivation/test_sea_of_consciousness.gd:60)
       [2] _initialize (res://tests/run_tests.gd:24)
SCRIPT ERROR: Invalid call. Nonexistent function 'sea' in base 'GDScript'.
   at: test_turbulence_clamps_to_one (res://tests/modules/mind_cultivation/test_sea_of_consciousness.gd:61)
   GDScript backtrace (most recent call first):
       [0] test_turbulence_clamps_to_one (res://tests/modules/mind_cultivation/test_sea_of_consciousness.gd:61)
       [1] _initialize (res://tests/run_tests.gd:24)
SCRIPT ERROR: Invalid call. Nonexistent function 'attach' in base 'GDScript'.
   at: _actor (res://tests/modules/mind_cultivation/test_sea_of_consciousness.gd:9)
   GDScript backtrace (most recent call first):
       [0] _actor (res://tests/modules/mind_cultivation/test_sea_of_consciousness.gd:9)
       [1] test_turbulence_reduces_effective_capacity (res://tests/modules/mind_cultivation/test_sea_of_consciousness.gd:143)
       [2] _initialize (res://tests/run_tests.gd:24)
SCRIPT ERROR: Invalid call. Nonexistent function 'sea' in base 'GDScript'.
   at: test_turbulence_reduces_effective_capacity (res://tests/modules/mind_cultivation/test_sea_of_consciousness.gd:144)
   GDScript backtrace (most recent call first):
       [0] test_turbulence_reduces_effective_capacity (res://tests/modules/mind_cultivation/test_sea_of_consciousness.gd:144)
       [1] _initialize (res://tests/run_tests.gd:24)
SCRIPT ERROR: Invalid call. Nonexistent function 'clear' in base 'RefCounted (Inventory)'.
   at: test_execute_refuses_without_the_pill (res://tests/modules/qi_cultivation/test_qi_breakthrough_transaction.gd:100)
   GDScript backtrace (most recent call first):
       [0] test_execute_refuses_without_the_pill (res://tests/modules/qi_cultivation/test_qi_breakthrough_transaction.gd:100)
       [1] _initialize (res://tests/run_tests.gd:24)
Results: 5053 passed, 154 failed
$ C:\Users\NeneScarlet\AppData\Local\Microsoft\WinGet\Packages\GodotEngine.GodotEngine_Microsoft.Winget.Source_8wekyb3d8bbwe\Godot_v4.7.2-stable_win64_console.exe --headless --path D:\Works\source\chaos-world\game --import
$ C:\Users\NeneScarlet\AppData\Local\Microsoft\WinGet\Packages\GodotEngine.GodotEngine_Microsoft.Winget.Source_8wekyb3d8bbwe\Godot_v4.7.2-stable_win64_console.exe --headless --path D:\Works\source\chaos-world\game -s res://tests/run_tests.gd
